datetime,open,high,low,close,volume,hold
2026-03-19 10:43:00,1083.3,1083.68,1083.3,1083.58,158,81628
2026-03-19 10:44:00,1083.56,1083.92,1083.56,1083.78,160,81633
2026-03-19 10:45:00,1083.76,1083.98,1083.76,1083.98,138,81612
2026-03-19 10:46:00,1083.88,1084.0,1083.82,1083.9,72,81603
2026-03-19 10:47:00,1083.9,1083.9,1083.4,1083.68,267,81534
2026-03-19 10:48:00,1083.68,1083.68,1083.34,1083.44,101,81515
2026-03-19 10:49:00,1083.46,1083.54,1082.94,1083.34,312,81480
2026-03-19 10:50:00,1083.34,1083.42,1083.12,1083.16,25,81465
2026-03-19 10:51:00,1083.16,1083.3,1082.88,1083.02,178,81475
2026-03-19 10:52:00,1083.02,1083.02,1082.62,1082.7,81,81456
2026-03-19 10:53:00,1082.72,1083.0,1082.7,1082.96,154,81423
2026-03-19 10:54:00,1082.98,1083.58,1082.98,1083.52,139,81404
2026-03-19 10:55:00,1083.46,1084.16,1083.46,1084.14,246,81369
2026-03-19 10:56:00,1084.0,1084.46,1084.0,1084.08,180,81363
2026-03-19 10:57:00,1084.08,1084.36,1083.88,1083.94,14,81350
2026-03-19 10:58:00,1083.9,1083.98,1083.64,1083.78,48,81319
2026-03-19 10:59:00,1083.7,1083.74,1083.04,1083.22,23,81266
2026-03-19 11:00:00,1083.22,1083.98,1083.22,1083.96,182,81234
2026-03-19 11:01:00,1083.84,1084.12,1083.7,1084.04,136,81223
2026-03-19 11:02:00,1084.04,1084.4,1084.0,1084.02,207,81204
2026-03-19 11:03:00,1084.02,1084.02,1083.3,1083.3,58,81165
2026-03-19 11:04:00,1083.3,1083.3,1082.9,1083.3,169,81088
2026-03-19 11:05:00,1083.3,1084.2,1083.26,1083.94,359,81079
2026-03-19 11:06:00,1083.96,1083.96,1083.46,1083.48,191,81041
2026-03-19 11:07:00,1083.56,1083.56,1083.28,1083.32,163,81001
2026-03-19 11:08:00,1083.3,1083.5,1083.0,1083.36,131,80974
2026-03-19 11:09:00,1083.44,1083.44,1083.1,1083.24,161,80965
2026-03-19 11:10:00,1083.24,1084.56,1083.24,1084.52,422,80977
2026-03-19 11:11:00,1084.56,1084.92,1084.32,1084.46,307,80971
2026-03-19 11:12:00,1084.46,1084.78,1084.46,1084.64,134,80971
2026-03-19 11:13:00,1084.64,1084.66,1084.22,1084.46,117,80959
2026-03-19 11:14:00,1084.46,1084.46,1084.14,1084.14,227,80915
2026-03-19 11:15:00,1084.1,1084.84,1084.1,1084.84,23,80745
2026-03-19 11:16:00,1084.76,1084.88,1084.66,1084.7,9,80675
2026-03-19 11:17:00,1084.7,1084.8,1084.44,1084.68,31,80650
2026-03-19 11:18:00,1084.72,1084.88,1084.66,1084.78,81,80635
2026-03-19 11:19:00,1084.78,1084.92,1084.72,1084.8,94,80627
2026-03-19 11:20:00,1084.86,1085.1,1084.76,1084.98,301,80614
2026-03-19 11:21:00,1085.04,1085.04,1084.58,1084.6,181,80575
2026-03-19 11:22:00,1084.6,1084.7,1084.24,1084.48,308,80508
2026-03-19 11:23:00,1084.48,1084.52,1084.18,1084.32,3,80494
2026-03-19 11:24:00,1084.26,1084.3,1083.7,1083.82,274,80469
2026-03-19 11:25:00,1083.78,1083.96,1083.52,1083.6,150,80434
2026-03-19 11:26:00,1083.66,1083.74,1083.44,1083.66,198,80402
2026-03-19 11:27:00,1083.66,1084.1,1083.66,1084.02,159,80400
2026-03-19 11:28:00,1084.02,1084.22,1083.94,1084.18,88,80375
2026-03-19 11:29:00,1084.18,1084.18,1083.86,1084.0,30,80358
2026-03-19 11:30:00,1084.1,1084.46,1084.04,1084.3,243,80306
2026-03-19 13:31:00,1082.0,1082.08,1080.3,1080.6,485,80250
2026-03-19 13:32:00,1080.78,1080.86,1080.42,1080.52,531,80226
2026-03-19 13:33:00,1080.5,1080.52,1079.82,1080.32,635,80186
2026-03-19 13:34:00,1080.36,1080.74,1080.2,1080.24,423,80194
2026-03-19 13:35:00,1080.2,1080.44,1079.88,1080.1,500,80149
2026-03-19 13:36:00,1080.14,1080.24,1079.9,1080.04,241,80150
2026-03-19 13:37:00,1079.96,1080.2,1079.7,1079.82,322,80154
2026-03-19 13:38:00,1079.82,1079.86,1079.24,1079.34,570,80209
2026-03-19 13:39:00,1079.34,1079.4,1078.72,1078.72,768,80261
2026-03-19 13:40:00,1078.78,1078.78,1078.12,1078.2,545,80255
2026-03-19 13:41:00,1078.2,1078.84,1078.18,1078.84,7,80269
2026-03-19 13:42:00,1078.76,1078.82,1078.2,1078.66,15,80309
2026-03-19 13:43:00,1078.74,1078.74,1078.2,1078.44,17,80311
2026-03-19 13:44:00,1078.48,1078.84,1078.36,1078.54,259,80289
2026-03-19 13:45:00,1078.62,1078.92,1078.4,1078.52,319,80344
2026-03-19 13:46:00,1078.46,1078.56,1077.36,1078.02,683,80419
2026-03-19 13:47:00,1078.36,1078.72,1078.12,1078.2,84,80383
2026-03-19 13:48:00,1078.12,1078.88,1077.7,1078.88,403,80392
2026-03-19 13:49:00,1078.84,1079.44,1078.84,1079.4,422,80336
2026-03-19 13:50:00,1079.4,1079.54,1079.18,1079.36,231,80330
2026-03-19 13:51:00,1079.24,1079.9,1079.2,1079.7,314,80288
2026-03-19 13:52:00,1079.42,1079.6,1079.18,1079.4,250,80221
2026-03-19 13:53:00,1079.3,1079.6,1079.24,1079.48,207,80259
2026-03-19 13:54:00,1079.5,1079.66,1079.22,1079.32,214,80252
2026-03-19 13:55:00,1079.32,1079.48,1078.72,1078.72,255,80263
2026-03-19 13:56:00,1078.82,1078.82,1078.12,1078.12,107,80258
2026-03-19 13:57:00,1078.1,1078.12,1077.16,1077.54,618,80247
2026-03-19 13:58:00,1077.44,1078.06,1077.44,1077.64,264,80225
2026-03-19 13:59:00,1077.74,1077.78,1077.52,1077.52,3,80247
2026-03-19 14:00:00,1077.48,1077.48,1076.86,1076.92,62,80332
2026-03-19 14:01:00,1077.16,1078.08,1077.16,1077.98,88,80352
2026-03-19 14:02:00,1078.24,1079.8,1077.98,1079.76,579,80297
2026-03-19 14:03:00,1079.8,1079.9,1078.86,1078.98,604,80235
2026-03-19 14:04:00,1079.12,1079.36,1079.02,1079.16,246,80187
2026-03-19 14:05:00,1079.16,1079.44,1078.58,1079.1,381,80148
2026-03-19 14:06:00,1079.08,1079.72,1079.08,1079.54,287,80102
2026-03-19 14:07:00,1079.42,1079.52,1078.3,1078.32,66,80068
2026-03-19 14:08:00,1078.34,1078.44,1077.84,1077.88,353,80091
2026-03-19 14:09:00,1077.88,1078.06,1077.74,1077.88,6,80065
2026-03-19 14:10:00,1077.92,1078.42,1077.92,1078.08,225,80050
2026-03-19 14:11:00,1078.1,1078.54,1078.08,1078.48,267,80008
2026-03-19 14:12:00,1078.44,1078.44,1077.88,1078.0,160,79979
2026-03-19 14:13:00,1078.1,1078.62,1078.1,1078.56,259,79917
2026-03-19 14:14:00,1078.54,1078.6,1078.3,1078.32,179,79924
2026-03-19 14:15:00,1078.28,1078.4,1078.12,1078.18,119,79888
2026-03-19 14:16:00,1078.14,1078.2,1077.6,1077.6,318,79817
2026-03-19 14:17:00,1077.54,1077.6,1076.8,1077.18,379,79770
2026-03-19 14:18:00,1077.04,1077.04,1076.02,1076.4,190,79773
2026-03-19 14:19:00,1076.4,1076.98,1075.84,1075.84,203,79833
2026-03-19 14:20:00,1075.82,1076.14,1075.18,1075.28,202,79868
2026-03-19 14:21:00,1075.24,1075.24,1074.54,1074.7,615,79873
2026-03-19 14:22:00,1074.66,1076.14,1074.64,1075.66,630,79924
2026-03-19 14:23:00,1075.68,1076.04,1075.18,1075.32,360,79943
2026-03-19 14:24:00,1075.32,1075.36,1074.08,1074.08,424,79900
2026-03-19 14:25:00,1073.98,1074.78,1073.98,1074.48,336,79875
2026-03-19 14:26:00,1074.6,1074.66,1073.68,1074.54,84,79841
2026-03-19 14:27:00,1074.58,1075.0,1074.5,1075.0,411,79761
2026-03-19 14:28:00,1075.08,1075.66,1074.78,1075.66,388,79722
2026-03-19 14:29:00,1075.58,1075.58,1074.5,1074.8,270,79729
2026-03-19 14:30:00,1074.8,1074.84,1073.68,1073.68,280,79699
2026-03-19 14:31:00,1073.38,1073.6,1073.26,1073.48,452,79686
2026-03-19 14:32:00,1073.66,1074.7,1073.66,1074.36,364,79724
2026-03-19 14:33:00,1074.3,1074.32,1073.14,1073.28,287,79722
2026-03-19 14:34:00,1073.32,1073.34,1072.8,1073.18,419,79696
2026-03-19 14:35:00,1073.26,1073.26,1072.18,1072.24,549,79681
2026-03-19 14:36:00,1072.28,1072.28,1070.62,1071.14,1064,79617
2026-03-19 14:37:00,1071.26,1072.02,1071.26,1071.76,694,79543
2026-03-19 14:38:00,1071.74,1071.78,1068.88,1068.94,1264,79604
2026-03-19 14:39:00,1069.0,1069.54,1067.74,1068.94,747,79683
2026-03-19 14:40:00,1069.34,1070.7,1069.18,1069.26,859,79677
2026-03-19 14:41:00,1069.24,1069.24,1068.14,1068.4,748,79670
2026-03-19 14:42:00,1068.24,1068.24,1066.56,1067.0,1250,79684
2026-03-19 14:43:00,1067.3,1068.7,1065.44,1065.44,351,79657
2026-03-19 14:44:00,1065.36,1067.34,1065.36,1067.34,170,79771
2026-03-19 14:45:00,1067.1,1067.16,1066.4,1066.86,182,79697
2026-03-19 14:46:00,1067.02,1067.06,1065.08,1065.1,65,79656
2026-03-19 14:47:00,1064.74,1065.08,1063.44,1063.44,1205,79646
2026-03-19 14:48:00,1063.94,1064.06,1061.5,1061.86,644,79541
2026-03-19 14:49:00,1061.84,1062.4,1060.1,1060.24,2012,79404
2026-03-19 14:50:00,1060.5,1061.92,1059.48,1061.74,1516,79408
2026-03-19 14:51:00,1061.74,1061.8,1057.78,1057.9,1388,79382
2026-03-19 14:52:00,1058.18,1059.88,1058.18,1058.6,1074,79317
2026-03-19 14:53:00,1058.72,1059.54,1058.46,1058.96,44,79257
2026-03-19 14:54:00,1058.98,1058.98,1057.3,1058.5,557,79270
2026-03-19 14:55:00,1058.96,1059.66,1057.6,1058.26,1371,79195
2026-03-19 14:56:00,1058.46,1059.44,1057.88,1059.34,966,79107
2026-03-19 14:57:00,1059.36,1060.14,1059.06,1060.1,455,79091
2026-03-19 14:58:00,1060.02,1061.76,1059.92,1061.6,1030,78944
2026-03-19 14:59:00,1061.66,1062.46,1061.42,1062.46,741,78807
2026-03-19 15:00:00,1062.0,1062.0,1062.0,1062.0,0,78526
2026-03-19 21:01:00,1019.08,1019.08,1012.14,1012.9,7438,78514
2026-03-19 21:02:00,1012.92,1013.22,1006.72,1007.02,4197,79123
2026-03-19 21:03:00,1006.98,1007.26,1002.78,1003.2,5088,79354
2026-03-19 21:04:00,1003.32,1011.58,1003.2,1011.58,3778,79226
2026-03-19 21:05:00,1012.22,1014.28,1010.38,1014.28,3234,79220
2026-03-19 21:06:00,1015.66,1017.54,1014.3,1015.9,2810,79084
2026-03-19 21:07:00,1015.94,1016.54,1011.64,1013.24,2897,79093
2026-03-19 21:08:00,1013.32,1017.06,1013.32,1016.62,1965,79142
2026-03-19 21:09:00,1016.46,1017.02,1013.62,1014.6,1913,79178
2026-03-19 21:10:00,1014.66,1014.66,1009.32,1011.2,2583,79242
2026-03-19 21:11:00,1010.92,1012.34,1010.0,1010.0,1511,79204
2026-03-19 21:12:00,1009.7,1011.24,1008.18,1009.78,2067,79298
2026-03-19 21:13:00,1009.96,1010.9,1008.66,1010.78,1711,79460
2026-03-19 21:14:00,1010.64,1013.18,1010.4,1011.88,1686,79436
2026-03-19 21:15:00,1012.34,1012.76,1011.0,1011.92,905,79405
2026-03-19 21:16:00,1011.0,1012.5,1008.66,1010.16,2298,79154
2026-03-19 21:17:00,1010.22,1013.86,1010.14,1013.46,1598,79175
2026-03-19 21:18:00,1013.5,1016.64,1013.46,1016.04,1533,79159
2026-03-19 21:19:00,1016.14,1016.58,1014.7,1016.06,1366,79125
2026-03-19 21:20:00,1016.06,1018.4,1016.06,1016.8,1721,78994
2026-03-19 21:21:00,1019.22,1020.1,1016.62,1019.86,1664,78805
2026-03-19 21:22:00,1019.12,1019.92,1018.44,1019.3,1458,78789
2026-03-19 21:23:00,1019.34,1019.36,1017.52,1018.56,1295,78716
2026-03-19 21:24:00,1018.08,1020.0,1017.56,1017.92,1483,78626
2026-03-19 21:25:00,1018.88,1018.92,1017.46,1017.46,684,78602
2026-03-19 21:26:00,1016.22,1017.62,1015.58,1016.78,1535,78666
2026-03-19 21:27:00,1017.12,1017.28,1016.16,1016.72,1005,78620
2026-03-19 21:28:00,1017.8,1018.82,1016.6,1018.0,1095,78660
2026-03-19 21:29:00,1019.46,1019.64,1017.7,1019.06,1326,78891
2026-03-19 21:30:00,1021.32,1021.88,1019.08,1021.18,1411,78857
2026-03-19 21:31:00,1019.52,1021.06,1017.24,1019.34,2255,78783
2026-03-19 21:32:00,1021.06,1021.98,1018.88,1021.88,1516,78838
2026-03-19 21:33:00,1021.06,1021.88,1019.6,1019.6,1081,78842
2026-03-19 21:34:00,1019.72,1020.08,1018.04,1018.38,1509,78694
2026-03-19 21:35:00,1018.46,1021.98,1018.44,1021.68,1250,78633
2026-03-19 21:36:00,1020.0,1021.76,1018.68,1018.68,1165,78564
2026-03-19 21:37:00,1018.62,1019.08,1016.58,1017.52,1558,78489
2026-03-19 21:38:00,1016.66,1018.4,1015.62,1017.5,1848,78370
2026-03-19 21:39:00,1019.1,1019.68,1017.3,1018.78,1253,78308
2026-03-19 21:40:00,1018.1,1018.78,1017.12,1017.36,854,78276
2026-03-19 21:41:00,1017.08,1019.02,1014.28,1015.32,1919,78148
2026-03-19 21:42:00,1017.5,1018.28,1015.26,1017.4,1657,78038
2026-03-19 21:43:00,1017.64,1018.14,1016.3,1017.5,1119,78069
2026-03-19 21:44:00,1017.72,1018.08,1016.2,1017.6,837,78076
2026-03-19 21:45:00,1017.46,1018.76,1016.7,1016.7,1073,78180
2026-03-19 21:46:00,1016.68,1018.44,1016.0,1016.92,1219,78285
2026-03-19 21:47:00,1015.48,1017.7,1015.0,1015.64,1516,78143
2026-03-19 21:48:00,1015.62,1016.0,1012.22,1012.72,1848,78048
2026-03-19 21:49:00,1012.8,1013.72,1012.36,1012.5,1060,78087
2026-03-19 21:50:00,1016.1,1016.42,1012.36,1016.42,1220,78026
2026-03-19 21:51:00,1016.98,1018.46,1016.28,1018.36,1329,78108
2026-03-19 21:52:00,1018.64,1019.18,1018.14,1019.12,1071,78141
2026-03-19 21:53:00,1019.52,1019.96,1018.0,1019.94,791,78196
2026-03-19 21:54:00,1021.84,1022.06,1019.82,1022.06,1611,78237
2026-03-19 21:55:00,1022.86,1023.86,1021.88,1023.7,1283,78190
2026-03-19 21:56:00,1023.82,1025.0,1023.76,1024.22,1757,77918
2026-03-19 21:57:00,1026.68,1027.68,1024.24,1027.68,1721,77763
2026-03-19 21:58:00,1027.86,1028.16,1026.3,1028.14,1364,77848
2026-03-19 21:59:00,1028.66,1028.9,1027.46,1028.56,1458,77731
2026-03-19 22:00:00,1027.4,1029.68,1027.04,1029.68,2012,77635
2026-03-19 22:01:00,1032.56,1033.66,1029.66,1033.38,2785,77383
2026-03-19 22:02:00,1032.84,1034.68,1032.68,1033.08,2394,77066
2026-03-19 22:03:00,1034.98,1035.0,1032.5,1033.98,1745,76916
2026-03-19 22:04:00,1032.72,1034.58,1031.64,1033.3,1714,76829
2026-03-19 22:05:00,1031.18,1033.3,1031.06,1031.1,1313,76748
2026-03-19 22:06:00,1031.66,1033.5,1031.34,1032.52,1365,76718
2026-03-19 22:07:00,1031.98,1034.24,1031.38,1031.38,1109,76729
2026-03-19 22:08:00,1032.0,1033.36,1031.3,1031.94,1157,76722
2026-03-19 22:09:00,1031.94,1032.2,1030.46,1030.88,1168,76750
2026-03-19 22:10:00,1031.34,1032.0,1030.14,1031.82,892,76751
2026-03-19 22:11:00,1031.78,1032.9,1031.22,1032.68,781,76692
2026-03-19 22:12:00,1034.82,1036.3,1032.44,1036.26,1531,76583
2026-03-19 22:13:00,1035.18,1036.44,1033.4,1033.42,970,76586
2026-03-19 22:14:00,1032.94,1033.7,1031.68,1032.0,1415,76575
2026-03-19 22:15:00,1033.04,1033.1,1031.0,1032.84,873,76583
2026-03-19 22:16:00,1030.0,1033.86,1029.24,1030.36,1388,76606
2026-03-19 22:17:00,1031.06,1031.76,1029.82,1030.04,915,76611
2026-03-19 22:18:00,1029.5,1030.5,1028.82,1030.18,899,76586
2026-03-19 22:19:00,1029.46,1030.42,1028.92,1029.2,803,76556
2026-03-19 22:20:00,1029.46,1029.74,1027.38,1029.34,977,76536
2026-03-19 22:21:00,1028.6,1029.6,1027.92,1028.48,742,76503
2026-03-19 22:22:00,1028.26,1028.3,1027.12,1027.72,688,76482
2026-03-19 22:23:00,1027.72,1028.74,1027.1,1028.46,725,76441
2026-03-19 22:24:00,1028.5,1028.5,1026.54,1027.96,797,76452
2026-03-19 22:25:00,1027.94,1029.78,1027.66,1029.22,801,76450
2026-03-19 22:26:00,1029.24,1030.16,1028.58,1028.76,837,76419
2026-03-19 22:27:00,1028.8,1028.82,1026.66,1026.66,699,76432
2026-03-19 22:28:00,1025.42,1026.7,1025.02,1025.4,1437,76415
2026-03-19 22:29:00,1024.68,1025.64,1024.0,1024.64,1352,76468
2026-03-19 22:30:00,1024.46,1025.46,1023.34,1023.8,921,76480
2026-03-19 22:31:00,1024.46,1025.92,1023.7,1023.72,977,76556
2026-03-19 22:32:00,1024.68,1025.42,1022.72,1025.3,1177,76504
2026-03-19 22:33:00,1026.58,1026.82,1025.0,1026.42,1097,76437
2026-03-19 22:34:00,1025.44,1026.5,1025.02,1025.4,654,76365
2026-03-19 22:35:00,1027.14,1028.12,1025.4,1028.12,800,76340
2026-03-19 22:36:00,1028.16,1029.44,1028.04,1029.12,830,76395
2026-03-19 22:37:00,1029.72,1030.22,1028.66,1030.22,760,76309
2026-03-19 22:38:00,1030.2,1030.82,1029.72,1030.2,766,76204
2026-03-19 22:39:00,1028.6,1030.2,1028.44,1029.04,875,76161
2026-03-19 22:40:00,1030.44,1031.0,1028.38,1030.2,913,76112
2026-03-19 22:41:00,1029.8,1030.74,1029.44,1030.24,547,76059
2026-03-19 22:42:00,1030.24,1030.7,1029.8,1030.12,628,76103
2026-03-19 22:43:00,1030.12,1030.4,1029.02,1029.02,652,76110
2026-03-19 22:44:00,1028.8,1029.72,1028.54,1029.02,655,76067
2026-03-19 22:45:00,1029.54,1031.2,1029.02,1029.34,691,76034
2026-03-19 22:46:00,1029.34,1029.42,1027.64,1027.74,643,76035
2026-03-19 22:47:00,1027.8,1028.8,1027.14,1028.16,482,76045
2026-03-19 22:48:00,1028.0,1028.16,1027.16,1027.82,481,76014
2026-03-19 22:49:00,1027.9,1029.0,1027.84,1028.44,418,76030
2026-03-19 22:50:00,1029.78,1030.04,1028.42,1029.44,587,76034
2026-03-19 22:51:00,1029.98,1030.22,1028.66,1029.98,488,75990
2026-03-19 22:52:00,1030.2,1031.96,1029.66,1031.92,645,75979
2026-03-19 22:53:00,1031.98,1032.1,1031.32,1031.84,660,76014
2026-03-19 22:54:00,1031.84,1032.02,1031.24,1031.56,521,76020
2026-03-19 22:55:00,1031.68,1031.86,1031.0,1031.34,447,76007
2026-03-19 22:56:00,1031.5,1031.5,1030.2,1030.7,664,76049
2026-03-19 22:57:00,1029.76,1031.02,1029.4,1029.8,540,76027
2026-03-19 22:58:00,1028.46,1029.82,1027.84,1028.86,775,76054
2026-03-19 22:59:00,1028.28,1029.42,1028.0,1028.1,587,76031
2026-03-19 23:00:00,1027.08,1028.2,1026.36,1027.14,779,76069
2026-03-19 23:01:00,1027.14,1028.36,1026.16,1026.9,1018,76023
2026-03-19 23:02:00,1026.9,1028.32,1026.28,1026.28,850,76015
2026-03-19 23:03:00,1026.18,1027.5,1025.2,1027.42,676,76000
2026-03-19 23:04:00,1027.56,1028.24,1027.0,1028.1,429,76046
2026-03-19 23:05:00,1027.9,1029.98,1027.64,1029.84,579,76049
2026-03-19 23:06:00,1029.82,1032.88,1029.74,1032.64,1130,75948
2026-03-19 23:07:00,1032.7,1034.36,1032.66,1032.98,1211,75853
2026-03-19 23:08:00,1032.98,1032.98,1030.16,1030.54,772,75801
2026-03-19 23:09:00,1030.62,1030.64,1029.64,1029.92,590,75794
2026-03-19 23:10:00,1029.92,1031.0,1029.7,1030.5,641,75807
2026-03-19 23:11:00,1030.5,1030.5,1029.18,1029.76,600,75863
2026-03-19 23:12:00,1029.76,1030.12,1028.74,1029.18,423,75875
2026-03-19 23:13:00,1029.14,1029.88,1028.86,1029.84,431,75861
2026-03-19 23:14:00,1029.9,1031.08,1029.74,1030.6,482,75875
2026-03-19 23:15:00,1030.64,1032.46,1030.64,1032.16,542,75852
2026-03-19 23:16:00,1032.12,1032.38,1030.32,1030.32,598,75821
2026-03-19 23:17:00,1030.36,1030.36,1028.82,1029.14,765,75889
2026-03-19 23:18:00,1029.14,1029.32,1027.6,1027.62,670,75883
2026-03-19 23:19:00,1027.6,1028.96,1027.52,1028.2,689,75906
2026-03-19 23:20:00,1028.18,1028.96,1028.02,1028.66,334,75925
2026-03-19 23:21:00,1028.66,1029.86,1028.6,1028.66,388,75911
2026-03-19 23:22:00,1028.68,1029.1,1027.88,1028.06,447,75934
2026-03-19 23:23:00,1028.1,1029.32,1028.1,1028.62,315,75934
2026-03-19 23:24:00,1028.8,1028.82,1027.8,1028.64,397,75883
2026-03-19 23:25:00,1028.6,1028.94,1027.38,1027.94,581,75740
2026-03-19 23:26:00,1027.94,1028.8,1027.46,1028.72,481,75664
2026-03-19 23:27:00,1028.72,1029.08,1026.48,1026.52,563,75714
2026-03-19 23:28:00,1026.54,1027.54,1026.18,1027.46,574,75645
2026-03-19 23:29:00,1027.5,1027.7,1027.0,1027.5,340,75632
2026-03-19 23:30:00,1027.5,1027.64,1026.6,1027.34,299,75630
2026-03-19 23:31:00,1027.34,1027.4,1025.74,1025.86,591,75621
2026-03-19 23:32:00,1025.88,1026.18,1024.0,1024.42,922,75611
2026-03-19 23:33:00,1024.4,1024.62,1022.12,1023.16,1173,75642
2026-03-19 23:34:00,1023.1,1023.58,1021.12,1021.26,780,75614
2026-03-19 23:35:00,1021.4,1022.86,1021.28,1022.32,574,75637
2026-03-19 23:36:00,1022.32,1023.06,1020.58,1022.6,870,75690
2026-03-19 23:37:00,1022.58,1023.52,1022.3,1022.8,608,75767
2026-03-19 23:38:00,1022.66,1022.84,1021.02,1021.42,625,75773
2026-03-19 23:39:00,1021.52,1022.06,1021.0,1021.0,332,75759
2026-03-19 23:40:00,1021.02,1022.0,1020.02,1022.0,756,75723
2026-03-19 23:41:00,1021.86,1022.88,1020.56,1022.26,590,75747
2026-03-19 23:42:00,1022.3,1022.66,1020.88,1021.24,537,75801
2026-03-19 23:43:00,1021.12,1021.26,1020.18,1020.8,617,75785
2026-03-19 23:44:00,1020.88,1021.98,1020.64,1021.52,678,75815
2026-03-19 23:45:00,1021.42,1022.2,1020.4,1020.8,455,75825
2026-03-19 23:46:00,1020.76,1020.88,1019.2,1020.82,794,75816
2026-03-19 23:47:00,1020.72,1021.0,1019.78,1019.9,590,75794
2026-03-19 23:48:00,1019.86,1020.62,1019.32,1020.2,255,75783
2026-03-19 23:49:00,1020.22,1022.26,1019.84,1022.12,716,75738
2026-03-19 23:50:00,1022.12,1023.32,1021.6,1022.92,598,75702
2026-03-19 23:51:00,1022.92,1023.5,1022.66,1023.5,465,75667
2026-03-19 23:52:00,1023.5,1024.0,1023.5,1023.54,509,75636
2026-03-19 23:53:00,1023.48,1024.0,1022.58,1023.64,407,75613
2026-03-19 23:54:00,1023.58,1024.98,1023.5,1024.92,470,75594
2026-03-19 23:55:00,1024.96,1024.96,1024.14,1024.14,271,75554
2026-03-19 23:56:00,1024.36,1024.84,1023.56,1024.26,369,75534
2026-03-19 23:57:00,1024.06,1027.7,1023.96,1027.58,719,75532
2026-03-19 23:58:00,1027.56,1028.52,1025.18,1025.86,628,75497
2026-03-19 23:59:00,1025.94,1026.42,1025.26,1025.88,466,75441
2026-03-20 00:00:00,1025.88,1026.54,1025.3,1025.6,379,75429
2026-03-20 00:01:00,1025.62,1026.98,1025.0,1026.54,519,75389
2026-03-20 00:02:00,1026.54,1028.5,1026.2,1028.26,493,75401
2026-03-20 00:03:00,1028.28,1028.84,1027.54,1028.6,560,75408
2026-03-20 00:04:00,1028.6,1029.38,1028.5,1028.86,499,75381
2026-03-20 00:05:00,1028.94,1029.28,1028.32,1028.56,417,75367
2026-03-20 00:06:00,1028.5,1029.5,1027.82,1029.5,449,75332
2026-03-20 00:07:00,1029.48,1029.82,1028.62,1028.62,335,75325
2026-03-20 00:08:00,1028.6,1030.2,1028.52,1030.2,430,75331
2026-03-20 00:09:00,1030.42,1030.82,1029.56,1029.78,376,75348
2026-03-20 00:10:00,1029.78,1030.14,1028.38,1028.7,365,75377
2026-03-20 00:11:00,1028.7,1029.0,1026.02,1026.38,757,75368
2026-03-20 00:12:00,1026.52,1028.22,1026.08,1027.56,481,75375
2026-03-20 00:13:00,1027.56,1028.16,1027.0,1027.82,355,75361
2026-03-20 00:14:00,1027.74,1027.98,1026.62,1026.8,224,75361
2026-03-20 00:15:00,1026.8,1027.06,1026.08,1026.34,360,75368
2026-03-20 00:16:00,1026.46,1026.94,1026.08,1026.48,301,75372
2026-03-20 00:17:00,1026.3,1026.52,1025.0,1025.0,414,75357
2026-03-20 00:18:00,1024.98,1026.08,1024.4,1026.08,450,75357
2026-03-20 00:19:00,1026.06,1026.48,1025.76,1026.0,321,75348
2026-03-20 00:20:00,1025.98,1027.48,1025.8,1027.26,412,75293
2026-03-20 00:21:00,1027.26,1028.28,1026.78,1028.0,450,75284
2026-03-20 00:22:00,1028.0,1028.46,1027.92,1028.26,278,75270
2026-03-20 00:23:00,1028.18,1029.0,1027.52,1027.66,333,75263
2026-03-20 00:24:00,1027.84,1028.04,1027.04,1027.04,371,75261
2026-03-20 00:25:00,1027.0,1028.5,1026.78,1027.54,318,75246
2026-03-20 00:26:00,1027.54,1028.24,1027.18,1027.18,325,75285
2026-03-20 00:27:00,1027.16,1027.52,1026.64,1027.08,215,75295
2026-03-20 00:28:00,1027.08,1027.08,1025.5,1026.1,423,75266
2026-03-20 00:29:00,1025.98,1026.48,1025.7,1025.8,254,75274
2026-03-20 00:30:00,1025.8,1026.38,1025.52,1025.72,280,75285
2026-03-20 00:31:00,1025.72,1026.12,1024.76,1025.0,617,75273
2026-03-20 00:32:00,1025.04,1025.24,1023.92,1024.18,515,75293
2026-03-20 00:33:00,1024.38,1025.34,1023.8,1023.92,423,75312
2026-03-20 00:34:00,1023.94,1024.54,1023.16,1024.54,429,75316
2026-03-20 00:35:00,1024.4,1025.02,1024.12,1024.12,371,75315
2026-03-20 00:36:00,1024.12,1024.36,1022.6,1022.82,592,75359
2026-03-20 00:37:00,1022.7,1023.54,1022.66,1023.46,282,75363
2026-03-20 00:38:00,1023.46,1023.98,1023.28,1023.42,309,75373
2026-03-20 00:39:00,1023.16,1024.16,1023.16,1024.04,208,75380
2026-03-20 00:40:00,1024.12,1025.0,1024.02,1024.48,322,75409
2026-03-20 00:41:00,1024.74,1026.2,1024.64,1026.2,356,75365
2026-03-20 00:42:00,1026.2,1027.0,1025.52,1026.9,351,75318
2026-03-20 00:43:00,1026.9,1027.26,1025.6,1025.84,299,75308
2026-03-20 00:44:00,1025.84,1025.96,1024.38,1024.52,489,75283
2026-03-20 00:45:00,1024.38,1024.74,1024.0,1024.3,149,75278
2026-03-20 00:46:00,1024.3,1025.28,1024.24,1024.42,283,75288
2026-03-20 00:47:00,1024.42,1025.14,1024.22,1024.94,163,75288
2026-03-20 00:48:00,1024.94,1025.02,1024.14,1024.68,138,75278
2026-03-20 00:49:00,1024.66,1025.06,1024.3,1024.52,150,75315
2026-03-20 00:50:00,1024.52,1024.68,1023.86,1024.14,277,75274
2026-03-20 00:51:00,1024.22,1024.88,1024.02,1024.2,160,75250
2026-03-20 00:52:00,1024.2,1024.2,1022.88,1022.88,260,75286
2026-03-20 00:53:00,1022.9,1022.9,1020.76,1021.22,664,75291
2026-03-20 00:54:00,1021.36,1022.4,1021.06,1021.16,399,75271
2026-03-20 00:55:00,1021.16,1022.98,1021.08,1022.98,306,75270
2026-03-20 00:56:00,1023.0,1023.26,1022.74,1022.86,315,75219
2026-03-20 00:57:00,1023.08,1023.7,1022.9,1023.5,224,75204
2026-03-20 00:58:00,1023.5,1024.06,1023.48,1023.72,192,75194
2026-03-20 00:59:00,1023.54,1023.54,1022.44,1023.06,275,75208
2026-03-20 01:00:00,1023.06,1023.38,1022.06,1022.34,266,75212
2026-03-20 01:01:00,1022.34,1022.82,1022.22,1022.72,176,75185
2026-03-20 01:02:00,1022.72,1022.72,1021.64,1022.1,235,75176
2026-03-20 01:03:00,1022.1,1023.52,1022.1,1023.32,239,75172
2026-03-20 01:04:00,1023.32,1024.0,1022.72,1023.4,363,75178
2026-03-20 01:05:00,1023.4,1024.0,1023.24,1023.28,188,75166
2026-03-20 01:06:00,1023.28,1024.32,1023.28,1024.14,228,75145
2026-03-20 01:07:00,1024.22,1024.22,1023.3,1023.56,163,75132
2026-03-20 01:08:00,1023.56,1023.6,1022.68,1022.88,169,75120
2026-03-20 01:09:00,1022.86,1023.22,1021.5,1022.3,230,75136
2026-03-20 01:10:00,1022.08,1022.08,1020.64,1021.1,354,75150
2026-03-20 01:11:00,1020.92,1021.16,1020.1,1020.78,324,75154
2026-03-20 01:12:00,1020.94,1021.96,1020.9,1021.76,195,75130
2026-03-20 01:13:00,1021.76,1022.14,1021.3,1021.5,208,75132
2026-03-20 01:14:00,1021.42,1021.86,1020.72,1020.96,240,75121
2026-03-20 01:15:00,1020.8,1021.34,1020.74,1021.04,154,75125
2026-03-20 01:16:00,1021.0,1021.22,1019.84,1020.1,255,75164
2026-03-20 01:17:00,1020.1,1021.6,1020.1,1021.04,258,75148
2026-03-20 01:18:00,1021.12,1021.72,1021.04,1021.62,213,75149
2026-03-20 01:19:00,1021.62,1023.4,1021.54,1023.32,372,75075
2026-03-20 01:20:00,1023.32,1024.62,1023.08,1024.24,465,75006
2026-03-20 01:21:00,1024.08,1026.0,1024.0,1025.92,473,74949
2026-03-20 01:22:00,1025.76,1026.0,1024.48,1025.24,414,74908
2026-03-20 01:23:00,1025.18,1026.82,1025.14,1025.72,507,74871
2026-03-20 01:24:00,1025.62,1025.96,1024.78,1025.88,372,74829
2026-03-20 01:25:00,1025.88,1026.64,1025.88,1026.48,382,74799
2026-03-20 01:26:00,1026.48,1027.06,1026.0,1026.06,390,74757
2026-03-20 01:27:00,1026.06,1026.86,1025.2,1026.86,372,74774
2026-03-20 01:28:00,1026.94,1027.12,1025.58,1026.0,341,74762
2026-03-20 01:29:00,1025.86,1025.86,1024.5,1024.86,307,74746
2026-03-20 01:30:00,1025.0,1025.36,1024.66,1025.0,265,74762
2026-03-20 01:31:00,1025.1,1027.0,1024.92,1026.96,284,74748
2026-03-20 01:32:00,1027.02,1028.16,1026.96,1027.74,463,74680
2026-03-20 01:33:00,1027.7,1028.34,1026.94,1026.94,347,74689
2026-03-20 01:34:00,1026.84,1027.0,1025.76,1026.08,296,74657
2026-03-20 01:35:00,1026.2,1026.3,1025.44,1025.92,184,74639
2026-03-20 01:36:00,1025.92,1025.92,1024.84,1024.92,211,74609
2026-03-20 01:37:00,1024.92,1025.28,1024.58,1024.66,299,74563
2026-03-20 01:38:00,1024.76,1025.72,1024.72,1025.06,193,74557
2026-03-20 01:39:00,1025.1,1025.94,1025.06,1025.68,174,74556
2026-03-20 01:40:00,1025.68,1025.72,1025.2,1025.6,113,74538
2026-03-20 01:41:00,1025.52,1026.02,1024.88,1025.22,161,74547
2026-03-20 01:42:00,1025.28,1026.24,1025.28,1026.12,148,74557
2026-03-20 01:43:00,1026.12,1026.12,1025.2,1025.66,167,74534
2026-03-20 01:44:00,1025.52,1025.82,1025.14,1025.62,135,74513
2026-03-20 01:45:00,1025.62,1026.36,1025.32,1025.54,171,74509
2026-03-20 01:46:00,1025.54,1026.76,1025.54,1026.66,194,74520
2026-03-20 01:47:00,1026.66,1026.92,1026.16,1026.56,191,74503
2026-03-20 01:48:00,1026.56,1026.72,1026.24,1026.36,148,74505
2026-03-20 01:49:00,1026.58,1026.78,1026.2,1026.64,118,74502
2026-03-20 01:50:00,1026.64,1027.0,1026.26,1026.38,142,74489
2026-03-20 01:51:00,1026.38,1027.78,1026.32,1027.5,259,74492
2026-03-20 01:52:00,1027.48,1028.42,1027.28,1028.24,314,74490
2026-03-20 01:53:00,1028.24,1030.48,1027.88,1030.24,418,74485
2026-03-20 01:54:00,1030.16,1030.5,1029.54,1029.96,296,74490
2026-03-20 01:55:00,1029.96,1030.04,1029.2,1029.46,235,74458
2026-03-20 01:56:00,1029.46,1029.46,1027.72,1027.76,241,74454
2026-03-20 01:57:00,1027.94,1028.32,1027.36,1028.18,176,74449
2026-03-20 01:58:00,1028.3,1028.38,1027.9,1028.3,112,74442
2026-03-20 01:59:00,1028.28,1028.32,1027.3,1027.46,151,74422
2026-03-20 02:00:00,1027.46,1027.98,1027.28,1027.58,128,74425
2026-03-20 02:01:00,1027.58,1028.0,1027.32,1027.6,144,74428
2026-03-20 02:02:00,1027.56,1027.74,1027.1,1027.66,96,74426
2026-03-20 02:03:00,1027.66,1028.08,1025.74,1026.0,384,74401
2026-03-20 02:04:00,1026.0,1026.48,1025.54,1025.76,286,74377
2026-03-20 02:05:00,1025.84,1026.82,1025.8,1026.72,153,74359
2026-03-20 02:06:00,1026.72,1026.82,1025.8,1026.14,136,74375
2026-03-20 02:07:00,1026.14,1026.5,1025.86,1026.02,126,74367
2026-03-20 02:08:00,1026.0,1026.0,1025.06,1025.88,296,74346
2026-03-20 02:09:00,1025.88,1026.78,1025.84,1026.56,159,74336
2026-03-20 02:10:00,1026.54,1027.48,1026.34,1027.12,133,74346
2026-03-20 02:11:00,1027.12,1027.78,1026.88,1027.56,183,74340
2026-03-20 02:12:00,1027.56,1027.82,1026.88,1026.88,116,74328
2026-03-20 02:13:00,1027.08,1027.38,1026.6,1027.32,147,74306
2026-03-20 02:14:00,1027.32,1027.8,1027.1,1027.7,101,74283
2026-03-20 02:15:00,1027.8,1028.06,1027.32,1027.5,164,74284
2026-03-20 02:16:00,1027.5,1028.0,1027.5,1027.78,100,74282
2026-03-20 02:17:00,1027.78,1027.84,1027.22,1027.72,158,74283
2026-03-20 02:18:00,1027.82,1027.98,1026.86,1027.38,88,74284
2026-03-20 02:19:00,1027.28,1027.28,1026.2,1026.44,136,74274
2026-03-20 02:20:00,1026.44,1027.02,1026.44,1026.62,77,74271
2026-03-20 02:21:00,1026.62,1026.84,1026.16,1026.42,87,74272
2026-03-20 02:22:00,1026.4,1026.82,1026.16,1026.6,116,74296
2026-03-20 02:23:00,1026.6,1026.92,1026.6,1026.78,56,74285
2026-03-20 02:24:00,1026.56,1026.66,1025.5,1025.54,100,74280
2026-03-20 02:25:00,1025.54,1026.16,1025.5,1025.98,75,74276
2026-03-20 02:26:00,1025.96,1026.54,1025.96,1026.14,77,74274
2026-03-20 02:27:00,1026.14,1026.58,1026.08,1026.56,120,74305
2026-03-20 02:28:00,1026.56,1027.28,1026.54,1027.14,132,74294
2026-03-20 02:29:00,1027.12,1027.26,1026.66,1026.74,99,74290
2026-03-20 02:30:00,1026.74,1027.2,1024.7,1026.74,253,74226
2026-03-20 09:01:00,1034.34,1036.06,1026.74,1036.04,2072,74290
2026-03-20 09:02:00,1036.56,1036.82,1035.34,1035.42,1293,74332
2026-03-20 09:03:00,1035.54,1036.24,1034.68,1036.18,907,74350
2026-03-20 09:04:00,1036.18,1037.98,1036.18,1037.4,1066,74361
2026-03-20 09:05:00,1037.42,1038.58,1037.36,1038.58,680,74329
2026-03-20 09:06:00,1038.56,1039.22,1038.5,1039.0,646,74333
2026-03-20 09:07:00,1039.04,1040.22,1038.84,1039.42,719,74362
2026-03-20 09:08:00,1039.44,1040.96,1038.8,1040.32,45,74346
2026-03-20 09:09:00,1040.32,1040.5,1039.76,1040.2,622,74366
2026-03-20 09:10:00,1040.28,1040.28,1038.0,1038.02,904,74372
2026-03-20 09:11:00,1038.04,1038.72,1037.3,1037.82,800,74338
2026-03-20 09:12:00,1037.8,1037.86,1036.4,1036.5,680,74317
2026-03-20 09:13:00,1036.58,1036.62,1035.4,1035.76,806,74272
2026-03-20 09:14:00,1035.82,1036.96,1035.8,1036.2,694,74240
2026-03-20 09:15:00,1037.2,1037.4,1035.68,1035.76,822,74241
2026-03-20 09:16:00,1035.8,1036.84,1035.66,1035.74,587,74280
2026-03-20 09:17:00,1035.88,1036.58,1035.5,1036.28,649,74298
2026-03-20 09:18:00,1037.0,1037.34,1036.2,1036.98,380,74282
2026-03-20 09:19:00,1036.98,1036.98,1035.86,1036.02,353,74300
2026-03-20 09:20:00,1036.58,1036.84,1035.44,1036.16,544,74310
2026-03-20 09:21:00,1035.56,1036.16,1035.34,1035.34,213,74311
2026-03-20 09:22:00,1035.34,1036.28,1035.34,1036.2,295,74286
2026-03-20 09:23:00,1036.48,1036.82,1035.7,1036.64,285,74271
2026-03-20 09:24:00,1036.38,1036.68,1036.0,1036.04,269,74278
2026-03-20 09:25:00,1036.26,1036.5,1035.82,1036.46,173,74267
2026-03-20 09:26:00,1036.96,1037.22,1036.36,1036.76,412,74217
2026-03-20 09:27:00,1036.8,1037.2,1036.34,1037.16,284,74169
2026-03-20 09:28:00,1037.16,1037.7,1036.72,1036.84,230,74136
2026-03-20 09:29:00,1038.04,1038.16,1036.8,1037.94,340,74084
2026-03-20 09:30:00,1038.38,1038.48,1037.92,1038.46,204,74086
2026-03-20 09:31:00,1039.72,1039.88,1038.5,1039.84,543,74069
2026-03-20 09:32:00,1039.84,1040.0,1039.3,1040.0,616,74029
2026-03-20 09:33:00,1040.0,1040.8,1039.96,1040.62,483,74017
2026-03-20 09:34:00,1040.58,1040.96,1040.38,1040.92,364,74003
2026-03-20 09:35:00,1040.88,1041.96,1040.66,1041.86,756,73966
2026-03-20 09:36:00,1041.82,1041.9,1041.2,1041.22,476,73932
2026-03-20 09:37:00,1041.22,1041.68,1041.02,1041.56,361,73904
2026-03-20 09:38:00,1041.54,1041.54,1040.6,1040.7,475,73901
2026-03-20 09:39:00,1040.88,1041.2,1040.24,1040.66,549,73883
2026-03-20 09:40:00,1040.66,1041.16,1040.6,1040.98,582,73765
2026-03-20 09:41:00,1040.88,1042.94,1040.62,1042.6,853,73701
2026-03-20 09:42:00,1042.74,1042.84,1042.28,1042.64,696,73633
2026-03-20 09:43:00,1042.64,1043.52,1042.32,1042.32,665,73598
2026-03-20 09:44:00,1042.4,1042.9,1042.2,1042.8,392,73570
2026-03-20 09:45:00,1044.0,1044.24,1042.62,1043.9,552,73526
2026-03-20 09:46:00,1043.94,1046.0,1043.74,1046.0,621,73549
2026-03-20 09:47:00,1045.0,1046.46,1044.48,1045.0,914,73541
2026-03-20 09:48:00,1044.06,1045.24,1043.48,1043.5,632,73518
2026-03-20 09:49:00,1043.32,1043.84,1042.86,1043.6,615,73452
2026-03-20 09:50:00,1043.6,1043.68,1043.0,1043.3,353,73435
2026-03-20 09:51:00,1043.32,1043.44,1042.22,1042.24,545,73336
2026-03-20 09:52:00,1042.3,1043.3,1042.06,1042.38,423,73300
2026-03-20 09:53:00,1042.38,1042.94,1042.0,1042.88,255,73265
2026-03-20 09:54:00,1042.88,1043.44,1042.8,1043.28,287,73284
2026-03-20 09:55:00,1043.28,1043.28,1042.08,1042.42,351,73252
2026-03-20 09:56:00,1042.54,1042.58,1041.9,1042.0,248,73217
2026-03-20 09:57:00,1041.92,1042.24,1041.18,1041.38,345,73156
2026-03-20 09:58:00,1041.38,1041.5,1041.0,1041.0,288,73102
2026-03-20 09:59:00,1041.06,1042.48,1040.88,1042.36,465,73032
2026-03-20 10:00:00,1042.24,1042.78,1042.02,1042.2,277,73006
2026-03-20 10:01:00,1042.2,1043.02,1042.12,1042.8,360,73013
2026-03-20 10:02:00,1042.9,1043.68,1042.7,1043.04,673,73013
2026-03-20 10:03:00,1043.04,1043.48,1042.74,1042.9,299,72997
2026-03-20 10:04:00,1042.84,1043.34,1042.74,1043.08,223,72979
2026-03-20 10:05:00,1042.9,1042.9,1041.52,1041.62,389,72930
2026-03-20 10:06:00,1041.62,1042.1,1041.14,1041.88,366,72915
2026-03-20 10:07:00,1041.84,1042.96,1041.72,1042.66,284,72895
2026-03-20 10:08:00,1042.66,1043.42,1042.5,1043.0,272,72879
2026-03-20 10:09:00,1043.0,1043.74,1042.82,1043.64,325,72865
2026-03-20 10:10:00,1043.64,1044.36,1043.64,1044.26,423,72838
2026-03-20 10:11:00,1044.26,1045.34,1044.22,1045.0,366,72830
2026-03-20 10:12:00,1045.02,1045.02,1044.26,1044.72,261,72818
2026-03-20 10:13:00,1044.72,1045.0,1044.68,1044.82,145,72827
2026-03-20 10:14:00,1044.82,1045.24,1044.62,1045.06,172,72798
2026-03-20 10:15:00,1045.06,1045.34,1044.7,1044.9,340,72830
2026-03-20 10:31:00,1044.3,1044.7,1043.62,1043.82,532,72742
2026-03-20 10:32:00,1043.82,1044.24,1043.42,1044.24,339,72740
2026-03-20 10:33:00,1044.16,1045.12,1044.0,1044.94,299,72742
2026-03-20 10:34:00,1044.9,1045.5,1044.9,1045.4,208,72768
2026-03-20 10:35:00,1045.38,1045.58,1045.2,1045.46,219,72749
2026-03-20 10:36:00,1045.36,1045.88,1044.84,1044.98,261,72748
2026-03-20 10:37:00,1044.98,1045.0,1043.72,1043.84,281,72713
2026-03-20 10:38:00,1043.82,1044.18,1043.28,1043.38,283,72661
2026-03-20 10:39:00,1043.44,1043.6,1043.08,1043.3,253,72636
2026-03-20 10:40:00,1043.54,1043.96,1043.24,1043.86,215,72618
2026-03-20 10:41:00,1043.96,1044.24,1043.34,1043.82,462,72477
2026-03-20 10:42:00,1043.96,1043.96,1043.42,1043.42,385,72368
2026-03-20 10:43:00,1043.48,1044.08,1043.4,1044.08,166,72346
2026-03-20 10:44:00,1044.14,1044.42,1044.04,1044.24,281,72292
2026-03-20 10:45:00,1044.26,1044.38,1043.88,1044.02,226,72247
2026-03-20 10:46:00,1043.96,1044.2,1043.58,1043.9,193,72214
2026-03-20 10:47:00,1043.9,1044.4,1043.82,1044.4,301,72141
2026-03-20 10:48:00,1044.4,1045.18,1044.32,1045.18,221,72119
2026-03-20 10:49:00,1045.02,1046.08,1044.8,1046.08,375,72097
2026-03-20 10:50:00,1046.2,1047.52,1046.08,1047.38,626,72125
2026-03-20 10:51:00,1047.38,1048.5,1047.24,1048.06,872,72113
2026-03-20 10:52:00,1047.78,1048.14,1047.22,1047.26,407,72068
2026-03-20 10:53:00,1047.26,1047.28,1046.6,1046.7,404,72067
2026-03-20 10:54:00,1046.74,1046.82,1046.32,1046.38,205,72025
2026-03-20 10:55:00,1046.26,1047.42,1046.26,1047.34,314,71976
2026-03-20 10:56:00,1047.34,1047.44,1046.68,1046.8,210,71963
2026-03-20 10:57:00,1046.8,1047.0,1046.54,1046.98,211,71927
2026-03-20 10:58:00,1047.02,1047.98,1046.48,1047.6,353,71916
2026-03-20 10:59:00,1047.6,1047.78,1047.22,1047.48,187,71909
2026-03-20 11:00:00,1047.5,1047.5,1046.88,1046.88,252,71899
2026-03-20 11:01:00,1047.1,1047.36,1046.54,1047.12,303,71857
2026-03-20 11:02:00,1047.0,1047.62,1046.9,1047.42,226,71808
2026-03-20 11:03:00,1047.38,1047.48,1046.32,1047.14,285,71780
2026-03-20 11:04:00,1047.14,1048.1,1047.14,1047.72,279,71777
2026-03-20 11:05:00,1047.72,1049.06,1047.64,1049.06,464,71800
2026-03-20 11:06:00,1049.16,1050.72,1048.84,1050.72,942,71657
2026-03-20 11:07:00,1050.68,1051.26,1050.32,1050.84,719,71601
2026-03-20 11:08:00,1050.86,1052.0,1050.78,1051.78,578,71592
2026-03-20 11:09:00,1051.74,1051.88,1051.0,1051.28,395,71536
2026-03-20 11:10:00,1051.16,1051.58,1050.28,1051.48,581,71468
2026-03-20 11:11:00,1052.4,1052.78,1051.52,1052.04,685,71490
2026-03-20 11:12:00,1052.56,1053.46,1051.92,1052.74,623,71550
2026-03-20 11:13:00,1052.74,1052.8,1052.24,1052.56,315,71531
2026-03-20 11:14:00,1052.22,1052.52,1051.82,1052.08,378,71520
2026-03-20 11:15:00,1052.12,1052.3,1051.1,1051.68,288,71473
2026-03-20 11:16:00,1051.78,1052.28,1051.52,1052.28,272,71482
2026-03-20 11:17:00,1052.2,1052.28,1051.56,1052.12,216,71447
2026-03-20 11:18:00,1052.2,1054.82,1052.2,1054.66,673,71430
2026-03-20 11:19:00,1054.7,1055.78,1054.68,1055.5,752,71413
2026-03-20 11:20:00,1055.6,1055.98,1055.18,1055.32,477,71382
2026-03-20 11:21:00,1055.54,1055.82,1054.16,1054.52,504,71335
2026-03-20 11:22:00,1055.24,1055.44,1054.18,1055.3,385,71310
2026-03-20 11:23:00,1055.3,1055.42,1054.3,1055.26,310,71306
2026-03-20 11:24:00,1055.24,1055.56,1055.12,1055.44,219,71276
2026-03-20 11:25:00,1055.48,1055.92,1055.2,1055.7,455,71324
2026-03-20 11:26:00,1055.54,1055.76,1055.1,1055.34,312,71335
2026-03-20 11:27:00,1055.34,1056.0,1055.24,1055.74,238,71289
2026-03-20 11:28:00,1055.74,1056.02,1054.76,1055.2,375,71216
2026-03-20 11:29:00,1055.26,1056.14,1055.12,1055.88,302,71232
2026-03-20 11:30:00,1055.88,1056.14,1055.68,1055.82,503,71202
2026-03-20 13:31:00,1052.0,1055.88,1050.1,1050.8,1375,71055
2026-03-20 13:32:00,1050.72,1050.92,1049.18,1049.88,907,70955
2026-03-20 13:33:00,1049.88,1050.0,1049.02,1049.66,526,70963
2026-03-20 13:34:00,1049.66,1049.66,1048.5,1048.78,706,70890
2026-03-20 13:35:00,1048.8,1049.1,1048.22,1048.22,556,70823
2026-03-20 13:36:00,1048.2,1049.72,1048.16,1049.56,594,70857
2026-03-20 13:37:00,1049.52,1049.52,1048.96,1048.98,338,70838
2026-03-20 13:38:00,1048.98,1049.76,1048.96,1049.74,315,70820
2026-03-20 13:39:00,1049.72,1051.44,1049.72,1051.36,498,70811
2026-03-20 13:40:00,1051.42,1051.7,1051.3,1051.3,333,70788
2026-03-20 13:41:00,1051.22,1051.94,1050.82,1051.82,363,70783
2026-03-20 13:42:00,1051.86,1051.86,1050.6,1050.7,356,70772
2026-03-20 13:43:00,1050.66,1051.0,1049.9,1050.4,476,70733
2026-03-20 13:44:00,1050.38,1050.48,1049.28,1049.6,292,70671
2026-03-20 13:45:00,1049.98,1049.98,1049.18,1049.88,411,70641
2026-03-20 13:46:00,1049.8,1050.2,1049.52,1049.66,242,70635
2026-03-20 13:47:00,1049.34,1049.84,1049.16,1049.28,184,70639
2026-03-20 13:48:00,1048.08,1049.42,1048.08,1048.08,385,70601
2026-03-20 13:49:00,1048.06,1048.54,1047.1,1047.52,698,70506
2026-03-20 13:50:00,1047.68,1048.26,1047.06,1048.26,589,70389
2026-03-20 13:51:00,1049.32,1049.48,1047.72,1048.86,461,70386
2026-03-20 13:52:00,1048.34,1048.86,1047.88,1048.38,415,70422
2026-03-20 13:53:00,1047.84,1048.5,1047.5,1047.5,244,70401
2026-03-20 13:54:00,1047.0,1047.76,1046.8,1046.8,541,70377
2026-03-20 13:55:00,1046.84,1047.14,1046.28,1046.32,509,70347
2026-03-20 13:56:00,1046.3,1046.52,1045.46,1046.32,673,70280
2026-03-20 13:57:00,1046.46,1047.42,1046.32,1046.58,441,70260
2026-03-20 13:58:00,1046.56,1046.56,1044.76,1045.06,836,70204
2026-03-20 13:59:00,1045.0,1045.16,1044.22,1044.4,551,70198
2026-03-20 14:00:00,1044.38,1045.1,1044.2,1044.56,469,70158
2026-03-20 14:01:00,1044.64,1045.64,1044.58,1045.62,775,70133
2026-03-20 14:02:00,1045.62,1046.36,1045.12,1046.02,509,70030
2026-03-20 14:03:00,1046.2,1047.06,1045.9,1046.88,392,70021
2026-03-20 14:04:00,1046.92,1047.98,1046.82,1047.98,380,70052
2026-03-20 14:05:00,1046.56,1048.02,1046.36,1046.44,443,70020
2026-03-20 14:06:00,1046.62,1046.9,1046.1,1046.34,276,70018
2026-03-20 14:07:00,1046.36,1046.5,1045.96,1046.0,277,70038
2026-03-20 14:08:00,1045.96,1046.32,1045.4,1046.2,396,70050
2026-03-20 14:09:00,1046.02,1046.1,1045.12,1045.26,342,70036
2026-03-20 14:10:00,1045.26,1045.76,1044.56,1044.56,293,70008
2026-03-20 14:11:00,1044.56,1044.56,1043.68,1043.68,550,70011
2026-03-20 14:12:00,1043.66,1044.24,1043.28,1043.66,419,70092
2026-03-20 14:13:00,1043.66,1045.02,1043.46,1044.92,556,70111
2026-03-20 14:14:00,1044.92,1045.4,1044.6,1044.6,303,70115
2026-03-20 14:15:00,1044.48,1044.78,1044.08,1044.64,311,70097
2026-03-20 14:16:00,1044.64,1045.44,1044.52,1045.42,360,70061
2026-03-20 14:17:00,1045.44,1045.84,1044.54,1044.86,295,70062
2026-03-20 14:18:00,1045.0,1045.1,1043.26,1043.56,310,70053
2026-03-20 14:19:00,1043.56,1044.36,1043.42,1043.94,372,70042
2026-03-20 14:20:00,1043.98,1044.22,1043.8,1043.98,211,70000
2026-03-20 14:21:00,1044.1,1044.14,1043.8,1044.04,190,69981
2026-03-20 14:22:00,1044.0,1044.04,1043.02,1043.78,400,69943
2026-03-20 14:23:00,1043.8,1045.08,1043.8,1044.66,386,69910
2026-03-20 14:24:00,1044.88,1044.98,1043.74,1043.9,223,69884
2026-03-20 14:25:00,1043.9,1044.88,1043.7,1044.34,215,69836
2026-03-20 14:26:00,1044.34,1044.58,1043.68,1044.18,194,69833
2026-03-20 14:27:00,1044.18,1044.28,1043.72,1043.86,153,69821
2026-03-20 14:28:00,1043.86,1044.1,1042.36,1043.2,473,69816
2026-03-20 14:29:00,1043.16,1043.2,1042.06,1042.28,381,69802
2026-03-20 14:30:00,1042.3,1043.68,1042.28,1043.58,373,69818
2026-03-20 14:31:00,1043.58,1043.98,1042.8,1042.9,326,69805
2026-03-20 14:32:00,1042.88,1042.92,1042.06,1042.26,268,69782
2026-03-20 14:33:00,1042.18,1042.66,1042.02,1042.1,262,69781
2026-03-20 14:34:00,1042.1,1042.36,1041.5,1042.36,454,69797
2026-03-20 14:35:00,1042.46,1043.36,1042.26,1043.04,332,69776
2026-03-20 14:36:00,1043.04,1043.16,1042.24,1042.3,264,69752
2026-03-20 14:37:00,1042.3,1042.3,1041.04,1041.14,431,69703
2026-03-20 14:38:00,1041.2,1041.76,1041.0,1041.1,412,69729
2026-03-20 14:39:00,1041.1,1041.28,1039.02,1039.92,674,69713
2026-03-20 14:40:00,1039.94,1039.94,1039.02,1039.16,498,69717
2026-03-20 14:41:00,1039.16,1039.44,1038.3,1038.46,558,69736
2026-03-20 14:42:00,1038.48,1039.04,1038.14,1038.14,517,69699
2026-03-20 14:43:00,1038.3,1038.32,1037.2,1038.02,841,69622
2026-03-20 14:44:00,1038.02,1039.92,1038.02,1039.28,638,69594
2026-03-20 14:45:00,1039.38,1039.38,1038.8,1038.86,354,69545
2026-03-20 14:46:00,1038.88,1039.9,1038.84,1039.9,514,69460
2026-03-20 14:47:00,1039.92,1040.96,1039.92,1040.82,481,69424
2026-03-20 14:48:00,1040.64,1040.84,1039.58,1039.72,447,69401
2026-03-20 14:49:00,1039.8,1039.8,1037.72,1038.54,533,69386
2026-03-20 14:50:00,1038.5,1039.0,1037.92,1039.0,419,69353
2026-03-20 14:51:00,1039.08,1039.94,1039.08,1039.94,350,69395
2026-03-20 14:52:00,1039.96,1040.42,1039.14,1039.34,432,69368
2026-03-20 14:53:00,1039.62,1039.72,1039.22,1039.48,336,69342
2026-03-20 14:54:00,1039.48,1039.84,1039.0,1039.02,362,69308
2026-03-20 14:55:00,1039.18,1039.22,1038.6,1038.76,245,69272
2026-03-20 14:56:00,1038.64,1039.14,1038.44,1039.08,406,69205
2026-03-20 14:57:00,1038.92,1039.12,1038.72,1038.72,278,69159
2026-03-20 14:58:00,1038.72,1038.96,1038.48,1038.62,313,69102
2026-03-20 14:59:00,1038.58,1038.84,1038.48,1038.78,283,69077
2026-03-20 15:00:00,1039.22,1039.22,1039.22,1039.22,0,68992
2026-03-20 21:01:00,1041.88,1041.88,1039.82,1040.0,1385,69002
2026-03-20 21:02:00,1040.06,1041.36,1040.06,1040.94,794,69034
2026-03-20 21:03:00,1040.84,1041.38,1040.02,1040.02,1029,69121
2026-03-20 21:04:00,1040.04,1041.36,1039.88,1041.18,766,69164
2026-03-20 21:05:00,1041.18,1041.18,1038.76,1039.46,794,69252
2026-03-20 21:06:00,1039.34,1040.14,1038.62,1038.98,850,69306
2026-03-20 21:07:00,1038.96,1039.24,1037.2,1037.22,837,69365
2026-03-20 21:08:00,1037.14,1038.94,1037.14,1037.64,779,69463
2026-03-20 21:09:00,1037.08,1038.22,1036.9,1037.98,739,69514
2026-03-20 21:10:00,1038.06,1038.62,1037.62,1038.28,396,69511
2026-03-20 21:11:00,1038.26,1038.6,1036.1,1036.52,862,69555
2026-03-20 21:12:00,1036.54,1038.66,1035.82,1038.0,754,69546
2026-03-20 21:13:00,1038.1,1038.1,1036.48,1036.7,491,69570
2026-03-20 21:14:00,1036.78,1038.06,1036.74,1037.68,425,69545
2026-03-20 21:15:00,1037.68,1038.2,1037.48,1037.86,294,69521
2026-03-20 21:16:00,1037.88,1038.02,1037.36,1037.74,325,69489
2026-03-20 21:17:00,1037.7,1037.84,1037.0,1037.06,278,69513
2026-03-20 21:18:00,1037.08,1037.36,1036.48,1036.66,454,69525
2026-03-20 21:19:00,1036.64,1038.24,1036.6,1038.1,436,69536
2026-03-20 21:20:00,1038.12,1038.66,1037.78,1038.24,409,69519
2026-03-20 21:21:00,1038.4,1039.36,1038.4,1039.32,564,69491
2026-03-20 21:22:00,1039.4,1039.4,1038.72,1038.94,354,69474
2026-03-20 21:23:00,1039.0,1039.0,1038.0,1038.16,300,69491
2026-03-20 21:24:00,1038.2,1038.8,1037.98,1037.98,303,69503
2026-03-20 21:25:00,1037.92,1038.0,1037.52,1037.74,221,69542
2026-03-20 21:26:00,1037.92,1038.38,1037.48,1038.08,322,69517
2026-03-20 21:27:00,1038.08,1038.46,1037.6,1037.68,260,69518
2026-03-20 21:28:00,1037.76,1038.38,1037.4,1037.84,267,69510
2026-03-20 21:29:00,1037.6,1038.2,1037.42,1037.88,207,69503
2026-03-20 21:30:00,1037.88,1038.42,1037.84,1037.84,265,69496
2026-03-20 21:31:00,1037.22,1038.58,1036.08,1036.74,1198,69517
2026-03-20 21:32:00,1036.76,1037.0,1034.36,1036.0,1179,69477
2026-03-20 21:33:00,1036.0,1038.18,1035.2,1035.28,1055,69460
2026-03-20 21:34:00,1035.52,1036.4,1034.42,1034.42,673,69452
2026-03-20 21:35:00,1034.4,1034.96,1034.06,1034.52,758,69482
2026-03-20 21:36:00,1034.66,1035.38,1032.56,1035.1,1232,69483
2026-03-20 21:37:00,1035.14,1037.3,1035.02,1036.66,843,69497
2026-03-20 21:38:00,1036.78,1037.18,1035.72,1036.1,722,69518
2026-03-20 21:39:00,1036.02,1036.84,1035.06,1035.98,628,69489
2026-03-20 21:40:00,1035.78,1036.48,1035.26,1036.42,523,69464
2026-03-20 21:41:00,1036.4,1037.0,1035.38,1036.58,563,69453
2026-03-20 21:42:00,1036.58,1036.92,1034.94,1036.72,639,69411
2026-03-20 21:43:00,1036.8,1038.34,1036.04,1037.3,700,69432
2026-03-20 21:44:00,1037.44,1038.5,1036.94,1038.06,704,69398
2026-03-20 21:45:00,1038.0,1038.06,1037.06,1037.96,427,69390
2026-03-20 21:46:00,1037.88,1038.74,1037.66,1037.9,583,69348
2026-03-20 21:47:00,1037.82,1038.3,1036.14,1036.48,739,69264
2026-03-20 21:48:00,1036.74,1036.94,1035.86,1036.64,687,69266
2026-03-20 21:49:00,1036.56,1037.08,1036.04,1036.68,619,69309
2026-03-20 21:50:00,1036.76,1036.76,1036.14,1036.4,444,69262
2026-03-20 21:51:00,1036.1,1036.42,1034.86,1035.04,616,69303
2026-03-20 21:52:00,1034.9,1034.98,1032.04,1032.08,989,69332
2026-03-20 21:53:00,1032.18,1033.58,1031.58,1031.58,1116,69321
2026-03-20 21:54:00,1031.62,1031.62,1030.4,1031.18,1208,69334
2026-03-20 21:55:00,1031.04,1031.68,1030.28,1030.58,1023,69311
2026-03-20 21:56:00,1030.64,1031.68,1029.62,1030.8,1267,69257
2026-03-20 21:57:00,1030.64,1031.54,1030.56,1031.38,469,69260
2026-03-20 21:58:00,1031.3,1031.8,1030.86,1030.86,613,69261
2026-03-20 21:59:00,1030.88,1031.0,1028.86,1029.28,1278,69356
2026-03-20 22:00:00,1029.22,1029.78,1028.6,1029.12,866,69391
2026-03-20 22:01:00,1029.16,1029.7,1027.56,1029.66,1024,69448
2026-03-20 22:02:00,1029.8,1030.52,1027.48,1027.74,906,69406
2026-03-20 22:03:00,1027.82,1029.78,1027.34,1029.64,762,69416
2026-03-20 22:04:00,1029.76,1030.22,1028.38,1028.74,763,69325
2026-03-20 22:05:00,1028.82,1029.56,1028.56,1028.94,406,69321
2026-03-20 22:06:00,1028.84,1030.38,1028.76,1029.74,682,69323
2026-03-20 22:07:00,1029.86,1030.24,1029.18,1029.32,602,69295
2026-03-20 22:08:00,1029.44,1030.2,1028.16,1028.54,641,69267
2026-03-20 22:09:00,1028.6,1029.3,1026.3,1026.48,1074,69243
2026-03-20 22:10:00,1026.4,1028.14,1026.36,1027.94,794,69142
2026-03-20 22:11:00,1028.0,1029.84,1027.86,1028.86,614,69139
2026-03-20 22:12:00,1028.86,1028.88,1026.22,1026.28,700,69176
2026-03-20 22:13:00,1026.0,1026.92,1024.6,1024.7,945,69228
2026-03-20 22:14:00,1024.7,1025.0,1024.0,1024.94,1206,69359
2026-03-20 22:15:00,1024.72,1024.72,1023.1,1023.28,785,69457
2026-03-20 22:16:00,1023.28,1023.38,1020.7,1021.64,1382,69531
2026-03-20 22:17:00,1021.56,1022.3,1020.68,1021.92,1181,69511
2026-03-20 22:18:00,1022.1,1023.5,1019.98,1020.16,1432,69459
2026-03-20 22:19:00,1020.1,1021.04,1017.66,1017.66,1435,69521
2026-03-20 22:20:00,1017.62,1021.18,1017.36,1020.9,1370,69506
2026-03-20 22:21:00,1021.02,1021.16,1019.4,1019.78,1064,69455
2026-03-20 22:22:00,1019.88,1021.76,1019.08,1020.12,1171,69350
2026-03-20 22:23:00,1020.08,1020.64,1019.4,1019.4,998,69287
2026-03-20 22:24:00,1019.36,1021.1,1018.88,1020.86,1038,69249
2026-03-20 22:25:00,1020.86,1020.88,1018.0,1019.9,1224,69257
2026-03-20 22:26:00,1019.84,1019.96,1016.58,1017.8,1425,69213
2026-03-20 22:27:00,1017.68,1018.16,1016.88,1017.68,828,69169
2026-03-20 22:28:00,1017.68,1019.08,1016.84,1017.14,1105,69121
2026-03-20 22:29:00,1016.96,1018.1,1016.12,1016.68,865,69094
2026-03-20 22:30:00,1016.58,1017.86,1016.58,1017.5,773,69105
2026-03-20 22:31:00,1017.4,1020.48,1017.38,1020.04,1103,69036
2026-03-20 22:32:00,1020.12,1020.12,1019.22,1019.8,533,69009
2026-03-20 22:33:00,1019.8,1021.28,1019.6,1020.3,937,68927
2026-03-20 22:34:00,1020.2,1021.56,1020.02,1021.48,929,68815
2026-03-20 22:35:00,1021.66,1022.48,1020.72,1022.4,915,68796
2026-03-20 22:36:00,1022.6,1022.86,1021.92,1022.3,741,68788
2026-03-20 22:37:00,1022.36,1023.82,1021.92,1023.08,1163,68795
2026-03-20 22:38:00,1023.0,1023.36,1021.22,1021.9,934,68669
2026-03-20 22:39:00,1022.14,1022.28,1021.34,1021.9,655,68716
2026-03-20 22:40:00,1021.9,1022.4,1021.58,1021.68,474,68712
2026-03-20 22:41:00,1021.66,1022.76,1021.22,1021.86,646,68668
2026-03-20 22:42:00,1021.86,1022.64,1020.8,1020.82,553,68631
2026-03-20 22:43:00,1020.74,1022.3,1020.66,1021.34,575,68551
2026-03-20 22:44:00,1021.26,1021.66,1020.44,1020.84,501,68522
2026-03-20 22:45:00,1020.84,1022.3,1020.66,1022.1,445,68496
2026-03-20 22:46:00,1022.1,1022.2,1020.94,1022.2,68,68444
2026-03-20 22:47:00,1022.3,1023.24,1021.0,1021.0,715,68412
2026-03-20 22:48:00,1020.52,1021.24,1018.5,1018.9,781,68386
2026-03-20 22:49:00,1018.76,1021.72,1018.76,1021.18,770,68387
2026-03-20 22:50:00,1021.22,1021.5,1019.64,1019.64,426,68360
2026-03-20 22:51:00,1019.56,1020.42,1019.2,1020.14,444,68382
2026-03-20 22:52:00,1020.1,1020.72,1019.94,1020.5,266,68359
2026-03-20 22:53:00,1020.62,1020.72,1020.0,1020.4,298,68375
2026-03-20 22:54:00,1020.4,1020.88,1020.2,1020.88,300,68349
2026-03-20 22:55:00,1020.92,1020.92,1016.86,1017.56,904,68381
2026-03-20 22:56:00,1017.68,1018.8,1016.36,1018.8,1109,68473
2026-03-20 22:57:00,1018.8,1019.26,1017.88,1017.96,601,68401
2026-03-20 22:58:00,1018.12,1020.16,1018.0,1020.16,520,68392
2026-03-20 22:59:00,1020.3,1020.44,1018.88,1019.18,622,68374
2026-03-20 23:00:00,1019.2,1019.2,1018.26,1018.98,449,68371
2026-03-20 23:01:00,1018.98,1020.82,1018.98,1020.12,912,68387
2026-03-20 23:02:00,1019.96,1021.5,1019.5,1021.5,5,68430
2026-03-20 23:03:00,1021.5,1022.44,1020.72,1020.78,17,68390
2026-03-20 23:04:00,1020.72,1021.08,1020.18,1020.36,54,68391
2026-03-20 23:05:00,1020.4,1021.1,1019.64,1021.1,23,68413
2026-03-20 23:06:00,1021.0,1021.7,1020.5,1020.66,61,68455
2026-03-20 23:07:00,1020.54,1020.88,1019.68,1020.28,5,68483
2026-03-20 23:08:00,1020.08,1020.26,1019.58,1019.98,28,68474
2026-03-20 23:09:00,1020.08,1020.08,1018.36,1018.76,36,68535
2026-03-20 23:10:00,1018.82,1019.48,1018.68,1019.26,54,68570
2026-03-20 23:11:00,1019.24,1019.62,1018.9,1019.16,38,68576
2026-03-20 23:12:00,1019.16,1020.5,1018.74,1020.0,18,68577
2026-03-20 23:13:00,1020.0,1021.86,1019.5,1021.86,16,68521
2026-03-20 23:14:00,1021.6,1021.76,1020.8,1021.68,9,68524
2026-03-20 23:15:00,1021.66,1021.78,1021.12,1021.44,20,68511
2026-03-20 23:16:00,1021.44,1021.68,1020.9,1020.9,29,68499
2026-03-20 23:17:00,1020.8,1021.04,1018.0,1018.98,25,68508
2026-03-20 23:18:00,1018.74,1020.34,1018.74,1020.02,19,68449
2026-03-20 23:19:00,1020.02,1020.18,1019.28,1019.8,18,68459
2026-03-20 23:20:00,1019.7,1019.7,1018.64,1018.78,56,68448
2026-03-20 23:21:00,1018.78,1019.12,1017.98,1018.08,119,68510
2026-03-20 23:22:00,1018.2,1019.2,1018.14,1019.16,51,68485
2026-03-20 23:23:00,1019.16,1019.16,1018.7,1019.12,4,68459
2026-03-20 23:24:00,1019.06,1020.86,1018.56,1020.72,26,68412
2026-03-20 23:25:00,1020.76,1020.8,1018.52,1018.52,27,68362
2026-03-20 23:26:00,1018.36,1019.18,1014.84,1014.84,69,68516
2026-03-20 23:27:00,1014.48,1016.42,1014.0,1014.16,31,68511
2026-03-20 23:28:00,1014.38,1016.0,1014.26,1015.82,19,68495
2026-03-20 23:29:00,1015.76,1017.58,1015.44,1017.22,38,68492
2026-03-20 23:30:00,1017.18,1018.96,1017.12,1018.9,44,68481
2026-03-20 23:31:00,1018.88,1019.84,1017.5,1018.72,35,68422
2026-03-20 23:32:00,1018.8,1020.0,1018.0,1019.84,30,68417
2026-03-20 23:33:00,1019.86,1020.24,1019.56,1019.84,11,68428
2026-03-20 23:34:00,1019.84,1021.14,1019.44,1021.0,108,68474
2026-03-20 23:35:00,1021.12,1021.24,1019.5,1019.56,33,68436
2026-03-20 23:36:00,1019.56,1019.72,1018.36,1018.78,72,68439
2026-03-20 23:37:00,1018.78,1019.4,1018.02,1018.88,9,68428
2026-03-20 23:38:00,1018.62,1019.14,1018.26,1018.54,3,68360
2026-03-20 23:39:00,1018.48,1018.92,1017.84,1018.46,4,68339
2026-03-20 23:40:00,1018.52,1019.26,1018.24,1018.24,4,68308
2026-03-20 23:41:00,1018.34,1018.54,1017.54,1017.6,32,68335
2026-03-20 23:42:00,1017.64,1018.2,1017.06,1017.72,25,68327
2026-03-20 23:43:00,1017.48,1018.62,1017.4,1018.38,14,68354
2026-03-20 23:44:00,1018.3,1019.2,1018.3,1019.16,40,68328
2026-03-20 23:45:00,1019.24,1019.28,1018.34,1018.5,27,68330
2026-03-20 23:46:00,1018.48,1018.7,1017.24,1017.82,74,68290
2026-03-20 23:47:00,1017.86,1018.0,1016.5,1016.8,5,68271
2026-03-20 23:48:00,1016.66,1017.3,1016.5,1017.16,2,68280
2026-03-20 23:49:00,1017.16,1017.46,1015.4,1015.76,44,68323
2026-03-20 23:50:00,1015.88,1016.28,1014.52,1015.8,8,68325
2026-03-20 23:51:00,1015.72,1016.16,1014.96,1015.12,18,68369
2026-03-20 23:52:00,1015.06,1017.36,1015.04,1016.92,13,68363
2026-03-20 23:53:00,1016.98,1017.86,1016.92,1017.46,18,68326
2026-03-20 23:54:00,1017.48,1017.96,1017.42,1017.74,7,68323
2026-03-20 23:55:00,1017.76,1018.22,1017.3,1017.72,3,68301
2026-03-20 23:56:00,1017.66,1017.92,1017.0,1017.2,11,68304
2026-03-20 23:57:00,1017.2,1017.26,1016.54,1016.62,21,68316
2026-03-20 23:58:00,1016.74,1017.44,1016.54,1017.22,37,68312
2026-03-20 23:59:00,1017.22,1017.26,1016.4,1016.76,8,68313
2026-03-21 00:01:00,1017.0,1018.74,1016.62,1018.64,87,68270
2026-03-21 00:02:00,1018.64,1018.86,1017.84,1018.76,76,68248
2026-03-21 00:03:00,1018.7,1018.94,1018.24,1018.42,1,68199
2026-03-21 00:04:00,1018.44,1020.58,1018.42,1020.58,28,68128
2026-03-21 00:05:00,1020.6,1021.66,1020.6,1021.26,12,68155
2026-03-21 00:06:00,1021.26,1022.38,1020.22,1022.3,30,68165
2026-03-21 00:07:00,1022.32,1022.6,1021.54,1021.54,14,68170
2026-03-21 00:08:00,1021.56,1022.16,1020.6,1020.96,28,68185
2026-03-21 00:09:00,1021.08,1021.36,1020.66,1021.0,21,68172
2026-03-21 00:10:00,1021.0,1021.0,1020.22,1020.8,12,68153
2026-03-21 00:11:00,1020.88,1021.24,1020.02,1021.18,34,68140
2026-03-21 00:12:00,1021.18,1022.48,1021.0,1022.34,79,68142
2026-03-21 00:13:00,1022.32,1024.0,1022.32,1023.3,35,68080
2026-03-21 00:14:00,1023.28,1023.74,1022.56,1023.64,57,68104
2026-03-21 00:15:00,1023.5,1024.22,1023.06,1024.22,47,68058
2026-03-21 00:16:00,1024.22,1025.2,1023.9,1024.4,3,68081
2026-03-21 00:17:00,1024.38,1024.38,1023.36,1023.72,9,68100
2026-03-21 00:18:00,1023.9,1025.5,1023.72,1025.1,27,68100
2026-03-21 00:19:00,1025.2,1026.2,1025.16,1026.0,10,68130
2026-03-21 00:20:00,1025.98,1027.42,1025.8,1027.26,8,68166
2026-03-21 00:21:00,1027.28,1029.16,1027.2,1028.98,35,68201
2026-03-21 00:22:00,1028.98,1029.52,1027.56,1028.52,112,68086
2026-03-21 00:23:00,1028.52,1028.52,1026.76,1027.28,53,68110
2026-03-21 00:24:00,1027.18,1027.74,1026.34,1026.72,25,68077
2026-03-21 00:25:00,1026.64,1026.72,1025.52,1025.82,51,68043
2026-03-21 00:26:00,1025.8,1025.82,1024.8,1024.92,112,68043
2026-03-21 00:27:00,1024.82,1025.14,1023.7,1023.92,13,68043
2026-03-21 00:28:00,1023.86,1024.42,1023.54,1023.98,13,67992
2026-03-21 00:29:00,1023.98,1024.4,1023.1,1023.98,8,67981
2026-03-21 00:30:00,1023.98,1024.16,1023.1,1023.38,8,67991
2026-03-21 00:31:00,1023.38,1023.68,1022.34,1022.72,27,68016
2026-03-21 00:32:00,1022.58,1022.58,1020.56,1021.56,55,68061
2026-03-21 00:33:00,1021.68,1021.96,1021.3,1021.94,27,68026
2026-03-21 00:34:00,1021.94,1023.4,1021.94,1023.34,14,68044
2026-03-21 00:35:00,1023.32,1023.38,1022.52,1022.82,8,68010
2026-03-21 00:36:00,1022.82,1024.5,1022.82,1023.94,21,68011
2026-03-21 00:37:00,1024.0,1024.68,1023.78,1024.62,24,67978
2026-03-21 00:38:00,1024.54,1025.18,1024.32,1024.4,30,67949
2026-03-21 00:39:00,1024.36,1024.56,1023.22,1024.28,24,67895
2026-03-21 00:40:00,1024.4,1025.62,1024.3,1024.9,19,67889
2026-03-21 00:41:00,1025.0,1025.28,1024.54,1024.76,26,67879
2026-03-21 00:42:00,1024.68,1025.2,1024.48,1024.68,24,67855
2026-03-21 00:43:00,1024.66,1024.68,1023.56,1023.86,33,67866
2026-03-21 00:44:00,1023.86,1024.42,1023.32,1023.4,44,67874
2026-03-21 00:45:00,1023.44,1023.46,1022.48,1022.86,3,67906
2026-03-21 00:46:00,1022.86,1023.22,1022.2,1022.66,4,67928
2026-03-21 00:47:00,1022.66,1022.88,1022.04,1022.7,48,67941
2026-03-21 00:48:00,1022.72,1022.94,1020.52,1021.14,160,67966
2026-03-21 00:49:00,1021.28,1021.68,1020.3,1020.38,151,68009
2026-03-21 00:50:00,1020.46,1022.12,1020.44,1022.1,36,67944
2026-03-21 00:51:00,1022.1,1022.52,1021.78,1021.84,9,67926
2026-03-21 00:52:00,1021.96,1021.96,1021.0,1021.42,9,67902
2026-03-21 00:53:00,1021.22,1021.94,1021.12,1021.8,12,67901
2026-03-21 00:54:00,1021.8,1022.8,1021.8,1022.5,31,67867
2026-03-21 00:55:00,1022.5,1022.8,1022.14,1022.66,15,67905
2026-03-21 00:56:00,1022.66,1023.72,1022.6,1023.54,8,67908
2026-03-21 00:57:00,1023.54,1024.02,1023.28,1023.42,11,67868
2026-03-21 00:58:00,1023.4,1023.4,1022.34,1022.7,15,67810
2026-03-21 00:59:00,1022.74,1023.58,1022.7,1023.34,14,67782
2026-03-21 01:00:00,1023.36,1023.48,1022.88,1023.0,13,67745
2026-03-21 01:01:00,1023.0,1024.36,1023.0,1023.78,36,67721
2026-03-21 01:02:00,1023.86,1023.98,1022.76,1023.78,20,67778
2026-03-21 01:03:00,1024.0,1025.16,1023.94,1025.06,26,67804
2026-03-21 01:04:00,1024.96,1025.18,1023.62,1023.92,71,67823
2026-03-21 01:05:00,1023.8,1024.78,1023.78,1024.72,6,67797
2026-03-21 01:06:00,1024.72,1024.72,1021.54,1022.2,170,67745
2026-03-21 01:07:00,1022.18,1024.78,1021.96,1024.58,39,67762
2026-03-21 01:08:00,1024.46,1026.44,1023.52,1025.8,98,67701
2026-03-21 01:09:00,1025.8,1026.8,1025.22,1026.0,34,67643
2026-03-21 01:10:00,1026.0,1026.0,1024.68,1024.84,39,67599
2026-03-21 01:11:00,1024.82,1025.32,1024.5,1024.56,40,67573
2026-03-21 01:12:00,1024.7,1024.72,1023.62,1024.14,8,67565
2026-03-21 01:13:00,1024.14,1024.16,1023.0,1023.74,6,67532
2026-03-21 01:14:00,1023.76,1024.18,1023.12,1023.24,3,67572
2026-03-21 01:15:00,1023.26,1023.58,1023.0,1023.14,24,67573
2026-03-21 01:16:00,1023.14,1023.22,1021.82,1021.82,69,67660
2026-03-21 01:17:00,1021.88,1022.42,1021.66,1021.98,39,67649
2026-03-21 01:18:00,1021.98,1022.04,1021.28,1021.64,69,67658
2026-03-21 01:19:00,1021.64,1022.4,1021.42,1021.88,1,67653
2026-03-21 01:20:00,1021.88,1022.4,1021.6,1021.76,19,67699
2026-03-21 01:21:00,1021.76,1022.3,1021.58,1022.14,11,67732
2026-03-21 01:22:00,1022.14,1022.28,1021.26,1021.56,6,67732
2026-03-21 01:23:00,1021.56,1022.2,1021.56,1022.2,20,67706
2026-03-21 01:24:00,1022.2,1022.38,1021.16,1021.2,40,67688
2026-03-21 01:25:00,1021.14,1021.68,1020.2,1020.74,108,67652
2026-03-21 01:26:00,1020.56,1021.8,1020.4,1021.68,7,67642
2026-03-21 01:27:00,1021.6,1021.6,1020.5,1021.04,25,67655
2026-03-21 01:28:00,1020.88,1020.94,1020.2,1020.42,24,67647
2026-03-21 01:29:00,1020.42,1021.5,1020.42,1021.22,21,67626
2026-03-21 01:30:00,1021.34,1021.34,1020.62,1020.8,21,67596
2026-03-21 01:31:00,1020.8,1021.14,1020.4,1020.94,18,67581
2026-03-21 01:32:00,1020.98,1021.14,1019.06,1019.88,31,67596
2026-03-21 01:33:00,1019.78,1019.78,1018.38,1018.52,49,67558
2026-03-21 01:34:00,1018.62,1019.08,1018.26,1018.52,3,67545
2026-03-21 01:35:00,1018.52,1018.76,1018.0,1018.64,12,67613
2026-03-21 01:36:00,1018.8,1019.68,1017.8,1018.14,70,67672
2026-03-21 01:37:00,1017.94,1018.48,1017.0,1017.72,26,67600
2026-03-21 01:38:00,1017.72,1018.94,1017.44,1018.54,16,67579
2026-03-21 01:39:00,1018.54,1019.6,1018.42,1019.06,60,67647
2026-03-21 01:40:00,1019.2,1019.7,1018.86,1018.86,42,67663
2026-03-21 01:41:00,1018.86,1018.98,1018.2,1018.98,2,67621
2026-03-21 01:42:00,1018.98,1019.2,1018.34,1018.94,26,67646
2026-03-21 01:43:00,1018.94,1019.7,1018.86,1019.1,6,67636
2026-03-21 01:44:00,1019.0,1019.46,1018.64,1019.46,8,67608
2026-03-21 01:45:00,1019.46,1019.86,1019.28,1019.72,23,67586
2026-03-21 01:46:00,1019.72,1020.42,1019.38,1019.38,27,67589
2026-03-21 01:47:00,1019.36,1019.98,1019.0,1019.98,13,67568
2026-03-21 01:48:00,1019.98,1020.02,1019.44,1019.52,12,67551
2026-03-21 01:49:00,1019.52,1019.64,1019.02,1019.5,19,67541
2026-03-21 01:50:00,1019.5,1019.72,1018.86,1019.1,4,67517
2026-03-21 01:51:00,1019.1,1019.92,1018.86,1019.92,8,67502
2026-03-21 01:52:00,1019.92,1020.64,1019.92,1020.16,75,67497
2026-03-21 01:53:00,1020.66,1020.66,1019.8,1020.44,16,67466
2026-03-21 01:54:00,1020.44,1021.46,1020.36,1021.46,4,67471
2026-03-21 01:55:00,1021.44,1021.58,1021.06,1021.42,16,67443
2026-03-21 01:56:00,1021.48,1021.68,1020.8,1021.0,5,67407
2026-03-21 01:57:00,1020.92,1021.2,1020.8,1021.08,2,67382
2026-03-21 01:58:00,1021.08,1021.2,1020.68,1021.16,1,67357
2026-03-21 01:59:00,1021.16,1021.52,1020.54,1020.54,20,67327
2026-03-21 02:00:00,1020.54,1020.88,1020.32,1020.74,1,67306
2026-03-21 02:01:00,1020.86,1022.0,1020.62,1021.14,13,67280
2026-03-21 02:02:00,1021.14,1021.24,1020.8,1020.8,15,67266
2026-03-21 02:03:00,1020.8,1021.56,1020.8,1021.38,25,67244
2026-03-21 02:04:00,1021.42,1021.56,1020.38,1020.64,14,67247
2026-03-21 02:05:00,1020.64,1020.68,1020.3,1020.3,10,67223
2026-03-21 02:06:00,1020.3,1020.9,1020.3,1020.5,8,67209
2026-03-21 02:07:00,1020.5,1021.44,1020.34,1021.04,6,67212
2026-03-21 02:08:00,1021.04,1021.3,1020.76,1021.2,1,67180
2026-03-21 02:09:00,1021.08,1021.32,1020.58,1020.7,6,67171
2026-03-21 02:10:00,1020.58,1020.58,1019.54,1019.82,66,67146
2026-03-21 02:11:00,1019.82,1019.96,1018.7,1018.7,71,67180
2026-03-21 02:12:00,1018.66,1019.52,1018.66,1019.08,12,67133
2026-03-21 02:13:00,1019.08,1020.44,1019.08,1020.34,27,67087
2026-03-21 02:14:00,1020.38,1021.18,1019.74,1019.74,16,67060
2026-03-21 02:15:00,1019.76,1019.76,1018.72,1018.92,18,67076
2026-03-21 02:16:00,1018.92,1019.2,1018.2,1018.36,19,67072
2026-03-21 02:17:00,1018.36,1019.0,1018.06,1018.4,25,67073
2026-03-21 02:18:00,1018.48,1018.76,1018.2,1018.38,22,67079
2026-03-21 02:19:00,1018.38,1018.58,1018.16,1018.52,9,67046
2026-03-21 02:20:00,1018.52,1019.28,1018.52,1019.26,2,67033
2026-03-21 02:21:00,1019.26,1019.62,1018.26,1018.38,9,67016
2026-03-21 02:22:00,1018.38,1018.9,1018.0,1018.0,58,67002
2026-03-21 02:23:00,1018.0,1018.18,1013.0,1014.08,246,66992
2026-03-21 02:24:00,1014.08,1015.02,1013.4,1015.0,96,66983
2026-03-21 02:25:00,1015.0,1016.0,1014.48,1015.8,17,66979
2026-03-21 02:26:00,1015.54,1016.66,1015.54,1016.56,21,66979
2026-03-21 02:27:00,1016.68,1017.5,1016.6,1017.3,41,66935
2026-03-21 02:28:00,1017.3,1017.56,1016.62,1017.36,23,66877
2026-03-21 02:29:00,1017.36,1017.58,1016.0,1016.82,1,66867
2026-03-21 02:30:00,1016.88,1017.0,1015.98,1016.12,3,66757
2026-03-23 00:00:00,1016.66,1017.52,1016.54,1017.0,96,68306
