combo_len,buy_pos,signal_len,buy_time,buy_price,sell_time,sell_price,hold_len,long_pnl_pct,long_win,short_pnl_pct,short_win,signal_detail,buy_type
7,5,5,2026-03-19 10:50:00,1083.16,2026-03-19 10:51:00,1083.02,1,-0.012925144946277561,False,0.012925144946277561,True,1#大阳+0.02%;2#长上影阳+0.00%;3#长下影阴-0.02%;4#大阴-0.02%;5#长下影阴-0.01%,中阴
7,5,5,2026-03-19 10:51:00,1083.02,2026-03-19 10:52:00,1082.7,1,-0.02954700744214662,False,0.02954700744214662,True,1#长上影阳+0.00%;2#长下影阴-0.02%;3#大阴-0.02%;4#长下影阴-0.01%;5#中阴-0.02%,中阴
7,5,5,2026-03-19 10:52:00,1082.7,2026-03-19 10:53:00,1082.96,1,0.024014038976631652,True,-0.024014038976631652,False,1#长下影阴-0.02%;2#大阴-0.02%;3#长下影阴-0.01%;4#中阴-0.02%;5#中阴-0.01%,大阴
7,5,5,2026-03-19 10:53:00,1082.96,2026-03-19 10:54:00,1083.52,1,0.051710127797882234,True,-0.051710127797882234,False,1#大阴-0.02%;2#长下影阴-0.01%;3#中阴-0.02%;4#中阴-0.01%;5#大阴-0.03%,大阳
7,5,5,2026-03-19 11:00:00,1083.96,2026-03-19 11:01:00,1084.04,1,0.0073803461382271705,True,-0.0073803461382271705,False,1#大阳+0.06%;2#长上影阳+0.01%;3#长上影阴-0.01%;4#中阴-0.01%;5#大阴-0.04%,大阳
7,5,5,2026-03-19 11:25:00,1083.6,2026-03-19 11:26:00,1083.66,1,0.005537098560370322,True,-0.005537098560370322,False,1#中阳+0.01%;2#大阴-0.04%;3#长下影阴-0.01%;4#中阴-0.01%;5#大阴-0.04%,中阴
7,5,5,2026-03-19 11:26:00,1083.66,2026-03-19 11:27:00,1084.02,1,0.03322075189634202,True,-0.03322075189634202,False,1#大阴-0.04%;2#长下影阴-0.01%;3#中阴-0.01%;4#大阴-0.04%;5#中阴-0.02%,T字
7,5,5,2026-03-19 13:35:00,1080.1,2026-03-19 13:36:00,1080.04,1,-0.0055550411998838475,False,0.0055550411998838475,True,1#中阳+0.02%;2#大阴-0.13%;3#中阴-0.02%;4#长下影阴-0.02%;5#长上影阴-0.01%,小阴
7,5,5,2026-03-19 13:36:00,1080.04,2026-03-19 13:37:00,1079.82,1,-0.02036961594015289,False,0.02036961594015289,True,1#大阴-0.13%;2#中阴-0.02%;3#长下影阴-0.02%;4#长上影阴-0.01%;5#小阴-0.01%,小阴
7,5,5,2026-03-19 13:37:00,1079.82,2026-03-19 13:38:00,1079.34,1,-0.04445185308662723,False,0.04445185308662723,True,1#中阴-0.02%;2#长下影阴-0.02%;3#长上影阴-0.01%;4#小阴-0.01%;5#小阴-0.01%,小阴
7,5,5,2026-03-19 13:38:00,1079.34,2026-03-19 13:39:00,1078.72,1,-0.05744251116421989,False,0.05744251116421989,True,1#长下影阴-0.02%;2#长上影阴-0.01%;3#小阴-0.01%;4#小阴-0.01%;5#小阴-0.01%,大阴
7,5,5,2026-03-19 13:39:00,1078.72,2026-03-19 13:40:00,1078.2,1,-0.04820528033224394,False,0.04820528033224394,True,1#长上影阴-0.01%;2#小阴-0.01%;3#小阴-0.01%;4#小阴-0.01%;5#大阴-0.04%,大阴
7,5,5,2026-03-19 13:40:00,1078.2,2026-03-19 13:41:00,1078.84,1,0.059358189575206145,True,-0.059358189575206145,False,1#小阴-0.01%;2#小阴-0.01%;3#小阴-0.01%;4#大阴-0.04%;5#大阴-0.06%,大阴
7,5,5,2026-03-19 13:41:00,1078.84,2026-03-19 13:42:00,1078.66,1,-0.016684587149145037,False,0.016684587149145037,True,1#小阴-0.01%;2#小阴-0.01%;3#大阴-0.04%;4#大阴-0.06%;5#大阴-0.05%,大阳
7,5,5,2026-03-19 13:58:00,1077.64,2026-03-19 13:59:00,1077.52,1,-0.01113544411864057,False,0.01113544411864057,True,1#中阳+0.02%;2#中阴-0.02%;3#大阴-0.06%;4#大阴-0.06%;5#中阴-0.05%,长上影阳
7,5,5,2026-03-19 14:18:00,1076.4,2026-03-19 14:19:00,1075.84,1,-0.05202526941658982,False,0.05202526941658982,True,1#大阳+0.04%;2#大阴-0.02%;3#中阴-0.01%;4#大阴-0.05%;5#中阴-0.03%,大阴
7,5,5,2026-03-19 14:19:00,1075.84,2026-03-19 14:20:00,1075.28,1,-0.05205234979178553,False,0.05205234979178553,True,1#大阴-0.02%;2#中阴-0.01%;3#大阴-0.05%;4#中阴-0.03%;5#大阴-0.06%,长上影阴
7,5,5,2026-03-19 14:20:00,1075.28,2026-03-19 14:21:00,1074.7,1,-0.05393943902982732,False,0.05393943902982732,True,1#中阴-0.01%;2#大阴-0.05%;3#中阴-0.03%;4#大阴-0.06%;5#长上影阴-0.05%,中阴
7,5,5,2026-03-19 14:21:00,1074.7,2026-03-19 14:22:00,1075.66,1,0.08932725411743149,True,-0.08932725411743149,False,1#大阴-0.05%;2#中阴-0.03%;3#大阴-0.06%;4#长上影阴-0.05%;5#中阴-0.05%,大阴
7,5,5,2026-03-19 14:22:00,1075.66,2026-03-19 14:23:00,1075.32,1,-0.03160850082741252,False,0.03160850082741252,True,1#中阴-0.03%;2#大阴-0.06%;3#长上影阴-0.05%;4#中阴-0.05%;5#大阴-0.05%,大阳
7,5,5,2026-03-19 14:37:00,1071.76,2026-03-19 14:38:00,1068.94,1,-0.2631186086437203,False,0.2631186086437203,True,1#大阳+0.07%;2#大阴-0.09%;3#长下影阴-0.01%;4#大阴-0.10%;5#大阴-0.11%,大阳
7,5,5,2026-03-19 14:49:00,1060.24,2026-03-19 14:50:00,1061.74,1,0.1414774013430921,True,-0.1414774013430921,False,1#大阳+0.19%;2#长下影阴-0.02%;3#大阴-0.18%;4#大阴-0.12%;5#大阴-0.20%,大阴
7,5,5,2026-03-19 14:50:00,1061.74,2026-03-19 14:51:00,1057.9,1,-0.36167046546234655,False,0.36167046546234655,True,1#长下影阴-0.02%;2#大阴-0.18%;3#大阴-0.12%;4#大阴-0.20%;5#大阴-0.15%,中阳
7,5,5,2026-03-19 21:04:00,1011.58,2026-03-19 21:05:00,1014.28,1,0.26690919156170856,True,-0.26690919156170856,False,1#大阳+0.08%;2#一字板+0.00%;3#大阴-0.61%;4#大阴-0.58%;5#大阴-0.38%,大阳
7,5,5,2026-03-19 21:13:00,1010.78,2026-03-19 21:14:00,1011.88,1,0.10882684659372195,True,-0.10882684659372195,False,1#大阳+0.33%;2#中阴-0.18%;3#大阴-0.34%;4#长上影阴-0.09%;5#十字星+0.01%,长下影阳
7,5,5,2026-03-19 21:26:00,1016.78,2026-03-19 21:27:00,1016.72,1,-0.005900981529922444,False,0.005900981529922444,True,1#长下影阳+0.06%;2#小阳+0.02%;3#长下影阴-0.08%;4#倒T-0.02%;5#大阴-0.14%,小阳
7,5,5,2026-03-19 21:27:00,1016.72,2026-03-19 21:28:00,1018.0,1,0.12589503501455393,True,-0.12589503501455393,False,1#小阳+0.02%;2#长下影阴-0.08%;3#倒T-0.02%;4#大阴-0.14%;5#小阳+0.06%,长下影阴
7,5,5,2026-03-19 21:28:00,1018.0,2026-03-19 21:29:00,1019.06,1,0.10412573673869799,True,-0.10412573673869799,False,1#长下影阴-0.08%;2#倒T-0.02%;3#大阴-0.14%;4#小阳+0.06%;5#长下影阴-0.04%,十字星
7,5,5,2026-03-19 22:30:00,1023.8,2026-03-19 22:31:00,1023.72,1,-0.007814026176980586,False,0.007814026176980586,True,1#大阳+0.12%;2#长上影阴-0.05%;3#大阴-0.21%;4#倒T-0.00%;5#十字星-0.00%,中阴
7,5,5,2026-03-19 22:31:00,1023.72,2026-03-19 22:32:00,1025.3,1,0.15433907709138509,True,-0.15433907709138509,False,1#长上影阴-0.05%;2#大阴-0.21%;3#倒T-0.00%;4#十字星-0.00%;5#中阴-0.06%,长上影阴
7,5,5,2026-03-19 22:32:00,1025.3,2026-03-19 22:33:00,1026.42,1,0.10923632107676956,True,-0.10923632107676956,False,1#大阴-0.21%;2#倒T-0.00%;3#十字星-0.00%;4#中阴-0.06%;5#长上影阴-0.07%,长下影阳
7,5,5,2026-03-19 22:57:00,1029.8,2026-03-19 22:58:00,1028.86,1,-0.09127986016702802,False,0.09127986016702802,True,1#大阳+0.17%;2#长下影阴-0.01%;3#中阴-0.03%;4#中阴-0.03%;5#大阴-0.08%,倒T
7,5,5,2026-03-19 22:58:00,1028.86,2026-03-19 22:59:00,1028.1,1,-0.07386816476488453,False,0.07386816476488453,True,1#长下影阴-0.01%;2#中阴-0.03%;3#中阴-0.03%;4#大阴-0.08%;5#倒T+0.00%,小阳
7,5,5,2026-03-19 22:59:00,1028.1,2026-03-19 23:00:00,1027.14,1,-0.09337613072656445,False,0.09337613072656445,True,1#中阴-0.03%;2#中阴-0.03%;3#大阴-0.08%;4#倒T+0.00%;5#小阳+0.04%,长上影阴
7,5,5,2026-03-19 23:00:00,1027.14,2026-03-19 23:01:00,1026.9,1,-0.023365850809043468,False,0.023365850809043468,True,1#中阴-0.03%;2#大阴-0.08%;3#倒T+0.00%;4#小阳+0.04%;5#长上影阴-0.02%,十字星
7,5,5,2026-03-19 23:01:00,1026.9,2026-03-19 23:02:00,1026.28,1,-0.060375888596759,False,0.060375888596759,True,1#大阴-0.08%;2#倒T+0.00%;3#小阳+0.04%;4#长上影阴-0.02%;5#十字星+0.01%,长上影阴
7,5,5,2026-03-19 23:02:00,1026.28,2026-03-19 23:03:00,1027.42,1,0.11108079666368828,True,-0.11108079666368828,False,1#倒T+0.00%;2#小阳+0.04%;3#长上影阴-0.02%;4#十字星+0.01%;5#长上影阴-0.02%,长上影阴
7,5,5,2026-03-19 23:03:00,1027.42,2026-03-19 23:04:00,1028.1,1,0.06618520176751827,True,-0.06618520176751827,False,1#小阳+0.04%;2#长上影阴-0.02%;3#十字星+0.01%;4#长上影阴-0.02%;5#长上影阴-0.06%,中阳
7,5,5,2026-03-19 23:34:00,1021.26,2026-03-19 23:35:00,1022.32,1,0.10379335330866371,True,-0.10379335330866371,False,1#T字+0.00%;2#长下影阴-0.02%;3#大阴-0.14%;4#大阴-0.14%;5#中阴-0.12%,大阴
7,5,5,2026-03-19 23:35:00,1022.32,2026-03-19 23:36:00,1022.6,1,0.02738868456060458,True,-0.02738868456060458,False,1#长下影阴-0.02%;2#大阴-0.14%;3#大阴-0.14%;4#中阴-0.12%;5#大阴-0.18%,中阳
7,5,5,2026-03-20 00:30:00,1025.72,2026-03-20 00:31:00,1025.0,1,-0.07019459501618641,False,0.07019459501618641,True,1#长上影阳+0.05%;2#长上影阴-0.04%;3#十字星-0.01%;4#大阴-0.10%;5#长上影阴-0.02%,倒T
7,5,5,2026-03-20 00:31:00,1025.0,2026-03-20 00:32:00,1024.18,1,-0.0799999999999938,False,0.0799999999999938,True,1#长上影阴-0.04%;2#十字星-0.01%;3#大阴-0.10%;4#长上影阴-0.02%;5#倒T-0.01%,中阴
7,5,5,2026-03-20 00:32:00,1024.18,2026-03-20 00:33:00,1023.92,1,-0.025386162588617686,False,0.025386162588617686,True,1#十字星-0.01%;2#大阴-0.10%;3#长上影阴-0.02%;4#倒T-0.01%;5#中阴-0.07%,大阴
7,5,5,2026-03-20 00:33:00,1023.92,2026-03-20 00:34:00,1024.54,1,0.06055160559418749,True,-0.06055160559418749,False,1#大阴-0.10%;2#长上影阴-0.02%;3#倒T-0.01%;4#中阴-0.07%;5#大阴-0.08%,长上影阴
7,5,5,2026-03-20 00:34:00,1024.54,2026-03-20 00:35:00,1024.12,1,-0.040994007066593084,False,0.040994007066593084,True,1#长上影阴-0.02%;2#倒T-0.01%;3#中阴-0.07%;4#大阴-0.08%;5#长上影阴-0.04%,长下影阳
7,5,5,2026-03-20 01:11:00,1020.78,2026-03-20 01:12:00,1021.76,1,0.09600501577225437,True,-0.09600501577225437,False,1#大阳+0.08%;2#大阴-0.06%;3#大阴-0.07%;4#中阴-0.05%;5#大阴-0.10%,长下影阴
7,5,5,2026-03-20 01:12:00,1021.76,2026-03-20 01:13:00,1021.5,1,-0.025446288756654296,False,0.025446288756654296,True,1#大阴-0.06%;2#大阴-0.07%;3#中阴-0.05%;4#大阴-0.10%;5#长下影阴-0.01%,大阳
7,5,5,2026-03-20 01:37:00,1024.66,2026-03-20 01:38:00,1025.06,1,0.039037339214945795,True,-0.039037339214945795,False,1#中阳+0.07%;2#中阴-0.07%;3#大阴-0.07%;4#长下影阴-0.03%;5#大阴-0.10%,长上影阴
7,5,5,2026-03-20 01:38:00,1025.06,2026-03-20 01:39:00,1025.68,1,0.06048426433575774,True,-0.06048426433575774,False,1#中阴-0.07%;2#大阴-0.07%;3#长下影阴-0.03%;4#大阴-0.10%;5#长上影阴-0.03%,长上影阳
7,5,5,2026-03-20 09:13:00,1035.76,2026-03-20 09:14:00,1036.2,1,0.0424808836023842,True,-0.0424808836023842,False,1#中阳+0.08%;2#长下影阴-0.01%;3#大阴-0.22%;4#小阴-0.02%;5#大阴-0.13%,大阴
7,5,5,2026-03-20 09:14:00,1036.2,2026-03-20 09:15:00,1035.76,1,-0.042462845010620975,False,0.042462845010620975,True,1#长下影阴-0.01%;2#大阴-0.22%;3#小阴-0.02%;4#大阴-0.13%;5#大阴-0.08%,长上影阳
7,5,5,2026-03-20 09:59:00,1042.36,2026-03-20 10:00:00,1042.2,1,-0.015349783184298563,False,0.015349783184298563,True,1#大阳+0.04%;2#大阴-0.08%;3#大阴-0.05%;4#中阴-0.05%;5#大阴-0.04%,大阳
7,5,5,2026-03-20 10:40:00,1043.86,2026-03-20 10:41:00,1043.82,1,-0.0038319314850615623,False,0.0038319314850615623,True,1#小阳+0.01%;2#长上影阴-0.04%;3#大阴-0.11%;4#中阴-0.04%;5#小阴-0.01%,中阳
7,5,5,2026-03-20 13:34:00,1048.78,2026-03-20 13:35:00,1048.22,1,-0.05339537367226163,False,0.05339537367226163,True,1#大阳+0.06%;2#长上影阴-0.01%;3#长上影阴-0.11%;4#中阴-0.08%;5#长下影阴-0.02%,大阴
7,5,5,2026-03-20 13:35:00,1048.22,2026-03-20 13:36:00,1049.56,1,0.127835759668764,True,-0.127835759668764,False,1#长上影阴-0.01%;2#长上影阴-0.11%;3#中阴-0.08%;4#长下影阴-0.02%;5#大阴-0.08%,大阴
7,5,5,2026-03-20 13:36:00,1049.56,2026-03-20 13:37:00,1048.98,1,-0.055261252334304595,False,0.055261252334304595,True,1#长上影阴-0.11%;2#中阴-0.08%;3#长下影阴-0.02%;4#大阴-0.08%;5#大阴-0.06%,大阳
7,5,5,2026-03-20 13:50:00,1048.26,2026-03-20 13:51:00,1048.86,1,0.0572377082021549,True,-0.0572377082021549,False,1#长下影阴-0.01%;2#长上影阴-0.01%;3#倒T-0.01%;4#倒T+0.00%;5#中阴-0.05%,长下影阳
7,5,5,2026-03-20 13:56:00,1046.32,2026-03-20 13:57:00,1046.58,1,0.02484899457144955,True,-0.02484899457144955,False,1#长下影阴-0.04%;2#十字星+0.00%;3#长上影阴-0.03%;4#长上影阴-0.02%;5#大阴-0.05%,T字
7,5,5,2026-03-20 14:13:00,1044.92,2026-03-20 14:14:00,1044.6,1,-0.03062435401754811,False,0.03062435401754811,True,1#长下影阳+0.02%;2#大阴-0.07%;3#中阴-0.07%;4#大阴-0.08%;5#十字星+0.00%,大阳
7,5,5,2026-03-20 14:30:00,1043.58,2026-03-20 14:31:00,1042.9,1,-0.06516031353608122,False,0.06516031353608122,True,1#中阳+0.04%;2#长下影阴-0.02%;3#中阴-0.03%;4#中阴-0.06%;5#大阴-0.08%,大阳
7,5,5,2026-03-20 14:40:00,1039.16,2026-03-20 14:41:00,1038.46,1,-0.06736210015782415,False,0.06736210015782415,True,1#中阳+0.06%;2#大阴-0.07%;3#大阴-0.11%;4#长上影阴-0.01%;5#中阴-0.11%,大阴
7,5,5,2026-03-20 14:41:00,1038.46,2026-03-20 14:42:00,1038.14,1,-0.030814860466453816,False,0.030814860466453816,True,1#大阴-0.07%;2#大阴-0.11%;3#长上影阴-0.01%;4#中阴-0.11%;5#大阴-0.08%,大阴
7,5,5,2026-03-20 14:42:00,1038.14,2026-03-20 14:43:00,1038.02,1,-0.011559134606133876,False,0.011559134606133876,True,1#大阴-0.11%;2#长上影阴-0.01%;3#中阴-0.11%;4#大阴-0.08%;5#大阴-0.07%,长上影阴
7,5,5,2026-03-20 14:43:00,1038.02,2026-03-20 14:44:00,1039.28,1,0.12138494441340157,True,-0.12138494441340157,False,1#长上影阴-0.01%;2#中阴-0.11%;3#大阴-0.08%;4#大阴-0.07%;5#长上影阴-0.03%,长下影阴
7,5,5,2026-03-20 14:44:00,1039.28,2026-03-20 14:45:00,1038.86,1,-0.04041259333385351,False,0.04041259333385351,True,1#中阴-0.11%;2#大阴-0.08%;3#大阴-0.07%;4#长上影阴-0.03%;5#长下影阴-0.03%,大阳
7,5,5,2026-03-20 21:26:00,1038.08,2026-03-20 21:27:00,1037.68,1,-0.03853267570898809,False,0.03853267570898809,True,1#大阳+0.09%;2#大阴-0.04%;3#大阴-0.08%;4#长上影阴-0.02%;5#中阴-0.02%,小阳
7,5,5,2026-03-20 21:34:00,1034.42,2026-03-20 21:35:00,1034.52,1,0.009667253146682106,True,-0.009667253146682106,False,1#中阳+0.03%;2#倒T-0.00%;3#长上影阴-0.05%;4#长下影阴-0.07%;5#长上影阴-0.07%,中阴
7,5,5,2026-03-20 21:35:00,1034.52,2026-03-20 21:36:00,1035.1,1,0.05606464833931942,True,-0.05606464833931942,False,1#倒T-0.00%;2#长上影阴-0.05%;3#长下影阴-0.07%;4#长上影阴-0.07%;5#中阴-0.11%,小阳
7,5,5,2026-03-20 21:54:00,1031.18,2026-03-20 21:55:00,1030.58,1,-0.05818576776121883,False,0.05818576776121883,True,1#小阳+0.01%;2#中阴-0.03%;3#大阴-0.10%;4#大阴-0.27%;5#长上影阴-0.06%,长下影阴
7,5,5,2026-03-20 21:55:00,1030.58,2026-03-20 21:56:00,1030.8,1,0.021347202546141714,True,-0.021347202546141714,False,1#中阴-0.03%;2#大阴-0.10%;3#大阴-0.27%;4#长上影阴-0.06%;5#长下影阴-0.04%,中阴
7,5,5,2026-03-20 21:56:00,1030.8,2026-03-20 21:57:00,1031.38,1,0.056266977105176044,True,-0.056266977105176044,False,1#大阴-0.10%;2#大阴-0.27%;3#长上影阴-0.06%;4#长下影阴-0.04%;5#中阴-0.04%,十字星
7,5,5,2026-03-20 22:29:00,1016.68,2026-03-20 22:30:00,1017.5,1,0.08065467993862868,True,-0.08065467993862868,False,1#大阳+0.15%;2#长下影阴-0.09%;3#大阴-0.20%;4#十字星+0.00%;5#长上影阴-0.05%,长上影阴
7,5,5,2026-03-20 22:30:00,1017.5,2026-03-20 22:31:00,1020.04,1,0.24963144963144604,True,-0.24963144963144604,False,1#长下影阴-0.09%;2#大阴-0.20%;3#十字星+0.00%;4#长上影阴-0.05%;5#长上影阴-0.03%,大阳
7,5,5,2026-03-20 23:10:00,1019.26,2026-03-20 23:11:00,1019.16,1,-0.009811039381514309,False,0.009811039381514309,True,1#长下影阳+0.07%;2#长上影阴-0.03%;3#小阴-0.03%;4#长下影阴-0.01%;5#大阴-0.13%,中阳
7,5,5,2026-03-20 23:18:00,1020.02,2026-03-20 23:19:00,1019.8,1,-0.0215682045450116,False,0.0215682045450116,True,1#大阳+0.18%;2#T字+0.01%;3#中阴-0.02%;4#大阴-0.05%;5#中阴-0.18%,大阳
7,5,5,2026-03-20 23:42:00,1017.72,2026-03-20 23:43:00,1018.38,1,0.06485084306095666,True,-0.06485084306095666,False,1#十字星+0.01%;2#十字星-0.01%;3#十字星-0.00%;4#长上影阴-0.03%;5#大阴-0.07%,十字星
7,5,5,2026-03-21 00:26:00,1024.92,2026-03-21 00:27:00,1023.92,1,-0.09756859071928674,False,0.09756859071928674,True,1#大阳+0.17%;2#小阴-0.04%;3#大阴-0.12%;4#中阴-0.04%;5#大阴-0.08%,大阴
7,5,5,2026-03-21 00:27:00,1023.92,2026-03-21 00:28:00,1023.98,1,0.00585983279944323,True,-0.00585983279944323,False,1#小阴-0.04%;2#大阴-0.12%;3#中阴-0.04%;4#大阴-0.08%;5#大阴-0.09%,大阴
7,5,5,2026-03-21 00:28:00,1023.98,2026-03-21 00:29:00,1023.98,1,0.0,False,0.0,False,1#大阴-0.12%;2#中阴-0.04%;3#大阴-0.08%;4#大阴-0.09%;5#大阴-0.09%,小阳
7,5,5,2026-03-21 00:45:00,1022.86,2026-03-21 00:46:00,1022.66,1,-0.019553018008334033,False,0.019553018008334033,True,1#长上影阳+0.05%;2#中阴-0.02%;3#倒T+0.00%;4#大阴-0.08%;5#长上影阴-0.04%,中阴
7,5,5,2026-03-21 00:46:00,1022.66,2026-03-21 00:47:00,1022.7,1,0.003911368392239582,True,-0.003911368392239582,False,1#中阴-0.02%;2#倒T+0.00%;3#大阴-0.08%;4#长上影阴-0.04%;5#中阴-0.06%,小阴
7,5,5,2026-03-21 00:47:00,1022.7,2026-03-21 00:48:00,1021.14,1,-0.1525374009973657,False,0.1525374009973657,True,1#倒T+0.00%;2#大阴-0.08%;3#长上影阴-0.04%;4#中阴-0.06%;5#小阴-0.02%,T字
7,5,5,2026-03-21 01:14:00,1023.24,2026-03-21 01:15:00,1023.14,1,-0.009772878308121529,False,0.009772878308121529,True,1#长上影阳+0.02%;2#大阴-0.11%;3#长上影阴-0.03%;4#中阴-0.05%;5#长下影阴-0.04%,中阴
7,5,5,2026-03-21 01:15:00,1023.14,2026-03-21 01:16:00,1021.82,1,-0.12901460210723228,False,0.12901460210723228,True,1#大阴-0.11%;2#长上影阴-0.03%;3#中阴-0.05%;4#长下影阴-0.04%;5#中阴-0.05%,长上影阴
7,5,5,2026-03-21 01:16:00,1021.82,2026-03-21 01:17:00,1021.98,1,0.015658335127514453,True,-0.015658335127514453,False,1#长上影阴-0.03%;2#中阴-0.05%;3#长下影阴-0.04%;4#中阴-0.05%;5#长上影阴-0.01%,大阴
7,5,5,2026-03-21 01:17:00,1021.98,2026-03-21 01:18:00,1021.64,1,-0.03326875281316971,False,0.03326875281316971,True,1#中阴-0.05%;2#长下影阴-0.04%;3#中阴-0.05%;4#长上影阴-0.01%;5#大阴-0.13%,长上影阳
8,5,5,2026-03-19 10:50:00,1083.16,2026-03-19 10:52:00,1082.7,2,-0.042468333394885,False,0.042468333394885,True,1#大阳+0.02%;2#长上影阳+0.00%;3#长下影阴-0.02%;4#大阴-0.02%;5#长下影阴-0.01%,中阴
8,5,5,2026-03-19 10:51:00,1083.02,2026-03-19 10:53:00,1082.96,2,-0.005540063895398555,False,0.005540063895398555,True,1#长上影阳+0.00%;2#长下影阴-0.02%;3#大阴-0.02%;4#长下影阴-0.01%;5#中阴-0.02%,中阴
8,5,5,2026-03-19 10:52:00,1082.7,2026-03-19 10:54:00,1083.52,2,0.07573658446475813,True,-0.07573658446475813,False,1#长下影阴-0.02%;2#大阴-0.02%;3#长下影阴-0.01%;4#中阴-0.02%;5#中阴-0.01%,大阴
8,5,5,2026-03-19 10:53:00,1082.96,2026-03-19 10:55:00,1084.14,2,0.10896062643126835,True,-0.10896062643126835,False,1#大阴-0.02%;2#长下影阴-0.01%;3#中阴-0.02%;4#中阴-0.01%;5#大阴-0.03%,大阳
8,5,5,2026-03-19 11:00:00,1083.96,2026-03-19 11:02:00,1084.02,2,0.005535259603670378,True,-0.005535259603670378,False,1#大阳+0.06%;2#长上影阳+0.01%;3#长上影阴-0.01%;4#中阴-0.01%;5#大阴-0.04%,大阳
8,5,5,2026-03-19 11:25:00,1083.6,2026-03-19 11:27:00,1084.02,2,0.038759689922487336,True,-0.038759689922487336,False,1#中阳+0.01%;2#大阴-0.04%;3#长下影阴-0.01%;4#中阴-0.01%;5#大阴-0.04%,中阴
8,5,5,2026-03-19 11:26:00,1083.66,2026-03-19 11:28:00,1084.18,2,0.04798553051695013,True,-0.04798553051695013,False,1#大阴-0.04%;2#长下影阴-0.01%;3#中阴-0.01%;4#大阴-0.04%;5#中阴-0.02%,T字
8,5,5,2026-03-19 13:35:00,1080.1,2026-03-19 13:37:00,1079.82,2,-0.025923525599479004,False,0.025923525599479004,True,1#中阳+0.02%;2#大阴-0.13%;3#中阴-0.02%;4#长下影阴-0.02%;5#长上影阴-0.01%,小阴
8,5,5,2026-03-19 13:36:00,1080.04,2026-03-19 13:38:00,1079.34,2,-0.0648124143550281,False,0.0648124143550281,True,1#大阴-0.13%;2#中阴-0.02%;3#长下影阴-0.02%;4#长上影阴-0.01%;5#小阴-0.01%,小阴
8,5,5,2026-03-19 13:37:00,1079.82,2026-03-19 13:39:00,1078.72,2,-0.10186882999017513,False,0.10186882999017513,True,1#中阴-0.02%;2#长下影阴-0.02%;3#长上影阴-0.01%;4#小阴-0.01%;5#小阴-0.01%,小阴
8,5,5,2026-03-19 13:38:00,1079.34,2026-03-19 13:40:00,1078.2,2,-0.10562010117292724,False,0.10562010117292724,True,1#长下影阴-0.02%;2#长上影阴-0.01%;3#小阴-0.01%;4#小阴-0.01%;5#小阴-0.01%,大阴
8,5,5,2026-03-19 13:39:00,1078.72,2026-03-19 13:41:00,1078.84,2,0.011124295461277333,True,-0.011124295461277333,False,1#长上影阴-0.01%;2#小阴-0.01%;3#小阴-0.01%;4#小阴-0.01%;5#大阴-0.04%,大阴
8,5,5,2026-03-19 13:40:00,1078.2,2026-03-19 13:42:00,1078.66,2,0.04266369875719128,True,-0.04266369875719128,False,1#小阴-0.01%;2#小阴-0.01%;3#小阴-0.01%;4#大阴-0.04%;5#大阴-0.06%,大阴
8,5,5,2026-03-19 13:41:00,1078.84,2026-03-19 13:43:00,1078.44,2,-0.03707686033145449,False,0.03707686033145449,True,1#小阴-0.01%;2#小阴-0.01%;3#大阴-0.04%;4#大阴-0.06%;5#大阴-0.05%,大阳
8,5,5,2026-03-19 13:58:00,1077.64,2026-03-19 14:00:00,1076.92,2,-0.06681266471178011,False,0.06681266471178011,True,1#中阳+0.02%;2#中阴-0.02%;3#大阴-0.06%;4#大阴-0.06%;5#中阴-0.05%,长上影阳
8,5,5,2026-03-19 14:18:00,1076.4,2026-03-19 14:20:00,1075.28,2,-0.10405053883315851,False,0.10405053883315851,True,1#大阳+0.04%;2#大阴-0.02%;3#中阴-0.01%;4#大阴-0.05%;5#中阴-0.03%,大阴
8,5,5,2026-03-19 14:19:00,1075.84,2026-03-19 14:21:00,1074.7,2,-0.10596371207613332,False,0.10596371207613332,True,1#大阴-0.02%;2#中阴-0.01%;3#大阴-0.05%;4#中阴-0.03%;5#大阴-0.06%,长上影阴
8,5,5,2026-03-19 14:20:00,1075.28,2026-03-19 14:22:00,1075.66,2,0.03533963246783249,True,-0.03533963246783249,False,1#中阴-0.01%;2#大阴-0.05%;3#中阴-0.03%;4#大阴-0.06%;5#长上影阴-0.05%,中阴
8,5,5,2026-03-19 14:21:00,1074.7,2026-03-19 14:23:00,1075.32,2,0.05769051828416217,True,-0.05769051828416217,False,1#大阴-0.05%;2#中阴-0.03%;3#大阴-0.06%;4#长上影阴-0.05%;5#中阴-0.05%,大阴
8,5,5,2026-03-19 14:22:00,1075.66,2026-03-19 14:24:00,1074.08,2,-0.14688656266851555,False,0.14688656266851555,True,1#中阴-0.03%;2#大阴-0.06%;3#长上影阴-0.05%;4#中阴-0.05%;5#大阴-0.05%,大阳
8,5,5,2026-03-19 14:37:00,1071.76,2026-03-19 14:39:00,1068.94,2,-0.2631186086437203,False,0.2631186086437203,True,1#大阳+0.07%;2#大阴-0.09%;3#长下影阴-0.01%;4#大阴-0.10%;5#大阴-0.11%,大阳
8,5,5,2026-03-19 14:49:00,1060.24,2026-03-19 14:51:00,1057.9,2,-0.22070474609521598,False,0.22070474609521598,True,1#大阳+0.19%;2#长下影阴-0.02%;3#大阴-0.18%;4#大阴-0.12%;5#大阴-0.20%,大阴
8,5,5,2026-03-19 14:50:00,1061.74,2026-03-19 14:52:00,1058.6,2,-0.295740953529122,False,0.295740953529122,True,1#长下影阴-0.02%;2#大阴-0.18%;3#大阴-0.12%;4#大阴-0.20%;5#大阴-0.15%,中阳
8,5,5,2026-03-19 21:04:00,1011.58,2026-03-19 21:06:00,1015.9,2,0.4270547064987382,True,-0.4270547064987382,False,1#大阳+0.08%;2#一字板+0.00%;3#大阴-0.61%;4#大阴-0.58%;5#大阴-0.38%,大阳
8,5,5,2026-03-19 21:13:00,1010.78,2026-03-19 21:15:00,1011.92,2,0.11278418646985362,True,-0.11278418646985362,False,1#大阳+0.33%;2#中阴-0.18%;3#大阴-0.34%;4#长上影阴-0.09%;5#十字星+0.01%,长下影阳
8,5,5,2026-03-19 21:26:00,1016.78,2026-03-19 21:28:00,1018.0,2,0.11998662444186818,True,-0.11998662444186818,False,1#长下影阳+0.06%;2#小阳+0.02%;3#长下影阴-0.08%;4#倒T-0.02%;5#大阴-0.14%,小阳
8,5,5,2026-03-19 21:27:00,1016.72,2026-03-19 21:29:00,1019.06,2,0.23015186088597828,True,-0.23015186088597828,False,1#小阳+0.02%;2#长下影阴-0.08%;3#倒T-0.02%;4#大阴-0.14%;5#小阳+0.06%,长下影阴
8,5,5,2026-03-19 21:28:00,1018.0,2026-03-19 21:30:00,1021.18,2,0.31237721021610515,True,-0.31237721021610515,False,1#长下影阴-0.08%;2#倒T-0.02%;3#大阴-0.14%;4#小阳+0.06%;5#长下影阴-0.04%,十字星
8,5,5,2026-03-19 22:30:00,1023.8,2026-03-19 22:32:00,1025.3,2,0.14651299081851926,True,-0.14651299081851926,False,1#大阳+0.12%;2#长上影阴-0.05%;3#大阴-0.21%;4#倒T-0.00%;5#十字星-0.00%,中阴
8,5,5,2026-03-19 22:31:00,1023.72,2026-03-19 22:33:00,1026.42,2,0.2637439924979531,True,-0.2637439924979531,False,1#长上影阴-0.05%;2#大阴-0.21%;3#倒T-0.00%;4#十字星-0.00%;5#中阴-0.06%,长上影阴
8,5,5,2026-03-19 22:32:00,1025.3,2026-03-19 22:34:00,1025.4,2,0.009753242953295273,True,-0.009753242953295273,False,1#大阴-0.21%;2#倒T-0.00%;3#十字星-0.00%;4#中阴-0.06%;5#长上影阴-0.07%,长下影阳
8,5,5,2026-03-19 22:57:00,1029.8,2026-03-19 22:59:00,1028.1,2,-0.16508059817440723,False,0.16508059817440723,True,1#大阳+0.17%;2#长下影阴-0.01%;3#中阴-0.03%;4#中阴-0.03%;5#大阴-0.08%,倒T
8,5,5,2026-03-19 22:58:00,1028.86,2026-03-19 23:00:00,1027.14,2,-0.1671753202573528,False,0.1671753202573528,True,1#长下影阴-0.01%;2#中阴-0.03%;3#中阴-0.03%;4#大阴-0.08%;5#倒T+0.00%,小阳
8,5,5,2026-03-19 22:59:00,1028.1,2026-03-19 23:01:00,1026.9,2,-0.11672016340821109,False,0.11672016340821109,True,1#中阴-0.03%;2#中阴-0.03%;3#大阴-0.08%;4#倒T+0.00%;5#小阳+0.04%,长上影阴
8,5,5,2026-03-19 23:00:00,1027.14,2026-03-19 23:02:00,1026.28,2,-0.08372763206574832,False,0.08372763206574832,True,1#中阴-0.03%;2#大阴-0.08%;3#倒T+0.00%;4#小阳+0.04%;5#长上影阴-0.02%,十字星
8,5,5,2026-03-19 23:01:00,1026.9,2026-03-19 23:03:00,1027.42,2,0.05063784204888322,True,-0.05063784204888322,False,1#大阴-0.08%;2#倒T+0.00%;3#小阳+0.04%;4#长上影阴-0.02%;5#十字星+0.01%,长上影阴
8,5,5,2026-03-19 23:02:00,1026.28,2026-03-19 23:04:00,1028.1,2,0.1773395174806034,True,-0.1773395174806034,False,1#倒T+0.00%;2#小阳+0.04%;3#长上影阴-0.02%;4#十字星+0.01%;5#长上影阴-0.02%,长上影阴
8,5,5,2026-03-19 23:03:00,1027.42,2026-03-19 23:05:00,1029.84,2,0.2355414533491508,True,-0.2355414533491508,False,1#小阳+0.04%;2#长上影阴-0.02%;3#十字星+0.01%;4#长上影阴-0.02%;5#长上影阴-0.06%,中阳
8,5,5,2026-03-19 23:34:00,1021.26,2026-03-19 23:36:00,1022.6,2,0.13121046550340087,True,-0.13121046550340087,False,1#T字+0.00%;2#长下影阴-0.02%;3#大阴-0.14%;4#大阴-0.14%;5#中阴-0.12%,大阴
8,5,5,2026-03-19 23:35:00,1022.32,2026-03-19 23:37:00,1022.8,2,0.04695203067531736,True,-0.04695203067531736,False,1#长下影阴-0.02%;2#大阴-0.14%;3#大阴-0.14%;4#中阴-0.12%;5#大阴-0.18%,中阳
8,5,5,2026-03-20 00:30:00,1025.72,2026-03-20 00:32:00,1024.18,2,-0.15013843934016724,False,0.15013843934016724,True,1#长上影阳+0.05%;2#长上影阴-0.04%;3#十字星-0.01%;4#大阴-0.10%;5#长上影阴-0.02%,倒T
8,5,5,2026-03-20 00:31:00,1025.0,2026-03-20 00:33:00,1023.92,2,-0.10536585365854058,False,0.10536585365854058,True,1#长上影阴-0.04%;2#十字星-0.01%;3#大阴-0.10%;4#长上影阴-0.02%;5#倒T-0.01%,中阴
8,5,5,2026-03-20 00:32:00,1024.18,2026-03-20 00:34:00,1024.54,2,0.03515007127652365,True,-0.03515007127652365,False,1#十字星-0.01%;2#大阴-0.10%;3#长上影阴-0.02%;4#倒T-0.01%;5#中阴-0.07%,大阴
8,5,5,2026-03-20 00:33:00,1023.92,2026-03-20 00:35:00,1024.12,2,0.019532775998118194,True,-0.019532775998118194,False,1#大阴-0.10%;2#长上影阴-0.02%;3#倒T-0.01%;4#中阴-0.07%;5#大阴-0.08%,长上影阴
8,5,5,2026-03-20 00:34:00,1024.54,2026-03-20 00:36:00,1022.82,2,-0.16788021941553416,False,0.16788021941553416,True,1#长上影阴-0.02%;2#倒T-0.01%;3#中阴-0.07%;4#大阴-0.08%;5#长上影阴-0.04%,长下影阳
8,5,5,2026-03-20 01:11:00,1020.78,2026-03-20 01:13:00,1021.5,2,0.0705342973020658,True,-0.0705342973020658,False,1#大阳+0.08%;2#大阴-0.06%;3#大阴-0.07%;4#中阴-0.05%;5#大阴-0.10%,长下影阴
8,5,5,2026-03-20 01:12:00,1021.76,2026-03-20 01:14:00,1020.96,2,-0.07829627309739612,False,0.07829627309739612,True,1#大阴-0.06%;2#大阴-0.07%;3#中阴-0.05%;4#大阴-0.10%;5#长下影阴-0.01%,大阳
8,5,5,2026-03-20 01:37:00,1024.66,2026-03-20 01:39:00,1025.68,2,0.09954521499814394,True,-0.09954521499814394,False,1#中阳+0.07%;2#中阴-0.07%;3#大阴-0.07%;4#长下影阴-0.03%;5#大阴-0.10%,长上影阴
8,5,5,2026-03-20 01:38:00,1025.06,2026-03-20 01:40:00,1025.6,2,0.05267984313113024,True,-0.05267984313113024,False,1#中阴-0.07%;2#大阴-0.07%;3#长下影阴-0.03%;4#大阴-0.10%;5#长上影阴-0.03%,长上影阳
8,5,5,2026-03-20 09:13:00,1035.76,2026-03-20 09:15:00,1035.76,2,0.0,False,0.0,False,1#中阳+0.08%;2#长下影阴-0.01%;3#大阴-0.22%;4#小阴-0.02%;5#大阴-0.13%,大阴
8,5,5,2026-03-20 09:14:00,1036.2,2026-03-20 09:16:00,1035.74,2,-0.044392974329283574,False,0.044392974329283574,True,1#长下影阴-0.01%;2#大阴-0.22%;3#小阴-0.02%;4#大阴-0.13%;5#大阴-0.08%,长上影阳
8,5,5,2026-03-20 09:59:00,1042.36,2026-03-20 10:01:00,1042.8,2,0.04221190375686468,True,-0.04221190375686468,False,1#大阳+0.04%;2#大阴-0.08%;3#大阴-0.05%;4#中阴-0.05%;5#大阴-0.04%,大阳
8,5,5,2026-03-20 10:40:00,1043.86,2026-03-20 10:42:00,1043.42,2,-0.04215124633569897,False,0.04215124633569897,True,1#小阳+0.01%;2#长上影阴-0.04%;3#大阴-0.11%;4#中阴-0.04%;5#小阴-0.01%,中阳
8,5,5,2026-03-20 13:34:00,1048.78,2026-03-20 13:36:00,1049.56,2,0.07437212761494048,True,-0.07437212761494048,False,1#大阳+0.06%;2#长上影阴-0.01%;3#长上影阴-0.11%;4#中阴-0.08%;5#长下影阴-0.02%,大阴
8,5,5,2026-03-20 13:35:00,1048.22,2026-03-20 13:37:00,1048.98,2,0.07250386369273538,True,-0.07250386369273538,False,1#长上影阴-0.01%;2#长上影阴-0.11%;3#中阴-0.08%;4#长下影阴-0.02%;5#大阴-0.08%,大阴
8,5,5,2026-03-20 13:36:00,1049.56,2026-03-20 13:38:00,1049.74,2,0.01715004382789585,True,-0.01715004382789585,False,1#长上影阴-0.11%;2#中阴-0.08%;3#长下影阴-0.02%;4#大阴-0.08%;5#大阴-0.06%,大阳
8,5,5,2026-03-20 13:50:00,1048.26,2026-03-20 13:52:00,1048.38,2,0.011447541640443995,True,-0.011447541640443995,False,1#长下影阴-0.01%;2#长上影阴-0.01%;3#倒T-0.01%;4#倒T+0.00%;5#中阴-0.05%,长下影阳
8,5,5,2026-03-20 13:56:00,1046.32,2026-03-20 13:58:00,1045.06,2,-0.12042205061548962,False,0.12042205061548962,True,1#长下影阴-0.04%;2#十字星+0.00%;3#长上影阴-0.03%;4#长上影阴-0.02%;5#大阴-0.05%,T字
8,5,5,2026-03-20 14:13:00,1044.92,2026-03-20 14:15:00,1044.64,2,-0.026796309765338276,False,0.026796309765338276,True,1#长下影阳+0.02%;2#大阴-0.07%;3#中阴-0.07%;4#大阴-0.08%;5#十字星+0.00%,大阳
8,5,5,2026-03-20 14:30:00,1043.58,2026-03-20 14:32:00,1042.26,2,-0.1264876674524173,False,0.1264876674524173,True,1#中阳+0.04%;2#长下影阴-0.02%;3#中阴-0.03%;4#中阴-0.06%;5#大阴-0.08%,大阳
8,5,5,2026-03-20 14:40:00,1039.16,2026-03-20 14:42:00,1038.14,2,-0.09815620308710706,False,0.09815620308710706,True,1#中阳+0.06%;2#大阴-0.07%;3#大阴-0.11%;4#长上影阴-0.01%;5#中阴-0.11%,大阴
8,5,5,2026-03-20 14:41:00,1038.46,2026-03-20 14:43:00,1038.02,2,-0.042370433141387685,False,0.042370433141387685,True,1#大阴-0.07%;2#大阴-0.11%;3#长上影阴-0.01%;4#中阴-0.11%;5#大阴-0.08%,大阴
8,5,5,2026-03-20 14:42:00,1038.14,2026-03-20 14:44:00,1039.28,2,0.10981177875815137,True,-0.10981177875815137,False,1#大阴-0.11%;2#长上影阴-0.01%;3#中阴-0.11%;4#大阴-0.08%;5#大阴-0.07%,长上影阴
8,5,5,2026-03-20 14:43:00,1038.02,2026-03-20 14:45:00,1038.86,2,0.08092329627559373,True,-0.08092329627559373,False,1#长上影阴-0.01%;2#中阴-0.11%;3#大阴-0.08%;4#大阴-0.07%;5#长上影阴-0.03%,长下影阴
8,5,5,2026-03-20 14:44:00,1039.28,2026-03-20 14:46:00,1039.9,2,0.05965668539759432,True,-0.05965668539759432,False,1#中阴-0.11%;2#大阴-0.08%;3#大阴-0.07%;4#长上影阴-0.03%;5#长下影阴-0.03%,大阳
8,5,5,2026-03-20 21:26:00,1038.08,2026-03-20 21:28:00,1037.84,2,-0.023119605425401618,False,0.023119605425401618,True,1#大阳+0.09%;2#大阴-0.04%;3#大阴-0.08%;4#长上影阴-0.02%;5#中阴-0.02%,小阳
8,5,5,2026-03-20 21:34:00,1034.42,2026-03-20 21:36:00,1035.1,2,0.06573732139748228,True,-0.06573732139748228,False,1#中阳+0.03%;2#倒T-0.00%;3#长上影阴-0.05%;4#长下影阴-0.07%;5#长上影阴-0.07%,中阴
8,5,5,2026-03-20 21:35:00,1034.52,2026-03-20 21:37:00,1036.66,2,0.20685921973476587,True,-0.20685921973476587,False,1#倒T-0.00%;2#长上影阴-0.05%;3#长下影阴-0.07%;4#长上影阴-0.07%;5#中阴-0.11%,小阳
8,5,5,2026-03-20 21:54:00,1031.18,2026-03-20 21:56:00,1030.8,2,-0.03685098624877413,False,0.03685098624877413,True,1#小阳+0.01%;2#中阴-0.03%;3#大阴-0.10%;4#大阴-0.27%;5#长上影阴-0.06%,长下影阴
8,5,5,2026-03-20 21:55:00,1030.58,2026-03-20 21:57:00,1031.38,2,0.077626191076887,True,-0.077626191076887,False,1#中阴-0.03%;2#大阴-0.10%;3#大阴-0.27%;4#长上影阴-0.06%;5#长下影阴-0.04%,中阴
8,5,5,2026-03-20 21:56:00,1030.8,2026-03-20 21:58:00,1030.86,2,0.005820721769494125,True,-0.005820721769494125,False,1#大阴-0.10%;2#大阴-0.27%;3#长上影阴-0.06%;4#长下影阴-0.04%;5#中阴-0.04%,十字星
8,5,5,2026-03-20 22:29:00,1016.68,2026-03-20 22:31:00,1020.04,2,0.33048746901680115,True,-0.33048746901680115,False,1#大阳+0.15%;2#长下影阴-0.09%;3#大阴-0.20%;4#十字星+0.00%;5#长上影阴-0.05%,长上影阴
8,5,5,2026-03-20 22:30:00,1017.5,2026-03-20 22:32:00,1019.8,2,0.22604422604422156,True,-0.22604422604422156,False,1#长下影阴-0.09%;2#大阴-0.20%;3#十字星+0.00%;4#长上影阴-0.05%;5#长上影阴-0.03%,大阳
8,5,5,2026-03-20 23:10:00,1019.26,2026-03-20 23:12:00,1020.0,2,0.07260169142319027,True,-0.07260169142319027,False,1#长下影阳+0.07%;2#长上影阴-0.03%;3#小阴-0.03%;4#长下影阴-0.01%;5#大阴-0.13%,中阳
8,5,5,2026-03-20 23:18:00,1020.02,2026-03-20 23:20:00,1018.78,2,-0.12156624379914209,False,0.12156624379914209,True,1#大阳+0.18%;2#T字+0.01%;3#中阴-0.02%;4#大阴-0.05%;5#中阴-0.18%,大阳
8,5,5,2026-03-20 23:42:00,1017.72,2026-03-20 23:44:00,1019.16,2,0.14149274849663374,True,-0.14149274849663374,False,1#十字星+0.01%;2#十字星-0.01%;3#十字星-0.00%;4#长上影阴-0.03%;5#大阴-0.07%,十字星
8,5,5,2026-03-21 00:26:00,1024.92,2026-03-21 00:28:00,1023.98,2,-0.09171447527612443,False,0.09171447527612443,True,1#大阳+0.17%;2#小阴-0.04%;3#大阴-0.12%;4#中阴-0.04%;5#大阴-0.08%,大阴
8,5,5,2026-03-21 00:27:00,1023.92,2026-03-21 00:29:00,1023.98,2,0.00585983279944323,True,-0.00585983279944323,False,1#小阴-0.04%;2#大阴-0.12%;3#中阴-0.04%;4#大阴-0.08%;5#大阴-0.09%,大阴
8,5,5,2026-03-21 00:28:00,1023.98,2026-03-21 00:30:00,1023.38,2,-0.05859489443153409,False,0.05859489443153409,True,1#大阴-0.12%;2#中阴-0.04%;3#大阴-0.08%;4#大阴-0.09%;5#大阴-0.09%,小阳
8,5,5,2026-03-21 00:45:00,1022.86,2026-03-21 00:47:00,1022.7,2,-0.015642414406660556,False,0.015642414406660556,True,1#长上影阳+0.05%;2#中阴-0.02%;3#倒T+0.00%;4#大阴-0.08%;5#长上影阴-0.04%,中阴
8,5,5,2026-03-21 00:46:00,1022.66,2026-03-21 00:48:00,1021.14,2,-0.14863199890481507,False,0.14863199890481507,True,1#中阴-0.02%;2#倒T+0.00%;3#大阴-0.08%;4#长上影阴-0.04%;5#中阴-0.06%,小阴
8,5,5,2026-03-21 00:47:00,1022.7,2026-03-21 00:49:00,1020.38,2,-0.2268504937909504,False,0.2268504937909504,True,1#倒T+0.00%;2#大阴-0.08%;3#长上影阴-0.04%;4#中阴-0.06%;5#小阴-0.02%,T字
8,5,5,2026-03-21 01:14:00,1023.24,2026-03-21 01:16:00,1021.82,2,-0.13877487197529018,False,0.13877487197529018,True,1#长上影阳+0.02%;2#大阴-0.11%;3#长上影阴-0.03%;4#中阴-0.05%;5#长下影阴-0.04%,中阴
8,5,5,2026-03-21 01:15:00,1023.14,2026-03-21 01:17:00,1021.98,2,-0.11337646851847921,False,0.11337646851847921,True,1#大阴-0.11%;2#长上影阴-0.03%;3#中阴-0.05%;4#长下影阴-0.04%;5#中阴-0.05%,长上影阴
8,5,5,2026-03-21 01:16:00,1021.82,2026-03-21 01:18:00,1021.64,2,-0.017615627018463493,False,0.017615627018463493,True,1#长上影阴-0.03%;2#中阴-0.05%;3#长下影阴-0.04%;4#中阴-0.05%;5#长上影阴-0.01%,大阴
8,5,5,2026-03-21 01:17:00,1021.98,2026-03-21 01:19:00,1021.88,2,-0.0097849272979924,False,0.0097849272979924,True,1#中阴-0.05%;2#长下影阴-0.04%;3#中阴-0.05%;4#长上影阴-0.01%;5#大阴-0.13%,长上影阳
9,5,5,2026-03-19 10:50:00,1083.16,2026-03-19 10:53:00,1082.96,3,-0.01846449278038752,False,0.01846449278038752,True,1#大阳+0.02%;2#长上影阳+0.00%;3#长下影阴-0.02%;4#大阴-0.02%;5#长下影阴-0.01%,中阴
9,5,5,2026-03-19 10:51:00,1083.02,2026-03-19 10:54:00,1083.52,3,0.04616719912836328,True,-0.04616719912836328,False,1#长上影阳+0.00%;2#长下影阴-0.02%;3#大阴-0.02%;4#长下影阴-0.01%;5#中阴-0.02%,中阴
9,5,5,2026-03-19 10:52:00,1082.7,2026-03-19 10:55:00,1084.14,3,0.13300083125520037,True,-0.13300083125520037,False,1#长下影阴-0.02%;2#大阴-0.02%;3#长下影阴-0.01%;4#中阴-0.02%;5#中阴-0.01%,大阴
9,5,5,2026-03-19 10:53:00,1082.96,2026-03-19 10:56:00,1084.08,3,0.10342025559576447,True,-0.10342025559576447,False,1#大阴-0.02%;2#长下影阴-0.01%;3#中阴-0.02%;4#中阴-0.01%;5#大阴-0.03%,大阳
9,5,5,2026-03-19 11:00:00,1083.96,2026-03-19 11:03:00,1083.3,3,-0.06088785564043709,False,0.06088785564043709,True,1#大阳+0.06%;2#长上影阳+0.01%;3#长上影阴-0.01%;4#中阴-0.01%;5#大阴-0.04%,大阳
9,5,5,2026-03-19 11:25:00,1083.6,2026-03-19 11:28:00,1084.18,3,0.05352528608343989,True,-0.05352528608343989,False,1#中阳+0.01%;2#大阴-0.04%;3#长下影阴-0.01%;4#中阴-0.01%;5#大阴-0.04%,中阴
9,5,5,2026-03-19 11:26:00,1083.66,2026-03-19 11:29:00,1084.0,3,0.03137515456876863,True,-0.03137515456876863,False,1#大阴-0.04%;2#长下影阴-0.01%;3#中阴-0.01%;4#大阴-0.04%;5#中阴-0.02%,T字
9,5,5,2026-03-19 13:35:00,1080.1,2026-03-19 13:38:00,1079.34,3,-0.0703638551985919,False,0.0703638551985919,True,1#中阳+0.02%;2#大阴-0.13%;3#中阴-0.02%;4#长下影阴-0.02%;5#长上影阴-0.01%,小阴
9,5,5,2026-03-19 13:36:00,1080.04,2026-03-19 13:39:00,1078.72,3,-0.12221769564089631,False,0.12221769564089631,True,1#大阴-0.13%;2#中阴-0.02%;3#长下影阴-0.02%;4#长上影阴-0.01%;5#小阴-0.01%,小阴
9,5,5,2026-03-19 13:37:00,1079.82,2026-03-19 13:40:00,1078.2,3,-0.15002500416735112,False,0.15002500416735112,True,1#中阴-0.02%;2#长下影阴-0.02%;3#长上影阴-0.01%;4#小阴-0.01%;5#小阴-0.01%,小阴
9,5,5,2026-03-19 13:38:00,1079.34,2026-03-19 13:41:00,1078.84,3,-0.04632460577760484,False,0.04632460577760484,True,1#长下影阴-0.02%;2#长上影阴-0.01%;3#小阴-0.01%;4#小阴-0.01%;5#小阴-0.01%,大阴
9,5,5,2026-03-19 13:39:00,1078.72,2026-03-19 13:42:00,1078.66,3,-0.005562147730638667,False,0.005562147730638667,True,1#长上影阴-0.01%;2#小阴-0.01%;3#小阴-0.01%;4#小阴-0.01%;5#大阴-0.04%,大阴
9,5,5,2026-03-19 13:40:00,1078.2,2026-03-19 13:43:00,1078.44,3,0.022259321090707575,True,-0.022259321090707575,False,1#小阴-0.01%;2#小阴-0.01%;3#小阴-0.01%;4#大阴-0.04%;5#大阴-0.06%,大阴
9,5,5,2026-03-19 13:41:00,1078.84,2026-03-19 13:44:00,1078.54,3,-0.027807645248596132,False,0.027807645248596132,True,1#小阴-0.01%;2#小阴-0.01%;3#大阴-0.04%;4#大阴-0.06%;5#大阴-0.05%,大阳
9,5,5,2026-03-19 13:58:00,1077.64,2026-03-19 14:01:00,1077.98,3,0.031550425002776265,True,-0.031550425002776265,False,1#中阳+0.02%;2#中阴-0.02%;3#大阴-0.06%;4#大阴-0.06%;5#中阴-0.05%,长上影阳
9,5,5,2026-03-19 14:18:00,1076.4,2026-03-19 14:21:00,1074.7,3,-0.1579338535860317,False,0.1579338535860317,True,1#大阳+0.04%;2#大阴-0.02%;3#中阴-0.01%;4#大阴-0.05%;5#中阴-0.03%,大阴
9,5,5,2026-03-19 14:19:00,1075.84,2026-03-19 14:22:00,1075.66,3,-0.016731112433060337,False,0.016731112433060337,True,1#大阴-0.02%;2#中阴-0.01%;3#大阴-0.05%;4#中阴-0.03%;5#大阴-0.06%,长上影阴
9,5,5,2026-03-19 14:20:00,1075.28,2026-03-19 14:23:00,1075.32,3,0.0037199613123989677,True,-0.0037199613123989677,False,1#中阴-0.01%;2#大阴-0.05%;3#中阴-0.03%;4#大阴-0.06%;5#长上影阴-0.05%,中阴
9,5,5,2026-03-19 14:21:00,1074.7,2026-03-19 14:24:00,1074.08,3,-0.05769051828418333,False,0.05769051828418333,True,1#大阴-0.05%;2#中阴-0.03%;3#大阴-0.06%;4#长上影阴-0.05%;5#中阴-0.05%,大阴
9,5,5,2026-03-19 14:22:00,1075.66,2026-03-19 14:25:00,1074.48,3,-0.10970009110686124,False,0.10970009110686124,True,1#中阴-0.03%;2#大阴-0.06%;3#长上影阴-0.05%;4#中阴-0.05%;5#大阴-0.05%,大阳
9,5,5,2026-03-19 14:37:00,1071.76,2026-03-19 14:40:00,1069.26,3,-0.2332611778756438,False,0.2332611778756438,True,1#大阳+0.07%;2#大阴-0.09%;3#长下影阴-0.01%;4#大阴-0.10%;5#大阴-0.11%,大阳
9,5,5,2026-03-19 14:49:00,1060.24,2026-03-19 14:52:00,1058.6,3,-0.15468195880179017,False,0.15468195880179017,True,1#大阳+0.19%;2#长下影阴-0.02%;3#大阴-0.18%;4#大阴-0.12%;5#大阴-0.20%,大阴
9,5,5,2026-03-19 14:50:00,1061.74,2026-03-19 14:53:00,1058.96,3,-0.26183434739201433,False,0.26183434739201433,True,1#长下影阴-0.02%;2#大阴-0.18%;3#大阴-0.12%;4#大阴-0.20%;5#大阴-0.15%,中阳
9,5,5,2026-03-19 21:04:00,1011.58,2026-03-19 21:07:00,1013.24,3,0.1640997251823848,True,-0.1640997251823848,False,1#大阳+0.08%;2#一字板+0.00%;3#大阴-0.61%;4#大阴-0.58%;5#大阴-0.38%,大阳
9,5,5,2026-03-19 21:13:00,1010.78,2026-03-19 21:16:00,1010.16,3,-0.061338768080097014,False,0.061338768080097014,True,1#大阳+0.33%;2#中阴-0.18%;3#大阴-0.34%;4#长上影阴-0.09%;5#十字星+0.01%,长下影阳
9,5,5,2026-03-19 21:26:00,1016.78,2026-03-19 21:29:00,1019.06,3,0.22423729813725418,True,-0.22423729813725418,False,1#长下影阳+0.06%;2#小阳+0.02%;3#长下影阴-0.08%;4#倒T-0.02%;5#大阴-0.14%,小阳
9,5,5,2026-03-19 21:27:00,1016.72,2026-03-19 21:30:00,1021.18,3,0.4386655126288381,True,-0.4386655126288381,False,1#小阳+0.02%;2#长下影阴-0.08%;3#倒T-0.02%;4#大阴-0.14%;5#小阳+0.06%,长下影阴
9,5,5,2026-03-19 21:28:00,1018.0,2026-03-19 21:31:00,1019.34,3,0.13163064833006205,True,-0.13163064833006205,False,1#长下影阴-0.08%;2#倒T-0.02%;3#大阴-0.14%;4#小阳+0.06%;5#长下影阴-0.04%,十字星
9,5,5,2026-03-19 22:30:00,1023.8,2026-03-19 22:33:00,1026.42,3,0.2559093572963585,True,-0.2559093572963585,False,1#大阳+0.12%;2#长上影阴-0.05%;3#大阴-0.21%;4#倒T-0.00%;5#十字星-0.00%,中阴
9,5,5,2026-03-19 22:31:00,1023.72,2026-03-19 22:34:00,1025.4,3,0.16410737310984094,True,-0.16410737310984094,False,1#长上影阴-0.05%;2#大阴-0.21%;3#倒T-0.00%;4#十字星-0.00%;5#中阴-0.06%,长上影阴
9,5,5,2026-03-19 22:32:00,1025.3,2026-03-19 22:35:00,1028.12,3,0.27504145128254526,True,-0.27504145128254526,False,1#大阴-0.21%;2#倒T-0.00%;3#十字星-0.00%;4#中阴-0.06%;5#长上影阴-0.07%,长下影阳
9,5,5,2026-03-19 22:57:00,1029.8,2026-03-19 23:00:00,1027.14,3,-0.25830258302581616,False,0.25830258302581616,True,1#大阳+0.17%;2#长下影阴-0.01%;3#中阴-0.03%;4#中阴-0.03%;5#大阴-0.08%,倒T
9,5,5,2026-03-19 22:58:00,1028.86,2026-03-19 23:01:00,1026.9,3,-0.19050210913047538,False,0.19050210913047538,True,1#长下影阴-0.01%;2#中阴-0.03%;3#中阴-0.03%;4#大阴-0.08%;5#倒T+0.00%,小阳
9,5,5,2026-03-19 22:59:00,1028.1,2026-03-19 23:02:00,1026.28,3,-0.1770255811691408,False,0.1770255811691408,True,1#中阴-0.03%;2#中阴-0.03%;3#大阴-0.08%;4#倒T+0.00%;5#小阳+0.04%,长上影阴
9,5,5,2026-03-19 23:00:00,1027.14,2026-03-19 23:03:00,1027.42,3,0.027260159277213692,True,-0.027260159277213692,False,1#中阴-0.03%;2#大阴-0.08%;3#倒T+0.00%;4#小阳+0.04%;5#长上影阴-0.02%,十字星
9,5,5,2026-03-19 23:01:00,1026.9,2026-03-19 23:04:00,1028.1,3,0.11685655857433226,True,-0.11685655857433226,False,1#大阴-0.08%;2#倒T+0.00%;3#小阳+0.04%;4#长上影阴-0.02%;5#十字星+0.01%,长上影阴
9,5,5,2026-03-19 23:02:00,1026.28,2026-03-19 23:05:00,1029.84,3,0.34688389133569253,True,-0.34688389133569253,False,1#倒T+0.00%;2#小阳+0.04%;3#长上影阴-0.02%;4#十字星+0.01%;5#长上影阴-0.02%,长上影阴
9,5,5,2026-03-19 23:03:00,1027.42,2026-03-19 23:06:00,1032.64,3,0.5080687547448977,True,-0.5080687547448977,False,1#小阳+0.04%;2#长上影阴-0.02%;3#十字星+0.01%;4#长上影阴-0.02%;5#长上影阴-0.06%,中阳
9,5,5,2026-03-19 23:34:00,1021.26,2026-03-19 23:37:00,1022.8,3,0.15079411707106552,True,-0.15079411707106552,False,1#T字+0.00%;2#长下影阴-0.02%;3#大阴-0.14%;4#大阴-0.14%;5#中阴-0.12%,大阴
9,5,5,2026-03-19 23:35:00,1022.32,2026-03-19 23:38:00,1021.42,3,-0.08803505751624646,False,0.08803505751624646,True,1#长下影阴-0.02%;2#大阴-0.14%;3#大阴-0.14%;4#中阴-0.12%;5#大阴-0.18%,中阳
9,5,5,2026-03-20 00:30:00,1025.72,2026-03-20 00:33:00,1023.92,3,-0.17548648754046603,False,0.17548648754046603,True,1#长上影阳+0.05%;2#长上影阴-0.04%;3#十字星-0.01%;4#大阴-0.10%;5#长上影阴-0.02%,倒T
9,5,5,2026-03-20 00:31:00,1025.0,2026-03-20 00:34:00,1024.54,3,-0.044878048780491356,False,0.044878048780491356,True,1#长上影阴-0.04%;2#十字星-0.01%;3#大阴-0.10%;4#长上影阴-0.02%;5#倒T-0.01%,中阴
9,5,5,2026-03-20 00:32:00,1024.18,2026-03-20 00:35:00,1024.12,3,-0.005858345212772442,False,0.005858345212772442,True,1#十字星-0.01%;2#大阴-0.10%;3#长上影阴-0.02%;4#倒T-0.01%;5#中阴-0.07%,大阴
9,5,5,2026-03-20 00:33:00,1023.92,2026-03-20 00:36:00,1022.82,3,-0.10743026798967781,False,0.10743026798967781,True,1#大阴-0.10%;2#长上影阴-0.02%;3#倒T-0.01%;4#中阴-0.07%;5#大阴-0.08%,长上影阴
9,5,5,2026-03-20 00:34:00,1024.54,2026-03-20 00:37:00,1023.46,3,-0.10541316102835685,False,0.10541316102835685,True,1#长上影阴-0.02%;2#倒T-0.01%;3#中阴-0.07%;4#大阴-0.08%;5#长上影阴-0.04%,长下影阳
9,5,5,2026-03-20 01:11:00,1020.78,2026-03-20 01:14:00,1020.96,3,0.017633574325522018,True,-0.017633574325522018,False,1#大阳+0.08%;2#大阴-0.06%;3#大阴-0.07%;4#中阴-0.05%;5#大阴-0.10%,长下影阴
9,5,5,2026-03-20 01:12:00,1021.76,2026-03-20 01:15:00,1021.04,3,-0.07046664578766318,False,0.07046664578766318,True,1#大阴-0.06%;2#大阴-0.07%;3#中阴-0.05%;4#大阴-0.10%;5#长下影阴-0.01%,大阳
9,5,5,2026-03-20 01:37:00,1024.66,2026-03-20 01:40:00,1025.6,3,0.09173774715513704,True,-0.09173774715513704,False,1#中阳+0.07%;2#中阴-0.07%;3#大阴-0.07%;4#长下影阴-0.03%;5#大阴-0.10%,长上影阴
9,5,5,2026-03-20 01:38:00,1025.06,2026-03-20 01:41:00,1025.22,3,0.015608842409232812,True,-0.015608842409232812,False,1#中阴-0.07%;2#大阴-0.07%;3#长下影阴-0.03%;4#大阴-0.10%;5#长上影阴-0.03%,长上影阳
9,5,5,2026-03-20 09:13:00,1035.76,2026-03-20 09:16:00,1035.74,3,-0.0019309492546518317,False,0.0019309492546518317,True,1#中阳+0.08%;2#长下影阴-0.01%;3#大阴-0.22%;4#小阴-0.02%;5#大阴-0.13%,大阴
9,5,5,2026-03-20 09:14:00,1036.2,2026-03-20 09:17:00,1036.28,3,0.00772051727465038,True,-0.00772051727465038,False,1#长下影阴-0.01%;2#大阴-0.22%;3#小阴-0.02%;4#大阴-0.13%;5#大阴-0.08%,长上影阳
9,5,5,2026-03-20 09:59:00,1042.36,2026-03-20 10:02:00,1043.04,3,0.06523657853333432,True,-0.06523657853333432,False,1#大阳+0.04%;2#大阴-0.08%;3#大阴-0.05%;4#中阴-0.05%;5#大阴-0.04%,大阳
9,5,5,2026-03-20 10:40:00,1043.86,2026-03-20 10:43:00,1044.08,3,0.021075623167860377,True,-0.021075623167860377,False,1#小阳+0.01%;2#长上影阴-0.04%;3#大阴-0.11%;4#中阴-0.04%;5#小阴-0.01%,中阳
9,5,5,2026-03-20 13:34:00,1048.78,2026-03-20 13:37:00,1048.98,3,0.019069776311528203,True,-0.019069776311528203,False,1#大阳+0.06%;2#长上影阴-0.01%;3#长上影阴-0.11%;4#中阴-0.08%;5#长下影阴-0.02%,大阴
9,5,5,2026-03-20 13:35:00,1048.22,2026-03-20 13:38:00,1049.74,3,0.14500772738547077,True,-0.14500772738547077,False,1#长上影阴-0.01%;2#长上影阴-0.11%;3#中阴-0.08%;4#长下影阴-0.02%;5#大阴-0.08%,大阴
9,5,5,2026-03-20 13:36:00,1049.56,2026-03-20 13:39:00,1051.36,3,0.1715004382788935,True,-0.1715004382788935,False,1#长上影阴-0.11%;2#中阴-0.08%;3#长下影阴-0.02%;4#大阴-0.08%;5#大阴-0.06%,大阳
9,5,5,2026-03-20 13:50:00,1048.26,2026-03-20 13:53:00,1047.5,3,-0.07250109705607301,False,0.07250109705607301,True,1#长下影阴-0.01%;2#长上影阴-0.01%;3#倒T-0.01%;4#倒T+0.00%;5#中阴-0.05%,长下影阳
9,5,5,2026-03-20 13:56:00,1046.32,2026-03-20 13:59:00,1044.4,3,-0.18350026760454216,False,0.18350026760454216,True,1#长下影阴-0.04%;2#十字星+0.00%;3#长上影阴-0.03%;4#长上影阴-0.02%;5#大阴-0.05%,T字
9,5,5,2026-03-20 14:13:00,1044.92,2026-03-20 14:16:00,1045.42,3,0.047850553152394434,True,-0.047850553152394434,False,1#长下影阳+0.02%;2#大阴-0.07%;3#中阴-0.07%;4#大阴-0.08%;5#十字星+0.00%,大阳
9,5,5,2026-03-20 14:30:00,1043.58,2026-03-20 14:33:00,1042.1,3,-0.14181950593150677,False,0.14181950593150677,True,1#中阳+0.04%;2#长下影阴-0.02%;3#中阴-0.03%;4#中阴-0.06%;5#大阴-0.08%,大阳
9,5,5,2026-03-20 14:40:00,1039.16,2026-03-20 14:43:00,1038.02,3,-0.10970399168560184,False,0.10970399168560184,True,1#中阳+0.06%;2#大阴-0.07%;3#大阴-0.11%;4#长上影阴-0.01%;5#中阴-0.11%,大阴
9,5,5,2026-03-20 14:41:00,1038.46,2026-03-20 14:44:00,1039.28,3,0.07896307994529748,True,-0.07896307994529748,False,1#大阴-0.07%;2#大阴-0.11%;3#长上影阴-0.01%;4#中阴-0.11%;5#大阴-0.08%,大阴
9,5,5,2026-03-20 14:42:00,1038.14,2026-03-20 14:45:00,1038.86,3,0.06935480763671566,True,-0.06935480763671566,False,1#大阴-0.11%;2#长上影阴-0.01%;3#中阴-0.11%;4#大阴-0.08%;5#大阴-0.07%,长上影阴
9,5,5,2026-03-20 14:43:00,1038.02,2026-03-20 14:46:00,1039.9,3,0.18111404404540465,True,-0.18111404404540465,False,1#长上影阴-0.01%;2#中阴-0.11%;3#大阴-0.08%;4#大阴-0.07%;5#长上影阴-0.03%,长下影阴
9,5,5,2026-03-20 14:44:00,1039.28,2026-03-20 14:47:00,1040.82,3,0.14817950889076703,True,-0.14817950889076703,False,1#中阴-0.11%;2#大阴-0.08%;3#大阴-0.07%;4#长上影阴-0.03%;5#长下影阴-0.03%,大阳
9,5,5,2026-03-20 21:26:00,1038.08,2026-03-20 21:29:00,1037.88,3,-0.019266337854483097,False,0.019266337854483097,True,1#大阳+0.09%;2#大阴-0.04%;3#大阴-0.08%;4#长上影阴-0.02%;5#中阴-0.02%,小阳
9,5,5,2026-03-20 21:34:00,1034.42,2026-03-20 21:37:00,1036.66,3,0.216546470485877,True,-0.216546470485877,False,1#中阳+0.03%;2#倒T-0.00%;3#长上影阴-0.05%;4#长下影阴-0.07%;5#长上影阴-0.07%,中阴
9,5,5,2026-03-20 21:35:00,1034.52,2026-03-20 21:38:00,1036.1,3,0.15272783513126156,True,-0.15272783513126156,False,1#倒T-0.00%;2#长上影阴-0.05%;3#长下影阴-0.07%;4#长上影阴-0.07%;5#中阴-0.11%,小阳
9,5,5,2026-03-20 21:54:00,1031.18,2026-03-20 21:57:00,1031.38,3,0.01939525592040628,True,-0.01939525592040628,False,1#小阳+0.01%;2#中阴-0.03%;3#大阴-0.10%;4#大阴-0.27%;5#长上影阴-0.06%,长下影阴
9,5,5,2026-03-20 21:55:00,1030.58,2026-03-20 21:58:00,1030.86,3,0.02716916687690162,True,-0.02716916687690162,False,1#中阴-0.03%;2#大阴-0.10%;3#大阴-0.27%;4#长上影阴-0.06%;5#长下影阴-0.04%,中阴
9,5,5,2026-03-20 21:56:00,1030.8,2026-03-20 21:59:00,1029.28,3,-0.14745828482731685,False,0.14745828482731685,True,1#大阴-0.10%;2#大阴-0.27%;3#长上影阴-0.06%;4#长下影阴-0.04%;5#中阴-0.04%,十字星
9,5,5,2026-03-20 22:29:00,1016.68,2026-03-20 22:32:00,1019.8,3,0.306881221229886,True,-0.306881221229886,False,1#大阳+0.15%;2#长下影阴-0.09%;3#大阴-0.20%;4#十字星+0.00%;5#长上影阴-0.05%,长上影阴
9,5,5,2026-03-20 22:30:00,1017.5,2026-03-20 22:33:00,1020.3,3,0.2751842751842707,True,-0.2751842751842707,False,1#长下影阴-0.09%;2#大阴-0.20%;3#十字星+0.00%;4#长上影阴-0.05%;5#长上影阴-0.03%,大阳
9,5,5,2026-03-20 23:10:00,1019.26,2026-03-20 23:13:00,1021.86,3,0.25508702391931626,True,-0.25508702391931626,False,1#长下影阳+0.07%;2#长上影阴-0.03%;3#小阴-0.03%;4#长下影阴-0.01%;5#大阴-0.13%,中阳
9,5,5,2026-03-20 23:18:00,1020.02,2026-03-20 23:21:00,1018.08,3,-0.19019234916961833,False,0.19019234916961833,True,1#大阳+0.18%;2#T字+0.01%;3#中阴-0.02%;4#大阴-0.05%;5#中阴-0.18%,大阳
9,5,5,2026-03-20 23:42:00,1017.72,2026-03-20 23:45:00,1018.5,3,0.07664190543567706,True,-0.07664190543567706,False,1#十字星+0.01%;2#十字星-0.01%;3#十字星-0.00%;4#长上影阴-0.03%;5#大阴-0.07%,十字星
9,5,5,2026-03-21 00:26:00,1024.92,2026-03-21 00:29:00,1023.98,3,-0.09171447527612443,False,0.09171447527612443,True,1#大阳+0.17%;2#小阴-0.04%;3#大阴-0.12%;4#中阴-0.04%;5#大阴-0.08%,大阴
9,5,5,2026-03-21 00:27:00,1023.92,2026-03-21 00:30:00,1023.38,3,-0.05273849519493355,False,0.05273849519493355,True,1#小阴-0.04%;2#大阴-0.12%;3#中阴-0.04%;4#大阴-0.08%;5#大阴-0.09%,大阴
9,5,5,2026-03-21 00:28:00,1023.98,2026-03-21 00:31:00,1022.72,3,-0.12304927830621604,False,0.12304927830621604,True,1#大阴-0.12%;2#中阴-0.04%;3#大阴-0.08%;4#大阴-0.09%;5#大阴-0.09%,小阳
9,5,5,2026-03-21 00:45:00,1022.86,2026-03-21 00:48:00,1021.14,3,-0.1681559548716371,False,0.1681559548716371,True,1#长上影阳+0.05%;2#中阴-0.02%;3#倒T+0.00%;4#大阴-0.08%;5#长上影阴-0.04%,中阴
9,5,5,2026-03-21 00:46:00,1022.66,2026-03-21 00:49:00,1020.38,3,-0.22294799835722262,False,0.22294799835722262,True,1#中阴-0.02%;2#倒T+0.00%;3#大阴-0.08%;4#长上影阴-0.04%;5#中阴-0.06%,小阴
9,5,5,2026-03-21 00:47:00,1022.7,2026-03-21 00:50:00,1022.1,3,-0.05866823115283296,False,0.05866823115283296,True,1#倒T+0.00%;2#大阴-0.08%;3#长上影阴-0.04%;4#中阴-0.06%;5#小阴-0.02%,T字
9,5,5,2026-03-21 01:14:00,1023.24,2026-03-21 01:17:00,1021.98,3,-0.12313826668230238,False,0.12313826668230238,True,1#长上影阳+0.02%;2#大阴-0.11%;3#长上影阴-0.03%;4#中阴-0.05%;5#长下影阴-0.04%,中阴
9,5,5,2026-03-21 01:15:00,1023.14,2026-03-21 01:18:00,1021.64,3,-0.1466075023945892,False,0.1466075023945892,True,1#大阴-0.11%;2#长上影阴-0.03%;3#中阴-0.05%;4#长下影阴-0.04%;5#中阴-0.05%,长上影阴
9,5,5,2026-03-21 01:16:00,1021.82,2026-03-21 01:19:00,1021.88,3,0.005871875672813747,True,-0.005871875672813747,False,1#长上影阴-0.03%;2#中阴-0.05%;3#长下影阴-0.04%;4#中阴-0.05%;5#长上影阴-0.01%,大阴
9,5,5,2026-03-21 01:17:00,1021.98,2026-03-21 01:20:00,1021.76,3,-0.021526840055581056,False,0.021526840055581056,True,1#中阴-0.05%;2#长下影阴-0.04%;3#中阴-0.05%;4#长上影阴-0.01%;5#大阴-0.13%,长上影阳
10,5,5,2026-03-19 10:50:00,1083.16,2026-03-19 10:54:00,1083.52,4,0.03323608700468074,True,-0.03323608700468074,False,1#大阳+0.02%;2#长上影阳+0.00%;3#长下影阴-0.02%;4#大阴-0.02%;5#长下影阴-0.01%,中阴
10,5,5,2026-03-19 10:51:00,1083.02,2026-03-19 10:55:00,1084.14,4,0.10341452604754467,True,-0.10341452604754467,False,1#长上影阳+0.00%;2#长下影阴-0.02%;3#大阴-0.02%;4#长下影阴-0.01%;5#中阴-0.02%,中阴
10,5,5,2026-03-19 10:52:00,1082.7,2026-03-19 10:56:00,1084.08,4,0.1274591299528846,True,-0.1274591299528846,False,1#长下影阴-0.02%;2#大阴-0.02%;3#长下影阴-0.01%;4#中阴-0.02%;5#中阴-0.01%,大阴
10,5,5,2026-03-19 10:53:00,1082.96,2026-03-19 10:57:00,1083.94,4,0.09049272364630441,True,-0.09049272364630441,False,1#大阴-0.02%;2#长下影阴-0.01%;3#中阴-0.02%;4#中阴-0.01%;5#大阴-0.03%,大阳
10,5,5,2026-03-19 11:00:00,1083.96,2026-03-19 11:04:00,1083.3,4,-0.06088785564043709,False,0.06088785564043709,True,1#大阳+0.06%;2#长上影阳+0.01%;3#长上影阴-0.01%;4#中阴-0.01%;5#大阴-0.04%,大阳
10,5,5,2026-03-19 11:25:00,1083.6,2026-03-19 11:29:00,1084.0,4,0.036913990402370894,True,-0.036913990402370894,False,1#中阳+0.01%;2#大阴-0.04%;3#长下影阴-0.01%;4#中阴-0.01%;5#大阴-0.04%,中阴
10,5,5,2026-03-19 11:26:00,1083.66,2026-03-19 11:30:00,1084.3,4,0.05905911448239047,True,-0.05905911448239047,False,1#大阴-0.04%;2#长下影阴-0.01%;3#中阴-0.01%;4#大阴-0.04%;5#中阴-0.02%,T字
10,5,5,2026-03-19 13:35:00,1080.1,2026-03-19 13:39:00,1078.72,4,-0.12776594759743373,False,0.12776594759743373,True,1#中阳+0.02%;2#大阴-0.13%;3#中阴-0.02%;4#长下影阴-0.02%;5#长上影阴-0.01%,小阴
10,5,5,2026-03-19 13:36:00,1080.04,2026-03-19 13:40:00,1078.2,4,-0.17036406059034093,False,0.17036406059034093,True,1#大阴-0.13%;2#中阴-0.02%;3#长下影阴-0.02%;4#长上影阴-0.01%;5#小阴-0.01%,小阴
10,5,5,2026-03-19 13:37:00,1079.82,2026-03-19 13:41:00,1078.84,4,-0.09075586671852885,False,0.09075586671852885,True,1#中阴-0.02%;2#长下影阴-0.02%;3#长上影阴-0.01%;4#小阴-0.01%;5#小阴-0.01%,小阴
10,5,5,2026-03-19 13:38:00,1079.34,2026-03-19 13:42:00,1078.66,4,-0.0630014638575274,False,0.0630014638575274,True,1#长下影阴-0.02%;2#长上影阴-0.01%;3#小阴-0.01%;4#小阴-0.01%;5#小阴-0.01%,大阴
10,5,5,2026-03-19 13:39:00,1078.72,2026-03-19 13:43:00,1078.44,4,-0.025956689409668193,False,0.025956689409668193,True,1#长上影阴-0.01%;2#小阴-0.01%;3#小阴-0.01%;4#小阴-0.01%;5#大阴-0.04%,大阴
10,5,5,2026-03-19 13:40:00,1078.2,2026-03-19 13:44:00,1078.54,4,0.031534038211826945,True,-0.031534038211826945,False,1#小阴-0.01%;2#小阴-0.01%;3#小阴-0.01%;4#大阴-0.04%;5#大阴-0.06%,大阴
10,5,5,2026-03-19 13:41:00,1078.84,2026-03-19 13:45:00,1078.52,4,-0.029661488265167804,False,0.029661488265167804,True,1#小阴-0.01%;2#小阴-0.01%;3#大阴-0.04%;4#大阴-0.06%;5#大阴-0.05%,大阳
10,5,5,2026-03-19 13:58:00,1077.64,2026-03-19 14:02:00,1079.76,4,0.19672617942911275,True,-0.19672617942911275,False,1#中阳+0.02%;2#中阴-0.02%;3#大阴-0.06%;4#大阴-0.06%;5#中阴-0.05%,长上影阳
10,5,5,2026-03-19 14:18:00,1076.4,2026-03-19 14:22:00,1075.66,4,-0.06874767744333046,False,0.06874767744333046,True,1#大阳+0.04%;2#大阴-0.02%;3#中阴-0.01%;4#大阴-0.05%;5#中阴-0.03%,大阴
10,5,5,2026-03-19 14:19:00,1075.84,2026-03-19 14:23:00,1075.32,4,-0.048334324806661014,False,0.048334324806661014,True,1#大阴-0.02%;2#中阴-0.01%;3#大阴-0.05%;4#中阴-0.03%;5#大阴-0.06%,长上影阴
10,5,5,2026-03-19 14:20:00,1075.28,2026-03-19 14:24:00,1074.08,4,-0.11159883937207477,False,0.11159883937207477,True,1#中阴-0.01%;2#大阴-0.05%;3#中阴-0.03%;4#大阴-0.06%;5#长上影阴-0.05%,中阴
10,5,5,2026-03-19 14:21:00,1074.7,2026-03-19 14:25:00,1074.48,4,-0.020470829068579815,False,0.020470829068579815,True,1#大阴-0.05%;2#中阴-0.03%;3#大阴-0.06%;4#长上影阴-0.05%;5#中阴-0.05%,大阴
10,5,5,2026-03-19 14:22:00,1075.66,2026-03-19 14:26:00,1074.54,4,-0.10412212037261943,False,0.10412212037261943,True,1#中阴-0.03%;2#大阴-0.06%;3#长上影阴-0.05%;4#中阴-0.05%;5#大阴-0.05%,大阳
10,5,5,2026-03-19 14:37:00,1071.76,2026-03-19 14:41:00,1068.4,4,-0.31350302306485595,False,0.31350302306485595,True,1#大阳+0.07%;2#大阴-0.09%;3#长下影阴-0.01%;4#大阴-0.10%;5#大阴-0.11%,大阳
10,5,5,2026-03-19 14:49:00,1060.24,2026-03-19 14:53:00,1058.96,4,-0.12072738247943604,False,0.12072738247943604,True,1#大阳+0.19%;2#长下影阴-0.02%;3#大阴-0.18%;4#大阴-0.12%;5#大阴-0.20%,大阴
10,5,5,2026-03-19 14:50:00,1061.74,2026-03-19 14:54:00,1058.5,4,-0.3051594552338623,False,0.3051594552338623,True,1#长下影阴-0.02%;2#大阴-0.18%;3#大阴-0.12%;4#大阴-0.20%;5#大阴-0.15%,中阳
10,5,5,2026-03-19 21:04:00,1011.58,2026-03-19 21:08:00,1016.62,4,0.4982304909151984,True,-0.4982304909151984,False,1#大阳+0.08%;2#一字板+0.00%;3#大阴-0.61%;4#大阴-0.58%;5#大阴-0.38%,大阳
10,5,5,2026-03-19 21:13:00,1010.78,2026-03-19 21:17:00,1013.46,4,0.26514177170106884,True,-0.26514177170106884,False,1#大阳+0.33%;2#中阴-0.18%;3#大阴-0.34%;4#长上影阴-0.09%;5#十字星+0.01%,长下影阳
10,5,5,2026-03-19 21:26:00,1016.78,2026-03-19 21:30:00,1021.18,4,0.43273864552803726,True,-0.43273864552803726,False,1#长下影阳+0.06%;2#小阳+0.02%;3#长下影阴-0.08%;4#倒T-0.02%;5#大阴-0.14%,小阳
10,5,5,2026-03-19 21:27:00,1016.72,2026-03-19 21:31:00,1019.34,4,0.25769139979542105,True,-0.25769139979542105,False,1#小阳+0.02%;2#长下影阴-0.08%;3#倒T-0.02%;4#大阴-0.14%;5#小阳+0.06%,长下影阴
10,5,5,2026-03-19 21:28:00,1018.0,2026-03-19 21:32:00,1021.88,4,0.3811394891944986,True,-0.3811394891944986,False,1#长下影阴-0.08%;2#倒T-0.02%;3#大阴-0.14%;4#小阳+0.06%;5#长下影阴-0.04%,十字星
10,5,5,2026-03-19 22:30:00,1023.8,2026-03-19 22:34:00,1025.4,4,0.15628052353976718,True,-0.15628052353976718,False,1#大阳+0.12%;2#长上影阴-0.05%;3#大阴-0.21%;4#倒T-0.00%;5#十字星-0.00%,中阴
10,5,5,2026-03-19 22:31:00,1023.72,2026-03-19 22:35:00,1028.12,4,0.42980502481145855,True,-0.42980502481145855,False,1#长上影阴-0.05%;2#大阴-0.21%;3#倒T-0.00%;4#十字星-0.00%;5#中阴-0.06%,长上影阴
10,5,5,2026-03-19 22:32:00,1025.3,2026-03-19 22:36:00,1029.12,4,0.3725738808153649,True,-0.3725738808153649,False,1#大阴-0.21%;2#倒T-0.00%;3#十字星-0.00%;4#中阴-0.06%;5#长上影阴-0.07%,长下影阳
10,5,5,2026-03-19 22:57:00,1029.8,2026-03-19 23:01:00,1026.9,4,-0.2816080792386739,False,0.2816080792386739,True,1#大阳+0.17%;2#长下影阴-0.01%;3#中阴-0.03%;4#中阴-0.03%;5#大阴-0.08%,倒T
10,5,5,2026-03-19 22:58:00,1028.86,2026-03-19 23:02:00,1026.28,4,-0.2507629803860513,False,0.2507629803860513,True,1#长下影阴-0.01%;2#中阴-0.03%;3#中阴-0.03%;4#大阴-0.08%;5#倒T+0.00%,小阳
10,5,5,2026-03-19 22:59:00,1028.1,2026-03-19 23:03:00,1027.42,4,-0.06614142593131372,False,0.06614142593131372,True,1#中阴-0.03%;2#中阴-0.03%;3#大阴-0.08%;4#倒T+0.00%;5#小阳+0.04%,长上影阴
10,5,5,2026-03-19 23:00:00,1027.14,2026-03-19 23:04:00,1028.1,4,0.09346340323615174,True,-0.09346340323615174,False,1#中阴-0.03%;2#大阴-0.08%;3#倒T+0.00%;4#小阳+0.04%;5#长上影阴-0.02%,十字星
10,5,5,2026-03-19 23:01:00,1026.9,2026-03-19 23:05:00,1029.84,4,0.2862985685071406,True,-0.2862985685071406,False,1#大阴-0.08%;2#倒T+0.00%;3#小阳+0.04%;4#长上影阴-0.02%;5#十字星+0.01%,长上影阴
10,5,5,2026-03-19 23:02:00,1026.28,2026-03-19 23:06:00,1032.64,4,0.6197139182289557,True,-0.6197139182289557,False,1#倒T+0.00%;2#小阳+0.04%;3#长上影阴-0.02%;4#十字星+0.01%;5#长上影阴-0.02%,长上影阴
10,5,5,2026-03-19 23:03:00,1027.42,2026-03-19 23:07:00,1032.98,4,0.5411613556286567,True,-0.5411613556286567,False,1#小阳+0.04%;2#长上影阴-0.02%;3#十字星+0.01%;4#长上影阴-0.02%;5#长上影阴-0.06%,中阳
10,5,5,2026-03-19 23:34:00,1021.26,2026-03-19 23:38:00,1021.42,4,0.01566692125413393,True,-0.01566692125413393,False,1#T字+0.00%;2#长下影阴-0.02%;3#大阴-0.14%;4#大阴-0.14%;5#中阴-0.12%,大阴
10,5,5,2026-03-19 23:35:00,1022.32,2026-03-19 23:39:00,1021.0,4,-0.12911808435715336,False,0.12911808435715336,True,1#长下影阴-0.02%;2#大阴-0.14%;3#大阴-0.14%;4#中阴-0.12%;5#大阴-0.18%,中阳
10,5,5,2026-03-20 00:30:00,1025.72,2026-03-20 00:34:00,1024.54,4,-0.11504114183208514,False,0.11504114183208514,True,1#长上影阳+0.05%;2#长上影阴-0.04%;3#十字星-0.01%;4#大阴-0.10%;5#长上影阴-0.02%,倒T
10,5,5,2026-03-20 00:31:00,1025.0,2026-03-20 00:35:00,1024.12,4,-0.08585365853659602,False,0.08585365853659602,True,1#长上影阴-0.04%;2#十字星-0.01%;3#大阴-0.10%;4#长上影阴-0.02%;5#倒T-0.01%,中阴
10,5,5,2026-03-20 00:32:00,1024.18,2026-03-20 00:36:00,1022.82,4,-0.13278915815579426,False,0.13278915815579426,True,1#十字星-0.01%;2#大阴-0.10%;3#长上影阴-0.02%;4#倒T-0.01%;5#中阴-0.07%,大阴
10,5,5,2026-03-20 00:33:00,1023.92,2026-03-20 00:37:00,1023.46,4,-0.04492538479567961,False,0.04492538479567961,True,1#大阴-0.10%;2#长上影阴-0.02%;3#倒T-0.01%;4#中阴-0.07%;5#大阴-0.08%,长上影阴
10,5,5,2026-03-20 00:34:00,1024.54,2026-03-20 00:38:00,1023.42,4,-0.10931735217756305,False,0.10931735217756305,True,1#长上影阴-0.02%;2#倒T-0.01%;3#中阴-0.07%;4#大阴-0.08%;5#长上影阴-0.04%,长下影阳
10,5,5,2026-03-20 01:11:00,1020.78,2026-03-20 01:15:00,1021.04,4,0.025470718470188575,True,-0.025470718470188575,False,1#大阳+0.08%;2#大阴-0.06%;3#大阴-0.07%;4#中阴-0.05%;5#大阴-0.10%,长下影阴
10,5,5,2026-03-20 01:12:00,1021.76,2026-03-20 01:16:00,1020.1,4,-0.16246476667710308,False,0.16246476667710308,True,1#大阴-0.06%;2#大阴-0.07%;3#中阴-0.05%;4#大阴-0.10%;5#长下影阴-0.01%,大阳
10,5,5,2026-03-20 01:37:00,1024.66,2026-03-20 01:41:00,1025.22,4,0.054652274900937416,True,-0.054652274900937416,False,1#中阳+0.07%;2#中阴-0.07%;3#大阴-0.07%;4#长下影阴-0.03%;5#大阴-0.10%,长上影阴
10,5,5,2026-03-20 01:38:00,1025.06,2026-03-20 01:42:00,1026.12,4,0.10340858096110916,True,-0.10340858096110916,False,1#中阴-0.07%;2#大阴-0.07%;3#长下影阴-0.03%;4#大阴-0.10%;5#长上影阴-0.03%,长上影阳
10,5,5,2026-03-20 09:13:00,1035.76,2026-03-20 09:17:00,1036.28,4,0.050204680620991524,True,-0.050204680620991524,False,1#中阳+0.08%;2#长下影阴-0.01%;3#大阴-0.22%;4#小阴-0.02%;5#大阴-0.13%,大阴
10,5,5,2026-03-20 09:14:00,1036.2,2026-03-20 09:18:00,1036.98,4,0.07527504342790703,True,-0.07527504342790703,False,1#长下影阴-0.01%;2#大阴-0.22%;3#小阴-0.02%;4#大阴-0.13%;5#大阴-0.08%,长上影阳
10,5,5,2026-03-20 09:59:00,1042.36,2026-03-20 10:03:00,1042.9,4,0.05180551824707309,True,-0.05180551824707309,False,1#大阳+0.04%;2#大阴-0.08%;3#大阴-0.05%;4#中阴-0.05%;5#大阴-0.04%,大阳
10,5,5,2026-03-20 10:40:00,1043.86,2026-03-20 10:44:00,1044.24,4,0.03640334910812841,True,-0.03640334910812841,False,1#小阳+0.01%;2#长上影阴-0.04%;3#大阴-0.11%;4#中阴-0.04%;5#小阴-0.01%,中阳
10,5,5,2026-03-20 13:34:00,1048.78,2026-03-20 13:38:00,1049.74,4,0.09153492629531802,True,-0.09153492629531802,False,1#大阳+0.06%;2#长上影阴-0.01%;3#长上影阴-0.11%;4#中阴-0.08%;5#长下影阴-0.02%,大阴
10,5,5,2026-03-20 13:35:00,1048.22,2026-03-20 13:39:00,1051.36,4,0.29955543683576663,True,-0.29955543683576663,False,1#长上影阴-0.01%;2#长上影阴-0.11%;3#中阴-0.08%;4#长下影阴-0.02%;5#大阴-0.08%,大阴
10,5,5,2026-03-20 13:36:00,1049.56,2026-03-20 13:40:00,1051.3,4,0.16578375700293543,True,-0.16578375700293543,False,1#长上影阴-0.11%;2#中阴-0.08%;3#长下影阴-0.02%;4#大阴-0.08%;5#大阴-0.06%,大阳
10,5,5,2026-03-20 13:50:00,1048.26,2026-03-20 13:54:00,1046.8,4,-0.13927842329193488,False,0.13927842329193488,True,1#长下影阴-0.01%;2#长上影阴-0.01%;3#倒T-0.01%;4#倒T+0.00%;5#中阴-0.05%,长下影阳
10,5,5,2026-03-20 13:56:00,1046.32,2026-03-20 14:00:00,1044.56,4,-0.16820857863750965,False,0.16820857863750965,True,1#长下影阴-0.04%;2#十字星+0.00%;3#长上影阴-0.03%;4#长上影阴-0.02%;5#大阴-0.05%,T字
10,5,5,2026-03-20 14:13:00,1044.92,2026-03-20 14:17:00,1044.86,4,-0.0057420663783038705,False,0.0057420663783038705,True,1#长下影阳+0.02%;2#大阴-0.07%;3#中阴-0.07%;4#大阴-0.08%;5#十字星+0.00%,大阳
10,5,5,2026-03-20 14:30:00,1043.58,2026-03-20 14:34:00,1042.36,4,-0.116905268403,False,0.116905268403,True,1#中阳+0.04%;2#长下影阴-0.02%;3#中阴-0.03%;4#中阴-0.06%;5#大阴-0.08%,大阳
10,5,5,2026-03-20 14:40:00,1039.16,2026-03-20 14:44:00,1039.28,4,0.011547788598472887,True,-0.011547788598472887,False,1#中阳+0.06%;2#大阴-0.07%;3#大阴-0.11%;4#长上影阴-0.01%;5#中阴-0.11%,大阴
10,5,5,2026-03-20 14:41:00,1038.46,2026-03-20 14:45:00,1038.86,4,0.0385185755830618,True,-0.0385185755830618,False,1#大阴-0.07%;2#大阴-0.11%;3#长上影阴-0.01%;4#中阴-0.11%;5#大阴-0.08%,大阴
10,5,5,2026-03-20 14:42:00,1038.14,2026-03-20 14:46:00,1039.9,4,0.16953397422312894,True,-0.16953397422312894,False,1#大阴-0.11%;2#长上影阴-0.01%;3#中阴-0.11%;4#大阴-0.08%;5#大阴-0.07%,长上影阴
10,5,5,2026-03-20 14:43:00,1038.02,2026-03-20 14:47:00,1040.82,4,0.2697443209186677,True,-0.2697443209186677,False,1#长上影阴-0.01%;2#中阴-0.11%;3#大阴-0.08%;4#大阴-0.07%;5#长上影阴-0.03%,长下影阴
10,5,5,2026-03-20 14:44:00,1039.28,2026-03-20 14:48:00,1039.72,4,0.042337002540225405,True,-0.042337002540225405,False,1#中阴-0.11%;2#大阴-0.08%;3#大阴-0.07%;4#长上影阴-0.03%;5#长下影阴-0.03%,大阳
10,5,5,2026-03-20 21:26:00,1038.08,2026-03-20 21:30:00,1037.84,4,-0.023119605425401618,False,0.023119605425401618,True,1#大阳+0.09%;2#大阴-0.04%;3#大阴-0.08%;4#长上影阴-0.02%;5#中阴-0.02%,小阳
10,5,5,2026-03-20 21:34:00,1034.42,2026-03-20 21:38:00,1036.1,4,0.16240985286439127,True,-0.16240985286439127,False,1#中阳+0.03%;2#倒T-0.00%;3#长上影阴-0.05%;4#长下影阴-0.07%;5#长上影阴-0.07%,中阴
10,5,5,2026-03-20 21:35:00,1034.52,2026-03-20 21:39:00,1035.98,4,0.14112825271623905,True,-0.14112825271623905,False,1#倒T-0.00%;2#长上影阴-0.05%;3#长下影阴-0.07%;4#长上影阴-0.07%;5#中阴-0.11%,小阳
10,5,5,2026-03-20 21:54:00,1031.18,2026-03-20 21:58:00,1030.86,4,-0.031032409472658867,False,0.031032409472658867,True,1#小阳+0.01%;2#中阴-0.03%;3#大阴-0.10%;4#大阴-0.27%;5#长上影阴-0.06%,长下影阴
10,5,5,2026-03-20 21:55:00,1030.58,2026-03-20 21:59:00,1029.28,4,-0.12614256049990827,False,0.12614256049990827,True,1#中阴-0.03%;2#大阴-0.10%;3#大阴-0.27%;4#长上影阴-0.06%;5#长下影阴-0.04%,中阴
10,5,5,2026-03-20 21:56:00,1030.8,2026-03-20 22:00:00,1029.12,4,-0.1629802095459899,False,0.1629802095459899,True,1#大阴-0.10%;2#大阴-0.27%;3#长上影阴-0.06%;4#长下影阴-0.04%;5#中阴-0.04%,十字星
10,5,5,2026-03-20 22:29:00,1016.68,2026-03-20 22:33:00,1020.3,4,0.3560609041192907,True,-0.3560609041192907,False,1#大阳+0.15%;2#长下影阴-0.09%;3#大阴-0.20%;4#十字星+0.00%;5#长上影阴-0.05%,长上影阴
10,5,5,2026-03-20 22:30:00,1017.5,2026-03-20 22:34:00,1021.48,4,0.39115479115479296,True,-0.39115479115479296,False,1#长下影阴-0.09%;2#大阴-0.20%;3#十字星+0.00%;4#长上影阴-0.05%;5#长上影阴-0.03%,大阳
10,5,5,2026-03-20 23:10:00,1019.26,2026-03-20 23:14:00,1021.68,4,0.23742715303258824,True,-0.23742715303258824,False,1#长下影阳+0.07%;2#长上影阴-0.03%;3#小阴-0.03%;4#长下影阴-0.01%;5#大阴-0.13%,中阳
10,5,5,2026-03-20 23:18:00,1020.02,2026-03-20 23:22:00,1019.16,4,-0.08431207231230894,False,0.08431207231230894,True,1#大阳+0.18%;2#T字+0.01%;3#中阴-0.02%;4#大阴-0.05%;5#中阴-0.18%,大阳
10,5,5,2026-03-20 23:42:00,1017.72,2026-03-20 23:46:00,1017.82,4,0.00982588531226887,True,-0.00982588531226887,False,1#十字星+0.01%;2#十字星-0.01%;3#十字星-0.00%;4#长上影阴-0.03%;5#大阴-0.07%,十字星
10,5,5,2026-03-21 00:26:00,1024.92,2026-03-21 00:30:00,1023.38,4,-0.15025562970769202,False,0.15025562970769202,True,1#大阳+0.17%;2#小阴-0.04%;3#大阴-0.12%;4#中阴-0.04%;5#大阴-0.08%,大阴
10,5,5,2026-03-21 00:27:00,1023.92,2026-03-21 00:31:00,1022.72,4,-0.11719665598874246,False,0.11719665598874246,True,1#小阴-0.04%;2#大阴-0.12%;3#中阴-0.04%;4#大阴-0.08%;5#大阴-0.09%,大阴
10,5,5,2026-03-21 00:28:00,1023.98,2026-03-21 00:32:00,1021.56,4,-0.23633274087385228,False,0.23633274087385228,True,1#大阴-0.12%;2#中阴-0.04%;3#大阴-0.08%;4#大阴-0.09%;5#大阴-0.09%,小阳
10,5,5,2026-03-21 00:45:00,1022.86,2026-03-21 00:49:00,1020.38,4,-0.24245742330328865,False,0.24245742330328865,True,1#长上影阳+0.05%;2#中阴-0.02%;3#倒T+0.00%;4#大阴-0.08%;5#长上影阴-0.04%,中阴
10,5,5,2026-03-21 00:46:00,1022.66,2026-03-21 00:50:00,1022.1,4,-0.05475915749124298,False,0.05475915749124298,True,1#中阴-0.02%;2#倒T+0.00%;3#大阴-0.08%;4#长上影阴-0.04%;5#中阴-0.06%,小阴
10,5,5,2026-03-21 00:47:00,1022.7,2026-03-21 00:51:00,1021.84,4,-0.08409113131905872,False,0.08409113131905872,True,1#倒T+0.00%;2#大阴-0.08%;3#长上影阴-0.04%;4#中阴-0.06%;5#小阴-0.02%,T字
10,5,5,2026-03-21 01:14:00,1023.24,2026-03-21 01:18:00,1021.64,4,-0.15636605292991115,False,0.15636605292991115,True,1#长上影阳+0.02%;2#大阴-0.11%;3#长上影阴-0.03%;4#中阴-0.05%;5#长下影阴-0.04%,中阴
10,5,5,2026-03-21 01:15:00,1023.14,2026-03-21 01:19:00,1021.88,4,-0.12315030201145404,False,0.12315030201145404,True,1#大阴-0.11%;2#长上影阴-0.03%;3#中阴-0.05%;4#长下影阴-0.04%;5#中阴-0.05%,长上影阴
10,5,5,2026-03-21 01:16:00,1021.82,2026-03-21 01:20:00,1021.76,4,-0.005871875672824873,False,0.005871875672824873,True,1#长上影阴-0.03%;2#中阴-0.05%;3#长下影阴-0.04%;4#中阴-0.05%;5#长上影阴-0.01%,大阴
10,5,5,2026-03-21 01:17:00,1021.98,2026-03-21 01:21:00,1022.14,4,0.015655883676781168,True,-0.015655883676781168,False,1#中阴-0.05%;2#长下影阴-0.04%;3#中阴-0.05%;4#长上影阴-0.01%;5#大阴-0.13%,长上影阳
11,5,5,2026-03-19 10:50:00,1083.16,2026-03-19 10:55:00,1084.14,5,0.09047601462387996,True,-0.09047601462387996,False,1#大阳+0.02%;2#长上影阳+0.00%;3#长下影阴-0.02%;4#大阴-0.02%;5#长下影阴-0.01%,中阴
11,5,5,2026-03-19 10:51:00,1083.02,2026-03-19 10:56:00,1084.08,5,0.09787446215212513,True,-0.09787446215212513,False,1#长上影阳+0.00%;2#长下影阴-0.02%;3#大阴-0.02%;4#长下影阴-0.01%;5#中阴-0.02%,中阴
11,5,5,2026-03-19 10:52:00,1082.7,2026-03-19 10:57:00,1083.94,5,0.11452849358086349,True,-0.11452849358086349,False,1#长下影阴-0.02%;2#大阴-0.02%;3#长下影阴-0.01%;4#中阴-0.02%;5#中阴-0.01%,大阴
11,5,5,2026-03-19 10:53:00,1082.96,2026-03-19 10:58:00,1083.78,5,0.07571840141832906,True,-0.07571840141832906,False,1#大阴-0.02%;2#长下影阴-0.01%;3#中阴-0.02%;4#中阴-0.01%;5#大阴-0.03%,大阳
11,5,5,2026-03-19 11:00:00,1083.96,2026-03-19 11:05:00,1083.94,5,-0.0018450865345567926,False,0.0018450865345567926,True,1#大阳+0.06%;2#长上影阳+0.01%;3#长上影阴-0.01%;4#中阴-0.01%;5#大阴-0.04%,大阳
11,5,5,2026-03-19 11:25:00,1083.6,2026-03-19 11:30:00,1084.3,5,0.06459948320413857,True,-0.06459948320413857,False,1#中阳+0.01%;2#大阴-0.04%;3#长下影阴-0.01%;4#中阴-0.01%;5#大阴-0.04%,中阴
11,5,5,2026-03-19 11:26:00,1083.66,2026-03-19 13:31:00,1080.6,5,-0.2823763911190016,False,0.2823763911190016,True,1#大阴-0.04%;2#长下影阴-0.01%;3#中阴-0.01%;4#大阴-0.04%;5#中阴-0.02%,T字
11,5,5,2026-03-19 13:35:00,1080.1,2026-03-19 13:40:00,1078.2,5,-0.1759096379964692,False,0.1759096379964692,True,1#中阳+0.02%;2#大阴-0.13%;3#中阴-0.02%;4#长下影阴-0.02%;5#长上影阴-0.01%,小阴
11,5,5,2026-03-19 13:36:00,1080.04,2026-03-19 13:41:00,1078.84,5,-0.11110699603718802,False,0.11110699603718802,True,1#大阴-0.13%;2#中阴-0.02%;3#长下影阴-0.02%;4#长上影阴-0.01%;5#小阴-0.01%,小阴
11,5,5,2026-03-19 13:37:00,1079.82,2026-03-19 13:42:00,1078.66,5,-0.10742531162599828,False,0.10742531162599828,True,1#中阴-0.02%;2#长下影阴-0.02%;3#长上影阴-0.01%;4#小阴-0.01%;5#小阴-0.01%,小阴
11,5,5,2026-03-19 13:38:00,1079.34,2026-03-19 13:43:00,1078.44,5,-0.08338429039967607,False,0.08338429039967607,True,1#长下影阴-0.02%;2#长上影阴-0.01%;3#小阴-0.01%;4#小阴-0.01%;5#小阴-0.01%,大阴
11,5,5,2026-03-19 13:39:00,1078.72,2026-03-19 13:44:00,1078.54,5,-0.01668644319193708,False,0.01668644319193708,True,1#长上影阴-0.01%;2#小阴-0.01%;3#小阴-0.01%;4#小阴-0.01%;5#大阴-0.04%,大阴
11,5,5,2026-03-19 13:40:00,1078.2,2026-03-19 13:45:00,1078.52,5,0.029679094787603073,True,-0.029679094787603073,False,1#小阴-0.01%;2#小阴-0.01%;3#小阴-0.01%;4#大阴-0.04%;5#大阴-0.06%,大阴
11,5,5,2026-03-19 13:41:00,1078.84,2026-03-19 13:46:00,1078.02,5,-0.07600756367950172,False,0.07600756367950172,True,1#小阴-0.01%;2#小阴-0.01%;3#大阴-0.04%;4#大阴-0.06%;5#大阴-0.05%,大阳
11,5,5,2026-03-19 13:58:00,1077.64,2026-03-19 14:03:00,1078.98,5,0.12434579265802291,True,-0.12434579265802291,False,1#中阳+0.02%;2#中阴-0.02%;3#大阴-0.06%;4#大阴-0.06%;5#中阴-0.05%,长上影阳
11,5,5,2026-03-19 14:18:00,1076.4,2026-03-19 14:23:00,1075.32,5,-0.10033444816054948,False,0.10033444816054948,True,1#大阳+0.04%;2#大阴-0.02%;3#中阴-0.01%;4#大阴-0.05%;5#中阴-0.03%,大阴
11,5,5,2026-03-19 14:19:00,1075.84,2026-03-19 14:24:00,1074.08,5,-0.16359309934562677,False,0.16359309934562677,True,1#大阴-0.02%;2#中阴-0.01%;3#大阴-0.05%;4#中阴-0.03%;5#大阴-0.06%,长上影阴
11,5,5,2026-03-19 14:20:00,1075.28,2026-03-19 14:25:00,1074.48,5,-0.0743992262480428,False,0.0743992262480428,True,1#中阴-0.01%;2#大阴-0.05%;3#中阴-0.03%;4#大阴-0.06%;5#长上影阴-0.05%,中阴
11,5,5,2026-03-19 14:21:00,1074.7,2026-03-19 14:26:00,1074.54,5,-0.014887875686245635,False,0.014887875686245635,True,1#大阴-0.05%;2#中阴-0.03%;3#大阴-0.06%;4#长上影阴-0.05%;5#中阴-0.05%,大阴
11,5,5,2026-03-19 14:22:00,1075.66,2026-03-19 14:27:00,1075.0,5,-0.0613576780767233,False,0.0613576780767233,True,1#中阴-0.03%;2#大阴-0.06%;3#长上影阴-0.05%;4#中阴-0.05%;5#大阴-0.05%,大阳
11,5,5,2026-03-19 14:37:00,1071.76,2026-03-19 14:42:00,1067.0,5,-0.44412928267522495,False,0.44412928267522495,True,1#大阳+0.07%;2#大阴-0.09%;3#长下影阴-0.01%;4#大阴-0.10%;5#大阴-0.11%,大阳
11,5,5,2026-03-19 14:49:00,1060.24,2026-03-19 14:54:00,1058.5,5,-0.16411378555798772,False,0.16411378555798772,True,1#大阳+0.19%;2#长下影阴-0.02%;3#大阴-0.18%;4#大阴-0.12%;5#大阴-0.20%,大阴
11,5,5,2026-03-19 14:50:00,1061.74,2026-03-19 14:55:00,1058.26,5,-0.32776385932526025,False,0.32776385932526025,True,1#长下影阴-0.02%;2#大阴-0.18%;3#大阴-0.12%;4#大阴-0.20%;5#大阴-0.15%,中阳
11,5,5,2026-03-19 21:04:00,1011.58,2026-03-19 21:09:00,1014.6,5,0.2985428735245835,True,-0.2985428735245835,False,1#大阳+0.08%;2#一字板+0.00%;3#大阴-0.61%;4#大阴-0.58%;5#大阴-0.38%,大阳
11,5,5,2026-03-19 21:13:00,1010.78,2026-03-19 21:18:00,1016.04,5,0.5203901937117861,True,-0.5203901937117861,False,1#大阳+0.33%;2#中阴-0.18%;3#大阴-0.34%;4#长上影阴-0.09%;5#十字星+0.01%,长下影阳
11,5,5,2026-03-19 21:26:00,1016.78,2026-03-19 21:31:00,1019.34,5,0.2517752119435924,True,-0.2517752119435924,False,1#长下影阳+0.06%;2#小阳+0.02%;3#长下影阴-0.08%;4#倒T-0.02%;5#大阴-0.14%,小阳
11,5,5,2026-03-19 21:27:00,1016.72,2026-03-19 21:32:00,1021.88,5,0.5075143599024282,True,-0.5075143599024282,False,1#小阳+0.02%;2#长下影阴-0.08%;3#倒T-0.02%;4#大阴-0.14%;5#小阳+0.06%,长下影阴
11,5,5,2026-03-19 21:28:00,1018.0,2026-03-19 21:33:00,1019.6,5,0.15717092337917707,True,-0.15717092337917707,False,1#长下影阴-0.08%;2#倒T-0.02%;3#大阴-0.14%;4#小阳+0.06%;5#长下影阴-0.04%,十字星
11,5,5,2026-03-19 22:30:00,1023.8,2026-03-19 22:35:00,1028.12,5,0.42195741355732924,True,-0.42195741355732924,False,1#大阳+0.12%;2#长上影阴-0.05%;3#大阴-0.21%;4#倒T-0.00%;5#十字星-0.00%,中阴
11,5,5,2026-03-19 22:31:00,1023.72,2026-03-19 22:36:00,1029.12,5,0.527487984995884,True,-0.527487984995884,False,1#长上影阴-0.05%;2#大阴-0.21%;3#倒T-0.00%;4#十字星-0.00%;5#中阴-0.06%,长上影阴
11,5,5,2026-03-19 22:32:00,1025.3,2026-03-19 22:37:00,1030.22,5,0.47985955330147984,True,-0.47985955330147984,False,1#大阴-0.21%;2#倒T-0.00%;3#十字星-0.00%;4#中阴-0.06%;5#长上影阴-0.07%,长下影阳
11,5,5,2026-03-19 22:57:00,1029.8,2026-03-19 23:02:00,1026.28,5,-0.3418139444552323,False,0.3418139444552323,True,1#大阳+0.17%;2#长下影阴-0.01%;3#中阴-0.03%;4#中阴-0.03%;5#大阴-0.08%,倒T
11,5,5,2026-03-19 22:58:00,1028.86,2026-03-19 23:03:00,1027.42,5,-0.13996073323871347,False,0.13996073323871347,True,1#长下影阴-0.01%;2#中阴-0.03%;3#中阴-0.03%;4#大阴-0.08%;5#倒T+0.00%,小阳
11,5,5,2026-03-19 22:59:00,1028.1,2026-03-19 23:04:00,1028.1,5,0.0,False,0.0,False,1#中阴-0.03%;2#中阴-0.03%;3#大阴-0.08%;4#倒T+0.00%;5#小阳+0.04%,长上影阴
11,5,5,2026-03-19 23:00:00,1027.14,2026-03-19 23:05:00,1029.84,5,0.26286582160171135,True,-0.26286582160171135,False,1#中阴-0.03%;2#大阴-0.08%;3#倒T+0.00%;4#小阳+0.04%;5#长上影阴-0.02%,十字星
11,5,5,2026-03-19 23:01:00,1026.9,2026-03-19 23:06:00,1032.64,5,0.5589638718473082,True,-0.5589638718473082,False,1#大阴-0.08%;2#倒T+0.00%;3#小阳+0.04%;4#长上影阴-0.02%;5#十字星+0.01%,长上影阴
11,5,5,2026-03-19 23:02:00,1026.28,2026-03-19 23:07:00,1032.98,5,0.6528432786374133,True,-0.6528432786374133,False,1#倒T+0.00%;2#小阳+0.04%;3#长上影阴-0.02%;4#十字星+0.01%;5#长上影阴-0.02%,长上影阴
11,5,5,2026-03-19 23:03:00,1027.42,2026-03-19 23:08:00,1030.54,5,0.30367327869808747,True,-0.30367327869808747,False,1#小阳+0.04%;2#长上影阴-0.02%;3#十字星+0.01%;4#长上影阴-0.02%;5#长上影阴-0.06%,中阳
11,5,5,2026-03-19 23:34:00,1021.26,2026-03-19 23:39:00,1021.0,5,-0.02545874703797181,False,0.02545874703797181,True,1#T字+0.00%;2#长下影阴-0.02%;3#大阴-0.14%;4#大阴-0.14%;5#中阴-0.12%,大阴
11,5,5,2026-03-19 23:35:00,1022.32,2026-03-19 23:40:00,1022.0,5,-0.03130135378355603,False,0.03130135378355603,True,1#长下影阴-0.02%;2#大阴-0.14%;3#大阴-0.14%;4#中阴-0.12%;5#大阴-0.18%,中阳
11,5,5,2026-03-20 00:30:00,1025.72,2026-03-20 00:35:00,1024.12,5,-0.15598798892486607,False,0.15598798892486607,True,1#长上影阳+0.05%;2#长上影阴-0.04%;3#十字星-0.01%;4#大阴-0.10%;5#长上影阴-0.02%,倒T
11,5,5,2026-03-20 00:31:00,1025.0,2026-03-20 00:36:00,1022.82,5,-0.2126829268292634,False,0.2126829268292634,True,1#长上影阴-0.04%;2#十字星-0.01%;3#大阴-0.10%;4#长上影阴-0.02%;5#倒T-0.01%,中阴
11,5,5,2026-03-20 00:32:00,1024.18,2026-03-20 00:37:00,1023.46,5,-0.0703001425530695,False,0.0703001425530695,True,1#十字星-0.01%;2#大阴-0.10%;3#长上影阴-0.02%;4#倒T-0.01%;5#中阴-0.07%,大阴
11,5,5,2026-03-20 00:33:00,1023.92,2026-03-20 00:38:00,1023.42,5,-0.048831939995312136,False,0.048831939995312136,True,1#大阴-0.10%;2#长上影阴-0.02%;3#倒T-0.01%;4#中阴-0.07%;5#大阴-0.08%,长上影阴
11,5,5,2026-03-20 00:34:00,1024.54,2026-03-20 00:39:00,1024.04,5,-0.04880238936498331,False,0.04880238936498331,True,1#长上影阴-0.02%;2#倒T-0.01%;3#中阴-0.07%;4#大阴-0.08%;5#长上影阴-0.04%,长下影阳
11,5,5,2026-03-20 01:11:00,1020.78,2026-03-20 01:16:00,1020.1,5,-0.06661572522972138,False,0.06661572522972138,True,1#大阳+0.08%;2#大阴-0.06%;3#大阴-0.07%;4#中阴-0.05%;5#大阴-0.10%,长下影阴
11,5,5,2026-03-20 01:12:00,1021.76,2026-03-20 01:17:00,1021.04,5,-0.07046664578766318,False,0.07046664578766318,True,1#大阴-0.06%;2#大阴-0.07%;3#中阴-0.05%;4#大阴-0.10%;5#长下影阴-0.01%,大阳
11,5,5,2026-03-20 01:37:00,1024.66,2026-03-20 01:42:00,1026.12,5,0.1424862881345821,True,-0.1424862881345821,False,1#中阳+0.07%;2#中阴-0.07%;3#大阴-0.07%;4#长下影阴-0.03%;5#大阴-0.10%,长上影阴
11,5,5,2026-03-20 01:38:00,1025.06,2026-03-20 01:43:00,1025.66,5,0.0585331590346064,True,-0.0585331590346064,False,1#中阴-0.07%;2#大阴-0.07%;3#长下影阴-0.03%;4#大阴-0.10%;5#长上影阴-0.03%,长上影阳
11,5,5,2026-03-20 09:13:00,1035.76,2026-03-20 09:18:00,1036.98,5,0.11778790453387149,True,-0.11778790453387149,False,1#中阳+0.08%;2#长下影阴-0.01%;3#大阴-0.22%;4#小阴-0.02%;5#大阴-0.13%,大阴
11,5,5,2026-03-20 09:14:00,1036.2,2026-03-20 09:19:00,1036.02,5,-0.0173711638679853,False,0.0173711638679853,True,1#长下影阴-0.01%;2#大阴-0.22%;3#小阴-0.02%;4#大阴-0.13%;5#大阴-0.08%,长上影阳
11,5,5,2026-03-20 09:59:00,1042.36,2026-03-20 10:04:00,1043.08,5,0.06907402432940897,True,-0.06907402432940897,False,1#大阳+0.04%;2#大阴-0.08%;3#大阴-0.05%;4#中阴-0.05%;5#大阴-0.04%,大阳
11,5,5,2026-03-20 10:40:00,1043.86,2026-03-20 10:45:00,1044.02,5,0.01532772594026803,True,-0.01532772594026803,False,1#小阳+0.01%;2#长上影阴-0.04%;3#大阴-0.11%;4#中阴-0.04%;5#小阴-0.01%,中阳
11,5,5,2026-03-20 13:34:00,1048.78,2026-03-20 13:39:00,1051.36,5,0.24600011441865094,True,-0.24600011441865094,False,1#大阳+0.06%;2#长上影阴-0.01%;3#长上影阴-0.11%;4#中阴-0.08%;5#长下影阴-0.02%,大阴
11,5,5,2026-03-20 13:35:00,1048.22,2026-03-20 13:40:00,1051.3,5,0.2938314475968716,True,-0.2938314475968716,False,1#长上影阴-0.01%;2#长上影阴-0.11%;3#中阴-0.08%;4#长下影阴-0.02%;5#大阴-0.08%,大阴
11,5,5,2026-03-20 13:36:00,1049.56,2026-03-20 13:41:00,1051.82,5,0.21532832806128197,True,-0.21532832806128197,False,1#长上影阴-0.11%;2#中阴-0.08%;3#长下影阴-0.02%;4#大阴-0.08%;5#大阴-0.06%,大阳
11,5,5,2026-03-20 13:50:00,1048.26,2026-03-20 13:55:00,1046.32,5,-0.18506858985366748,False,0.18506858985366748,True,1#长下影阴-0.01%;2#长上影阴-0.01%;3#倒T-0.01%;4#倒T+0.00%;5#中阴-0.05%,长下影阳
11,5,5,2026-03-20 13:56:00,1046.32,2026-03-20 14:01:00,1045.62,5,-0.0669011392308324,False,0.0669011392308324,True,1#长下影阴-0.04%;2#十字星+0.00%;3#长上影阴-0.03%;4#长上影阴-0.02%;5#大阴-0.05%,T字
11,5,5,2026-03-20 14:13:00,1044.92,2026-03-20 14:18:00,1043.56,5,-0.13015350457452507,False,0.13015350457452507,True,1#长下影阳+0.02%;2#大阴-0.07%;3#中阴-0.07%;4#大阴-0.08%;5#十字星+0.00%,大阳
11,5,5,2026-03-20 14:30:00,1043.58,2026-03-20 14:35:00,1043.04,5,-0.051744954866896994,False,0.051744954866896994,True,1#中阳+0.04%;2#长下影阴-0.02%;3#中阴-0.03%;4#中阴-0.06%;5#大阴-0.08%,大阳
11,5,5,2026-03-20 14:40:00,1039.16,2026-03-20 14:45:00,1038.86,5,-0.028869471496225978,False,0.028869471496225978,True,1#中阳+0.06%;2#大阴-0.07%;3#大阴-0.11%;4#长上影阴-0.01%;5#中阴-0.11%,大阴
11,5,5,2026-03-20 14:41:00,1038.46,2026-03-20 14:46:00,1039.9,5,0.13866687209907502,True,-0.13866687209907502,False,1#大阴-0.07%;2#大阴-0.11%;3#长上影阴-0.01%;4#中阴-0.11%;5#大阴-0.08%,大阴
11,5,5,2026-03-20 14:42:00,1038.14,2026-03-20 14:47:00,1040.82,5,0.25815400620338647,True,-0.25815400620338647,False,1#大阴-0.11%;2#长上影阴-0.01%;3#中阴-0.11%;4#大阴-0.08%;5#大阴-0.07%,长上影阴
11,5,5,2026-03-20 14:43:00,1038.02,2026-03-20 14:48:00,1039.72,5,0.16377333770062674,True,-0.16377333770062674,False,1#长上影阴-0.01%;2#中阴-0.11%;3#大阴-0.08%;4#大阴-0.07%;5#长上影阴-0.03%,长下影阴
11,5,5,2026-03-20 14:44:00,1039.28,2026-03-20 14:49:00,1038.54,5,-0.07120314063582567,False,0.07120314063582567,True,1#中阴-0.11%;2#大阴-0.08%;3#大阴-0.07%;4#长上影阴-0.03%;5#长下影阴-0.03%,大阳
11,5,5,2026-03-20 21:26:00,1038.08,2026-03-20 21:31:00,1036.74,5,-0.12908446362514625,False,0.12908446362514625,True,1#大阳+0.09%;2#大阴-0.04%;3#大阴-0.08%;4#长上影阴-0.02%;5#中阴-0.02%,小阳
11,5,5,2026-03-20 21:34:00,1034.42,2026-03-20 21:39:00,1035.98,5,0.15080914908837273,True,-0.15080914908837273,False,1#中阳+0.03%;2#倒T-0.00%;3#长上影阴-0.05%;4#长下影阴-0.07%;5#长上影阴-0.07%,中阴
11,5,5,2026-03-20 21:35:00,1034.52,2026-03-20 21:40:00,1036.42,5,0.1836600549046989,True,-0.1836600549046989,False,1#倒T-0.00%;2#长上影阴-0.05%;3#长下影阴-0.07%;4#长上影阴-0.07%;5#中阴-0.11%,小阳
11,5,5,2026-03-20 21:54:00,1031.18,2026-03-20 21:59:00,1029.28,5,-0.18425493124382658,False,0.18425493124382658,True,1#小阳+0.01%;2#中阴-0.03%;3#大阴-0.10%;4#大阴-0.27%;5#长上影阴-0.06%,长下影阴
11,5,5,2026-03-20 21:55:00,1030.58,2026-03-20 22:00:00,1029.12,5,-0.14166779871529006,False,0.14166779871529006,True,1#中阴-0.03%;2#大阴-0.10%;3#大阴-0.27%;4#长上影阴-0.06%;5#长下影阴-0.04%,中阴
11,5,5,2026-03-20 21:56:00,1030.8,2026-03-20 22:01:00,1029.66,5,-0.1105937136204766,False,0.1105937136204766,True,1#大阴-0.10%;2#大阴-0.27%;3#长上影阴-0.06%;4#长下影阴-0.04%;5#中阴-0.04%,十字星
11,5,5,2026-03-20 22:29:00,1016.68,2026-03-20 22:34:00,1021.48,5,0.47212495573829216,True,-0.47212495573829216,False,1#大阳+0.15%;2#长下影阴-0.09%;3#大阴-0.20%;4#十字星+0.00%;5#长上影阴-0.05%,长上影阴
11,5,5,2026-03-20 22:30:00,1017.5,2026-03-20 22:35:00,1022.4,5,0.48157248157247934,True,-0.48157248157247934,False,1#长下影阴-0.09%;2#大阴-0.20%;3#十字星+0.00%;4#长上影阴-0.05%;5#长上影阴-0.03%,大阳
11,5,5,2026-03-20 23:10:00,1019.26,2026-03-20 23:15:00,1021.44,5,0.21388065851696952,True,-0.21388065851696952,False,1#长下影阳+0.07%;2#长上影阴-0.03%;3#小阴-0.03%;4#长下影阴-0.01%;5#大阴-0.13%,中阳
11,5,5,2026-03-20 23:18:00,1020.02,2026-03-20 23:23:00,1019.12,5,-0.08823356404776155,False,0.08823356404776155,True,1#大阳+0.18%;2#T字+0.01%;3#中阴-0.02%;4#大阴-0.05%;5#中阴-0.18%,大阳
11,5,5,2026-03-20 23:42:00,1017.72,2026-03-20 23:47:00,1016.8,5,-0.09039814487286019,False,0.09039814487286019,True,1#十字星+0.01%;2#十字星-0.01%;3#十字星-0.00%;4#长上影阴-0.03%;5#大阴-0.07%,十字星
11,5,5,2026-03-21 00:26:00,1024.92,2026-03-21 00:31:00,1022.72,5,-0.21465089958241085,False,0.21465089958241085,True,1#大阳+0.17%;2#小阴-0.04%;3#大阴-0.12%;4#中阴-0.04%;5#大阴-0.08%,大阴
11,5,5,2026-03-21 00:27:00,1023.92,2026-03-21 00:32:00,1021.56,5,-0.2304867567778746,False,0.2304867567778746,True,1#小阴-0.04%;2#大阴-0.12%;3#中阴-0.04%;4#大阴-0.08%;5#大阴-0.09%,大阴
11,5,5,2026-03-21 00:28:00,1023.98,2026-03-21 00:33:00,1021.94,5,-0.19922264106720478,False,0.19922264106720478,True,1#大阴-0.12%;2#中阴-0.04%;3#大阴-0.08%;4#大阴-0.09%;5#大阴-0.09%,小阳
11,5,5,2026-03-21 00:45:00,1022.86,2026-03-21 00:50:00,1022.1,5,-0.07430146843165153,False,0.07430146843165153,True,1#长上影阳+0.05%;2#中阴-0.02%;3#倒T+0.00%;4#大阴-0.08%;5#长上影阴-0.04%,中阴
11,5,5,2026-03-21 00:46:00,1022.66,2026-03-21 00:51:00,1021.84,5,-0.08018305204075024,False,0.08018305204075024,True,1#中阴-0.02%;2#倒T+0.00%;3#大阴-0.08%;4#长上影阴-0.04%;5#中阴-0.06%,小阴
11,5,5,2026-03-21 00:47:00,1022.7,2026-03-21 00:52:00,1021.42,5,-0.12515889312604736,False,0.12515889312604736,True,1#倒T+0.00%;2#大阴-0.08%;3#长上影阴-0.04%;4#中阴-0.06%;5#小阴-0.02%,T字
11,5,5,2026-03-21 01:14:00,1023.24,2026-03-21 01:19:00,1021.88,5,-0.13291114499042392,False,0.13291114499042392,True,1#长上影阳+0.02%;2#大阴-0.11%;3#长上影阴-0.03%;4#中阴-0.05%;5#长下影阴-0.04%,中阴
11,5,5,2026-03-21 01:15:00,1023.14,2026-03-21 01:20:00,1021.76,5,-0.13487890220302162,False,0.13487890220302162,True,1#大阴-0.11%;2#长上影阴-0.03%;3#中阴-0.05%;4#长下影阴-0.04%;5#中阴-0.05%,长上影阴
11,5,5,2026-03-21 01:16:00,1021.82,2026-03-21 01:21:00,1022.14,5,0.031316670255028906,True,-0.031316670255028906,False,1#长上影阴-0.03%;2#中阴-0.05%;3#长下影阴-0.04%;4#中阴-0.05%;5#长上影阴-0.01%,大阴
11,5,5,2026-03-21 01:17:00,1021.98,2026-03-21 01:22:00,1021.56,5,-0.04109669465156586,False,0.04109669465156586,True,1#中阴-0.05%;2#长下影阴-0.04%;3#中阴-0.05%;4#长上影阴-0.01%;5#大阴-0.13%,长上影阳
12,5,5,2026-03-19 10:50:00,1083.16,2026-03-19 10:56:00,1084.08,6,0.08493666678974901,True,-0.08493666678974901,False,1#大阳+0.02%;2#长上影阳+0.00%;3#长下影阴-0.02%;4#大阴-0.02%;5#长下影阴-0.01%,中阴
12,5,5,2026-03-19 10:51:00,1083.02,2026-03-19 10:57:00,1083.94,6,0.08494764639619516,True,-0.08494764639619516,False,1#长上影阳+0.00%;2#长下影阴-0.02%;3#大阴-0.02%;4#长下影阴-0.01%;5#中阴-0.02%,中阴
12,5,5,2026-03-19 10:52:00,1082.7,2026-03-19 10:58:00,1083.78,6,0.09975062344138978,True,-0.09975062344138978,False,1#长下影阴-0.02%;2#大阴-0.02%;3#长下影阴-0.01%;4#中阴-0.02%;5#中阴-0.01%,大阴
12,5,5,2026-03-19 10:53:00,1082.96,2026-03-19 10:59:00,1083.22,6,0.02400827362044682,True,-0.02400827362044682,False,1#大阴-0.02%;2#长下影阴-0.01%;3#中阴-0.02%;4#中阴-0.01%;5#大阴-0.03%,大阳
12,5,5,2026-03-19 11:00:00,1083.96,2026-03-19 11:06:00,1083.48,6,-0.04428207682940498,False,0.04428207682940498,True,1#大阳+0.06%;2#长上影阳+0.01%;3#长上影阴-0.01%;4#中阴-0.01%;5#大阴-0.04%,大阳
12,5,5,2026-03-19 11:25:00,1083.6,2026-03-19 13:31:00,1080.6,6,-0.2768549280177187,False,0.2768549280177187,True,1#中阳+0.01%;2#大阴-0.04%;3#长下影阴-0.01%;4#中阴-0.01%;5#大阴-0.04%,中阴
12,5,5,2026-03-19 11:26:00,1083.66,2026-03-19 13:32:00,1080.52,6,-0.28975878042929515,False,0.28975878042929515,True,1#大阴-0.04%;2#长下影阴-0.01%;3#中阴-0.01%;4#大阴-0.04%;5#中阴-0.02%,T字
12,5,5,2026-03-19 13:35:00,1080.1,2026-03-19 13:41:00,1078.84,6,-0.11665586519766605,False,0.11665586519766605,True,1#中阳+0.02%;2#大阴-0.13%;3#中阴-0.02%;4#长下影阴-0.02%;5#长上影阴-0.01%,小阴
12,5,5,2026-03-19 13:36:00,1080.04,2026-03-19 13:42:00,1078.66,6,-0.12777304544275045,False,0.12777304544275045,True,1#大阴-0.13%;2#中阴-0.02%;3#长下影阴-0.02%;4#长上影阴-0.01%;5#小阴-0.01%,小阴
12,5,5,2026-03-19 13:37:00,1079.82,2026-03-19 13:43:00,1078.44,6,-0.1277990776240375,False,0.1277990776240375,True,1#中阴-0.02%;2#长下影阴-0.02%;3#长上影阴-0.01%;4#小阴-0.01%;5#小阴-0.01%,小阴
12,5,5,2026-03-19 13:38:00,1079.34,2026-03-19 13:44:00,1078.54,6,-0.07411936924416353,False,0.07411936924416353,True,1#长下影阴-0.02%;2#长上影阴-0.01%;3#小阴-0.01%;4#小阴-0.01%;5#小阴-0.01%,大阴
12,5,5,2026-03-19 13:39:00,1078.72,2026-03-19 13:45:00,1078.52,6,-0.0185404924354833,False,0.0185404924354833,True,1#长上影阴-0.01%;2#小阴-0.01%;3#小阴-0.01%;4#小阴-0.01%;5#大阴-0.04%,大阴
12,5,5,2026-03-19 13:40:00,1078.2,2026-03-19 13:46:00,1078.02,6,-0.016694490818035954,False,0.016694490818035954,True,1#小阴-0.01%;2#小阴-0.01%;3#小阴-0.01%;4#大阴-0.04%;5#大阴-0.06%,大阴
12,5,5,2026-03-19 13:41:00,1078.84,2026-03-19 13:47:00,1078.2,6,-0.05932297653033561,False,0.05932297653033561,True,1#小阴-0.01%;2#小阴-0.01%;3#大阴-0.04%;4#大阴-0.06%;5#大阴-0.05%,大阳
12,5,5,2026-03-19 13:58:00,1077.64,2026-03-19 14:04:00,1079.16,6,0.1410489588359732,True,-0.1410489588359732,False,1#中阳+0.02%;2#中阴-0.02%;3#大阴-0.06%;4#大阴-0.06%;5#中阴-0.05%,长上影阳
12,5,5,2026-03-19 14:18:00,1076.4,2026-03-19 14:24:00,1074.08,6,-0.21553325901153506,False,0.21553325901153506,True,1#大阳+0.04%;2#大阴-0.02%;3#中阴-0.01%;4#大阴-0.05%;5#中阴-0.03%,大阴
12,5,5,2026-03-19 14:19:00,1075.84,2026-03-19 14:25:00,1074.48,6,-0.1264128494943393,False,0.1264128494943393,True,1#大阴-0.02%;2#中阴-0.01%;3#大阴-0.05%;4#中阴-0.03%;5#大阴-0.06%,长上影阴
12,5,5,2026-03-19 14:20:00,1075.28,2026-03-19 14:26:00,1074.54,6,-0.06881928427944434,False,0.06881928427944434,True,1#中阴-0.01%;2#大阴-0.05%;3#中阴-0.03%;4#大阴-0.06%;5#长上影阴-0.05%,中阴
12,5,5,2026-03-19 14:21:00,1074.7,2026-03-19 14:27:00,1075.0,6,0.027914766911692056,True,-0.027914766911692056,False,1#大阴-0.05%;2#中阴-0.03%;3#大阴-0.06%;4#长上影阴-0.05%;5#中阴-0.05%,大阴
12,5,5,2026-03-19 14:22:00,1075.66,2026-03-19 14:28:00,1075.66,6,0.0,False,0.0,False,1#中阴-0.03%;2#大阴-0.06%;3#长上影阴-0.05%;4#中阴-0.05%;5#大阴-0.05%,大阳
12,5,5,2026-03-19 14:37:00,1071.76,2026-03-19 14:43:00,1065.44,6,-0.5896842576696216,False,0.5896842576696216,True,1#大阳+0.07%;2#大阴-0.09%;3#长下影阴-0.01%;4#大阴-0.10%;5#大阴-0.11%,大阳
12,5,5,2026-03-19 14:49:00,1060.24,2026-03-19 14:55:00,1058.26,6,-0.1867501697728833,False,0.1867501697728833,True,1#大阳+0.19%;2#长下影阴-0.02%;3#大阴-0.18%;4#大阴-0.12%;5#大阴-0.20%,大阴
12,5,5,2026-03-19 14:50:00,1061.74,2026-03-19 14:56:00,1059.34,6,-0.22604404091397995,False,0.22604404091397995,True,1#长下影阴-0.02%;2#大阴-0.18%;3#大阴-0.12%;4#大阴-0.20%;5#大阴-0.15%,中阳
12,5,5,2026-03-19 21:04:00,1011.58,2026-03-19 21:10:00,1011.2,6,-0.03756499733090763,False,0.03756499733090763,True,1#大阳+0.08%;2#一字板+0.00%;3#大阴-0.61%;4#大阴-0.58%;5#大阴-0.38%,大阳
12,5,5,2026-03-19 21:13:00,1010.78,2026-03-19 21:19:00,1016.06,6,0.5223688636498519,True,-0.5223688636498519,False,1#大阳+0.33%;2#中阴-0.18%;3#大阴-0.34%;4#长上影阴-0.09%;5#十字星+0.01%,长下影阳
12,5,5,2026-03-19 21:26:00,1016.78,2026-03-19 21:32:00,1021.88,6,0.5015834300438662,True,-0.5015834300438662,False,1#长下影阳+0.06%;2#小阳+0.02%;3#长下影阴-0.08%;4#倒T-0.02%;5#大阴-0.14%,小阳
12,5,5,2026-03-19 21:27:00,1016.72,2026-03-19 21:33:00,1019.6,6,0.2832638287827519,True,-0.2832638287827519,False,1#小阳+0.02%;2#长下影阴-0.08%;3#倒T-0.02%;4#大阴-0.14%;5#小阳+0.06%,长下影阴
12,5,5,2026-03-19 21:28:00,1018.0,2026-03-19 21:34:00,1018.38,6,0.03732809430255358,True,-0.03732809430255358,False,1#长下影阴-0.08%;2#倒T-0.02%;3#大阴-0.14%;4#小阳+0.06%;5#长下影阴-0.04%,十字星
12,5,5,2026-03-19 22:30:00,1023.8,2026-03-19 22:36:00,1029.12,6,0.5196327407696754,True,-0.5196327407696754,False,1#大阳+0.12%;2#长上影阴-0.05%;3#大阴-0.21%;4#倒T-0.00%;5#十字星-0.00%,中阴
12,5,5,2026-03-19 22:31:00,1023.72,2026-03-19 22:37:00,1030.22,6,0.6349392411987653,True,-0.6349392411987653,False,1#长上影阴-0.05%;2#大阴-0.21%;3#倒T-0.00%;4#十字星-0.00%;5#中阴-0.06%,长上影阴
12,5,5,2026-03-19 22:32:00,1025.3,2026-03-19 22:38:00,1030.2,6,0.47790890471082526,True,-0.47790890471082526,False,1#大阴-0.21%;2#倒T-0.00%;3#十字星-0.00%;4#中阴-0.06%;5#长上影阴-0.07%,长下影阳
12,5,5,2026-03-19 22:57:00,1029.8,2026-03-19 23:03:00,1027.42,6,-0.23111283744415245,False,0.23111283744415245,True,1#大阳+0.17%;2#长下影阴-0.01%;3#中阴-0.03%;4#中阴-0.03%;5#大阴-0.08%,倒T
12,5,5,2026-03-19 22:58:00,1028.86,2026-03-19 23:04:00,1028.1,6,-0.07386816476488453,False,0.07386816476488453,True,1#长下影阴-0.01%;2#中阴-0.03%;3#中阴-0.03%;4#大阴-0.08%;5#倒T+0.00%,小阳
12,5,5,2026-03-19 22:59:00,1028.1,2026-03-19 23:05:00,1029.84,6,0.16924423694193264,True,-0.16924423694193264,False,1#中阴-0.03%;2#中阴-0.03%;3#大阴-0.08%;4#倒T+0.00%;5#小阳+0.04%,长上影阴
12,5,5,2026-03-19 23:00:00,1027.14,2026-03-19 23:06:00,1032.64,6,0.5354674143738924,True,-0.5354674143738924,False,1#中阴-0.03%;2#大阴-0.08%;3#倒T+0.00%;4#小阳+0.04%;5#长上影阴-0.02%,十字星
12,5,5,2026-03-19 23:01:00,1026.9,2026-03-19 23:07:00,1032.98,6,0.5920732301100328,True,-0.5920732301100328,False,1#大阴-0.08%;2#倒T+0.00%;3#小阳+0.04%;4#长上影阴-0.02%;5#十字星+0.01%,长上影阴
12,5,5,2026-03-19 23:02:00,1026.28,2026-03-19 23:08:00,1030.54,6,0.4150913980590084,True,-0.4150913980590084,False,1#倒T+0.00%;2#小阳+0.04%;3#长上影阴-0.02%;4#十字星+0.01%;5#长上影阴-0.02%,长上影阴
12,5,5,2026-03-19 23:03:00,1027.42,2026-03-19 23:09:00,1029.92,6,0.2433279476747581,True,-0.2433279476747581,False,1#小阳+0.04%;2#长上影阴-0.02%;3#十字星+0.01%;4#长上影阴-0.02%;5#长上影阴-0.06%,中阳
12,5,5,2026-03-19 23:34:00,1021.26,2026-03-19 23:40:00,1022.0,6,0.07245951080038472,True,-0.07245951080038472,False,1#T字+0.00%;2#长下影阴-0.02%;3#大阴-0.14%;4#大阴-0.14%;5#中阴-0.12%,大阴
12,5,5,2026-03-19 23:35:00,1022.32,2026-03-19 23:41:00,1022.26,6,-0.0058690038344216214,False,0.0058690038344216214,True,1#长下影阴-0.02%;2#大阴-0.14%;3#大阴-0.14%;4#中阴-0.12%;5#大阴-0.18%,中阳
12,5,5,2026-03-20 00:30:00,1025.72,2026-03-20 00:36:00,1022.82,6,-0.2827282299262935,False,0.2827282299262935,True,1#长上影阳+0.05%;2#长上影阴-0.04%;3#十字星-0.01%;4#大阴-0.10%;5#长上影阴-0.02%,倒T
12,5,5,2026-03-20 00:31:00,1025.0,2026-03-20 00:37:00,1023.46,6,-0.15024390243902083,False,0.15024390243902083,True,1#长上影阴-0.04%;2#十字星-0.01%;3#大阴-0.10%;4#长上影阴-0.02%;5#倒T-0.01%,中阴
12,5,5,2026-03-20 00:32:00,1024.18,2026-03-20 00:38:00,1023.42,6,-0.07420570602824743,False,0.07420570602824743,True,1#十字星-0.01%;2#大阴-0.10%;3#长上影阴-0.02%;4#倒T-0.01%;5#中阴-0.07%,大阴
12,5,5,2026-03-20 00:33:00,1023.92,2026-03-20 00:39:00,1024.04,6,0.011719665598875358,True,-0.011719665598875358,False,1#大阴-0.10%;2#长上影阴-0.02%;3#倒T-0.01%;4#中阴-0.07%;5#大阴-0.08%,长上影阴
12,5,5,2026-03-20 00:34:00,1024.54,2026-03-20 00:40:00,1024.48,6,-0.005856286723792671,False,0.005856286723792671,True,1#长上影阴-0.02%;2#倒T-0.01%;3#中阴-0.07%;4#大阴-0.08%;5#长上影阴-0.04%,长下影阳
12,5,5,2026-03-20 01:11:00,1020.78,2026-03-20 01:17:00,1021.04,6,0.025470718470188575,True,-0.025470718470188575,False,1#大阳+0.08%;2#大阴-0.06%;3#大阴-0.07%;4#中阴-0.05%;5#大阴-0.10%,长下影阴
12,5,5,2026-03-20 01:12:00,1021.76,2026-03-20 01:18:00,1021.62,6,-0.013701847792043764,False,0.013701847792043764,True,1#大阴-0.06%;2#大阴-0.07%;3#中阴-0.05%;4#大阴-0.10%;5#长下影阴-0.01%,大阳
12,5,5,2026-03-20 01:37:00,1024.66,2026-03-20 01:43:00,1025.66,6,0.09759334803739776,True,-0.09759334803739776,False,1#中阳+0.07%;2#中阴-0.07%;3#大阴-0.07%;4#长下影阴-0.03%;5#大阴-0.10%,长上影阴
12,5,5,2026-03-20 01:38:00,1025.06,2026-03-20 01:44:00,1025.62,6,0.05463094843228157,True,-0.05463094843228157,False,1#中阴-0.07%;2#大阴-0.07%;3#长下影阴-0.03%;4#大阴-0.10%;5#长上影阴-0.03%,长上影阳
12,5,5,2026-03-20 09:13:00,1035.76,2026-03-20 09:19:00,1036.02,6,0.025102340310495762,True,-0.025102340310495762,False,1#中阳+0.08%;2#长下影阴-0.01%;3#大阴-0.22%;4#小阴-0.02%;5#大阴-0.13%,大阴
12,5,5,2026-03-20 09:14:00,1036.2,2026-03-20 09:20:00,1036.16,6,-0.00386025863732519,False,0.00386025863732519,True,1#长下影阴-0.01%;2#大阴-0.22%;3#小阴-0.02%;4#大阴-0.13%;5#大阴-0.08%,长上影阳
12,5,5,2026-03-20 09:59:00,1042.36,2026-03-20 10:05:00,1041.62,6,-0.07099274722744629,False,0.07099274722744629,True,1#大阳+0.04%;2#大阴-0.08%;3#大阴-0.05%;4#中阴-0.05%;5#大阴-0.04%,大阳
12,5,5,2026-03-20 10:40:00,1043.86,2026-03-20 10:46:00,1043.9,6,0.0038319314850833444,True,-0.0038319314850833444,False,1#小阳+0.01%;2#长上影阴-0.04%;3#大阴-0.11%;4#中阴-0.04%;5#小阴-0.01%,中阳
12,5,5,2026-03-20 13:34:00,1048.78,2026-03-20 13:40:00,1051.3,6,0.24027918152519898,True,-0.24027918152519898,False,1#大阳+0.06%;2#长上影阴-0.01%;3#长上影阴-0.11%;4#中阴-0.08%;5#长下影阴-0.02%,大阴
12,5,5,2026-03-20 13:35:00,1048.22,2026-03-20 13:41:00,1051.82,6,0.3434393543340052,True,-0.3434393543340052,False,1#长上影阴-0.01%;2#长上影阴-0.11%;3#中阴-0.08%;4#长下影阴-0.02%;5#大阴-0.08%,大阴
12,5,5,2026-03-20 13:36:00,1049.56,2026-03-20 13:42:00,1050.7,6,0.1086169442433115,True,-0.1086169442433115,False,1#长上影阴-0.11%;2#中阴-0.08%;3#长下影阴-0.02%;4#大阴-0.08%;5#大阴-0.06%,大阳
12,5,5,2026-03-20 13:50:00,1048.26,2026-03-20 13:56:00,1046.32,6,-0.18506858985366748,False,0.18506858985366748,True,1#长下影阴-0.01%;2#长上影阴-0.01%;3#倒T-0.01%;4#倒T+0.00%;5#中阴-0.05%,长下影阳
12,5,5,2026-03-20 13:56:00,1046.32,2026-03-20 14:02:00,1046.02,6,-0.028671916813207673,False,0.028671916813207673,True,1#长下影阴-0.04%;2#十字星+0.00%;3#长上影阴-0.03%;4#长上影阴-0.02%;5#大阴-0.05%,T字
12,5,5,2026-03-20 14:13:00,1044.92,2026-03-20 14:19:00,1043.94,6,-0.09378708417869483,False,0.09378708417869483,True,1#长下影阳+0.02%;2#大阴-0.07%;3#中阴-0.07%;4#大阴-0.08%;5#十字星+0.00%,大阳
12,5,5,2026-03-20 14:30:00,1043.58,2026-03-20 14:36:00,1042.3,6,-0.12265470783265038,False,0.12265470783265038,True,1#中阳+0.04%;2#长下影阴-0.02%;3#中阴-0.03%;4#中阴-0.06%;5#大阴-0.08%,大阳
12,5,5,2026-03-20 14:40:00,1039.16,2026-03-20 14:46:00,1039.9,6,0.07121136302398177,True,-0.07121136302398177,False,1#中阳+0.06%;2#大阴-0.07%;3#大阴-0.11%;4#长上影阴-0.01%;5#中阴-0.11%,大阴
12,5,5,2026-03-20 14:41:00,1038.46,2026-03-20 14:47:00,1040.82,6,0.2272595959401325,True,-0.2272595959401325,False,1#大阴-0.07%;2#大阴-0.11%;3#长上影阴-0.01%;4#中阴-0.11%;5#大阴-0.08%,大阴
12,5,5,2026-03-20 14:42:00,1038.14,2026-03-20 14:48:00,1039.72,6,0.15219527231393906,True,-0.15219527231393906,False,1#大阴-0.11%;2#长上影阴-0.01%;3#中阴-0.11%;4#大阴-0.08%;5#大阴-0.07%,长上影阴
12,5,5,2026-03-20 14:43:00,1038.02,2026-03-20 14:49:00,1038.54,6,0.0500953738848945,True,-0.0500953738848945,False,1#长上影阴-0.01%;2#中阴-0.11%;3#大阴-0.08%;4#大阴-0.07%;5#长上影阴-0.03%,长下影阴
12,5,5,2026-03-20 14:44:00,1039.28,2026-03-20 14:50:00,1039.0,6,-0.026941728889228383,False,0.026941728889228383,True,1#中阴-0.11%;2#大阴-0.08%;3#大阴-0.07%;4#长上影阴-0.03%;5#长下影阴-0.03%,大阳
12,5,5,2026-03-20 21:26:00,1038.08,2026-03-20 21:32:00,1036.0,6,-0.20036991368679943,False,0.20036991368679943,True,1#大阳+0.09%;2#大阴-0.04%;3#大阴-0.08%;4#长上影阴-0.02%;5#中阴-0.02%,小阳
12,5,5,2026-03-20 21:34:00,1034.42,2026-03-20 21:40:00,1036.42,6,0.19334506293381795,True,-0.19334506293381795,False,1#中阳+0.03%;2#倒T-0.00%;3#长上影阴-0.05%;4#长下影阴-0.07%;5#长上影阴-0.07%,中阴
12,5,5,2026-03-20 21:35:00,1034.52,2026-03-20 21:41:00,1036.58,6,0.19912616479139558,True,-0.19912616479139558,False,1#倒T-0.00%;2#长上影阴-0.05%;3#长下影阴-0.07%;4#长上影阴-0.07%;5#中阴-0.11%,小阳
12,5,5,2026-03-20 21:54:00,1031.18,2026-03-20 22:00:00,1029.12,6,-0.19977113598015603,False,0.19977113598015603,True,1#小阳+0.01%;2#中阴-0.03%;3#大阴-0.10%;4#大阴-0.27%;5#长上影阴-0.06%,长下影阴
12,5,5,2026-03-20 21:55:00,1030.58,2026-03-20 22:01:00,1029.66,6,-0.08927011973838474,False,0.08927011973838474,True,1#中阴-0.03%;2#大阴-0.10%;3#大阴-0.27%;4#长上影阴-0.06%;5#长下影阴-0.04%,中阴
12,5,5,2026-03-20 21:56:00,1030.8,2026-03-20 22:02:00,1027.74,6,-0.29685681024446503,False,0.29685681024446503,True,1#大阴-0.10%;2#大阴-0.27%;3#长上影阴-0.06%;4#长下影阴-0.04%;5#中阴-0.04%,十字星
12,5,5,2026-03-20 22:29:00,1016.68,2026-03-20 22:35:00,1022.4,6,0.5626155722547929,True,-0.5626155722547929,False,1#大阳+0.15%;2#长下影阴-0.09%;3#大阴-0.20%;4#十字星+0.00%;5#长上影阴-0.05%,长上影阴
12,5,5,2026-03-20 22:30:00,1017.5,2026-03-20 22:36:00,1022.3,6,0.47174447174446726,True,-0.47174447174446726,False,1#长下影阴-0.09%;2#大阴-0.20%;3#十字星+0.00%;4#长上影阴-0.05%;5#长上影阴-0.03%,大阳
12,5,5,2026-03-20 23:10:00,1019.26,2026-03-20 23:16:00,1020.9,6,0.16090104585679674,True,-0.16090104585679674,False,1#长下影阳+0.07%;2#长上影阴-0.03%;3#小阴-0.03%;4#长下影阴-0.01%;5#大阴-0.13%,中阳
12,5,5,2026-03-20 23:18:00,1020.02,2026-03-20 23:24:00,1020.72,6,0.0686261053704874,True,-0.0686261053704874,False,1#大阳+0.18%;2#T字+0.01%;3#中阴-0.02%;4#大阴-0.05%;5#中阴-0.18%,大阳
12,5,5,2026-03-20 23:42:00,1017.72,2026-03-20 23:48:00,1017.16,6,-0.055024957748698956,False,0.055024957748698956,True,1#十字星+0.01%;2#十字星-0.01%;3#十字星-0.00%;4#长上影阴-0.03%;5#大阴-0.07%,十字星
12,5,5,2026-03-21 00:26:00,1024.92,2026-03-21 00:32:00,1021.56,6,-0.3278304648167786,False,0.3278304648167786,True,1#大阳+0.17%;2#小阴-0.04%;3#大阴-0.12%;4#中阴-0.04%;5#大阴-0.08%,大阴
12,5,5,2026-03-21 00:27:00,1023.92,2026-03-21 00:33:00,1021.94,6,-0.19337448238142674,False,0.19337448238142674,True,1#小阴-0.04%;2#大阴-0.12%;3#中阴-0.04%;4#大阴-0.08%;5#大阴-0.09%,大阴
12,5,5,2026-03-21 00:28:00,1023.98,2026-03-21 00:34:00,1023.34,6,-0.06250122072696598,False,0.06250122072696598,True,1#大阴-0.12%;2#中阴-0.04%;3#大阴-0.08%;4#大阴-0.09%;5#大阴-0.09%,小阳
12,5,5,2026-03-21 00:45:00,1022.86,2026-03-21 00:51:00,1021.84,6,-0.09972039184247909,False,0.09972039184247909,True,1#长上影阳+0.05%;2#中阴-0.02%;3#倒T+0.00%;4#大阴-0.08%;5#长上影阴-0.04%,中阴
12,5,5,2026-03-21 00:46:00,1022.66,2026-03-21 00:52:00,1021.42,6,-0.12125242015919359,False,0.12125242015919359,True,1#中阴-0.02%;2#倒T+0.00%;3#大阴-0.08%;4#长上影阴-0.04%;5#中阴-0.06%,小阴
12,5,5,2026-03-21 00:47:00,1022.7,2026-03-21 00:53:00,1021.8,6,-0.088002346729255,False,0.088002346729255,True,1#倒T+0.00%;2#大阴-0.08%;3#长上影阴-0.04%;4#中阴-0.06%;5#小阴-0.02%,T字
12,5,5,2026-03-21 01:14:00,1023.24,2026-03-21 01:20:00,1021.76,6,-0.14463859896016754,False,0.14463859896016754,True,1#长上影阳+0.02%;2#大阴-0.11%;3#长上影阴-0.03%;4#中阴-0.05%;5#长下影阴-0.04%,中阴
12,5,5,2026-03-21 01:15:00,1023.14,2026-03-21 01:21:00,1022.14,6,-0.09773833492972614,False,0.09773833492972614,True,1#大阴-0.11%;2#长上影阴-0.03%;3#中阴-0.05%;4#长下影阴-0.04%;5#中阴-0.05%,长上影阴
12,5,5,2026-03-21 01:16:00,1021.82,2026-03-21 01:22:00,1021.56,6,-0.025444794582226277,False,0.025444794582226277,True,1#长上影阴-0.03%;2#中阴-0.05%;3#长下影阴-0.04%;4#中阴-0.05%;5#长上影阴-0.01%,大阴
12,5,5,2026-03-21 01:17:00,1021.98,2026-03-21 01:23:00,1022.2,6,0.021526840055581056,True,-0.021526840055581056,False,1#中阴-0.05%;2#长下影阴-0.04%;3#中阴-0.05%;4#长上影阴-0.01%;5#大阴-0.13%,长上影阳
