п»ҝcombo_len,buy_pos,signal_len,buy_time,buy_price,sell_time,sell_price,hold_len,long_pnl_pct,long_win,short_pnl_pct,short_win,signal_detail,buy_type
7,5,5,2026-03-19 00:10:00,134290.0,2026-03-19 00:11:00,134230.0,1,-0.04467942512473006,False,0.04467942512473006,True,1#еӨ§йҳҙ-0.03%;2#й•ҝдёҠеҪұйҳі+0.01%;3#еӨ§йҳі+0.03%;4#й•ҝдёҠеҪұйҳі+0.02%;5#й•ҝдёӢеҪұйҳҙ-0.01%,еӨ§йҳҙ
7,5,5,2026-03-19 00:18:00,134480.0,2026-03-19 00:19:00,134460.0,1,-0.0148720999405116,False,0.0148720999405116,True,1#й•ҝдёӢеҪұйҳҙ-0.01%;2#еӨ§йҳі+0.07%;3#дёӯйҳі+0.01%;4#еӨ§йҳі+0.11%;5#й•ҝдёҠеҪұйҳі+0.01%,еӨ§йҳҙ
7,5,5,2026-03-19 09:51:00,131850.0,2026-03-19 09:52:00,131950.0,1,0.07584376185058779,True,-0.07584376185058779,False,1#еӨ§йҳҙ-0.09%;2#еӨ§йҳі+0.12%;3#еӨ§йҳі+0.08%;4#дёӯйҳі+0.03%;5#дёӯйҳі+0.02%,дёӯйҳҙ
7,5,5,2026-03-19 10:35:00,132120.0,2026-03-19 10:36:00,132250.0,1,0.09839539812291856,True,-0.09839539812291856,False,1#дёӯйҳҙ-0.03%;2#еҚҒеӯ—жҳҹ+0.01%;3#еӨ§йҳі+0.06%;4#еӨ§йҳі+0.06%;5#еӨ§йҳі+0.08%,еҚҒеӯ—жҳҹ
7,5,5,2026-03-19 10:36:00,132250.0,2026-03-19 10:37:00,132370.0,1,0.09073724007561437,True,-0.09073724007561437,False,1#еҚҒеӯ—жҳҹ+0.01%;2#еӨ§йҳі+0.06%;3#еӨ§йҳі+0.06%;4#еӨ§йҳі+0.08%;5#еҚҒеӯ—жҳҹ+0.00%,еӨ§йҳі
7,5,5,2026-03-19 10:37:00,132370.0,2026-03-19 10:38:00,132300.0,1,-0.052882072977260705,False,0.052882072977260705,True,1#еӨ§йҳі+0.06%;2#еӨ§йҳі+0.06%;3#еӨ§йҳі+0.08%;4#еҚҒеӯ—жҳҹ+0.00%;5#еӨ§йҳі+0.10%,еӨ§йҳі
7,5,5,2026-03-19 10:38:00,132300.0,2026-03-19 10:39:00,132160.0,1,-0.10582010582010583,False,0.10582010582010583,True,1#еӨ§йҳі+0.06%;2#еӨ§йҳі+0.08%;3#еҚҒеӯ—жҳҹ+0.00%;4#еӨ§йҳі+0.10%;5#еӨ§йҳі+0.12%,еӨ§йҳҙ
7,5,5,2026-03-19 10:49:00,132270.0,2026-03-19 10:50:00,132210.0,1,-0.04536176003628941,False,0.04536176003628941,True,1#еӨ§йҳҙ-0.11%;2#дёӯйҳі+0.05%;3#е°Ҹйҳі+0.01%;4#й•ҝдёӢеҪұйҳі+0.02%;5#еӨ§йҳі+0.05%,дёӯйҳҙ
7,5,5,2026-03-19 14:15:00,130800.0,2026-03-19 14:16:00,130810.0,1,0.00764525993883792,True,-0.00764525993883792,False,1#й•ҝдёӢеҪұйҳҙ-0.04%;2#дёӯйҳі+0.08%;3#еӨ§йҳі+0.15%;4#еӨ§йҳі+0.14%;5#еӨ§йҳі+0.08%,е°Ҹйҳі
7,5,5,2026-03-19 14:16:00,130810.0,2026-03-19 14:17:00,130870.0,1,0.045868052901154345,True,-0.045868052901154345,False,1#дёӯйҳі+0.08%;2#еӨ§йҳі+0.15%;3#еӨ§йҳі+0.14%;4#еӨ§йҳі+0.08%;5#е°Ҹйҳі+0.03%,еҚҒеӯ—жҳҹ
7,5,5,2026-03-19 14:17:00,130870.0,2026-03-19 14:18:00,130920.0,1,0.038205853136700545,True,-0.038205853136700545,False,1#еӨ§йҳі+0.15%;2#еӨ§йҳі+0.14%;3#еӨ§йҳі+0.08%;4#е°Ҹйҳі+0.03%;5#еҚҒеӯ—жҳҹ+0.02%,дёӯйҳі
7,5,5,2026-03-19 14:18:00,130920.0,2026-03-19 14:19:00,131020.0,1,0.07638252367858234,True,-0.07638252367858234,False,1#еӨ§йҳі+0.14%;2#еӨ§йҳі+0.08%;3#е°Ҹйҳі+0.03%;4#еҚҒеӯ—жҳҹ+0.02%;5#дёӯйҳі+0.05%,дёӯйҳі
7,5,5,2026-03-19 14:19:00,131020.0,2026-03-19 14:20:00,131050.0,1,0.022897267592733934,True,-0.022897267592733934,False,1#еӨ§йҳі+0.08%;2#е°Ҹйҳі+0.03%;3#еҚҒеӯ—жҳҹ+0.02%;4#дёӯйҳі+0.05%;5#дёӯйҳі+0.06%,дёӯйҳі
7,5,5,2026-03-19 14:20:00,131050.0,2026-03-19 14:21:00,131050.0,1,0.0,False,0.0,False,1#е°Ҹйҳі+0.03%;2#еҚҒеӯ—жҳҹ+0.02%;3#дёӯйҳі+0.05%;4#дёӯйҳі+0.06%;5#дёӯйҳі+0.08%,й•ҝдёҠеҪұйҳі
7,5,5,2026-03-19 14:21:00,131050.0,2026-03-19 14:22:00,130970.0,1,-0.06104540251812285,False,0.06104540251812285,True,1#еҚҒеӯ—жҳҹ+0.02%;2#дёӯйҳі+0.05%;3#дёӯйҳі+0.06%;4#дёӯйҳі+0.08%;5#й•ҝдёҠеҪұйҳі+0.02%,Tеӯ—
7,5,5,2026-03-19 14:29:00,131400.0,2026-03-19 14:30:00,131570.0,1,0.1293759512937595,True,-0.1293759512937595,False,1#дёӯйҳҙ-0.05%;2#еӨ§йҳі+0.13%;3#й•ҝдёӢеҪұйҳі+0.04%;4#дёӯйҳі+0.03%;5#еӨ§йҳі+0.18%,дёӯйҳі
7,5,5,2026-03-19 14:30:00,131570.0,2026-03-19 14:31:00,131610.0,1,0.03040206734057916,True,-0.03040206734057916,False,1#еӨ§йҳі+0.13%;2#й•ҝдёӢеҪұйҳі+0.04%;3#дёӯйҳі+0.03%;4#еӨ§йҳі+0.18%;5#дёӯйҳі+0.11%,еӨ§йҳі
7,5,5,2026-03-19 14:31:00,131610.0,2026-03-19 14:32:00,131490.0,1,-0.09117848187827673,False,0.09117848187827673,True,1#й•ҝдёӢеҪұйҳі+0.04%;2#дёӯйҳі+0.03%;3#еӨ§йҳі+0.18%;4#дёӯйҳі+0.11%;5#еӨ§йҳі+0.13%,й•ҝдёӢеҪұйҳі
7,5,5,2026-03-19 14:32:00,131490.0,2026-03-19 14:33:00,131260.0,1,-0.1749182447334398,False,0.1749182447334398,True,1#дёӯйҳі+0.03%;2#еӨ§йҳі+0.18%;3#дёӯйҳі+0.11%;4#еӨ§йҳі+0.13%;5#й•ҝдёӢеҪұйҳі+0.04%,еӨ§йҳҙ
7,5,5,2026-03-19 14:56:00,131390.0,2026-03-19 14:57:00,131430.0,1,0.03044371717786742,True,-0.03044371717786742,False,1#й•ҝдёӢеҪұйҳҙ-0.02%;2#дёӯйҳі+0.03%;3#еӨ§йҳі+0.08%;4#еӨ§йҳі+0.08%;5#еӨ§йҳі+0.10%,й•ҝдёӢеҪұйҳі
7,5,5,2026-03-19 14:57:00,131430.0,2026-03-19 14:58:00,131460.0,1,0.022825838849577722,True,-0.022825838849577722,False,1#дёӯйҳі+0.03%;2#еӨ§йҳі+0.08%;3#еӨ§йҳі+0.08%;4#еӨ§йҳі+0.10%;5#й•ҝдёӢеҪұйҳі+0.05%,дёӯйҳі
7,5,5,2026-03-19 14:58:00,131460.0,2026-03-19 14:59:00,131510.0,1,0.0380343830823064,True,-0.0380343830823064,False,1#еӨ§йҳі+0.08%;2#еӨ§йҳі+0.08%;3#еӨ§йҳі+0.10%;4#й•ҝдёӢеҪұйҳі+0.05%;5#дёӯйҳі+0.05%,дёӯйҳі
7,5,5,2026-03-19 14:59:00,131510.0,2026-03-19 15:00:00,131550.0,1,0.03041593795148658,True,-0.03041593795148658,False,1#еӨ§йҳі+0.08%;2#еӨ§йҳі+0.10%;3#й•ҝдёӢеҪұйҳі+0.05%;4#дёӯйҳі+0.05%;5#дёӯйҳі+0.03%,еӨ§йҳі
7,5,5,2026-03-19 15:00:00,131550.0,2026-03-19 21:01:00,129230.0,1,-1.7635879893576587,False,1.7635879893576587,True,1#еӨ§йҳі+0.10%;2#й•ҝдёӢеҪұйҳі+0.05%;3#дёӯйҳі+0.05%;4#дёӯйҳі+0.03%;5#еӨ§йҳі+0.08%,дёҖеӯ—жқҝ
7,5,5,2026-03-19 21:01:00,129230.0,2026-03-19 21:02:00,129370.0,1,0.10833397817844154,True,-0.10833397817844154,False,1#й•ҝдёӢеҪұйҳі+0.05%;2#дёӯйҳі+0.05%;3#дёӯйҳі+0.03%;4#еӨ§йҳі+0.08%;5#дёҖеӯ—жқҝ+0.00%,й•ҝдёӢеҪұйҳі
7,5,5,2026-03-19 21:17:00,129930.0,2026-03-19 21:18:00,130100.0,1,0.13083968290618025,True,-0.13083968290618025,False,1#еҖ’T+0.00%;2#дёӯйҳі+0.13%;3#й•ҝдёӢеҪұйҳі+0.03%;4#еӨ§йҳі+0.09%;5#дёӯйҳі+0.04%,еӨ§йҳі
7,5,5,2026-03-19 21:18:00,130100.0,2026-03-19 21:19:00,130150.0,1,0.03843197540353574,True,-0.03843197540353574,False,1#дёӯйҳі+0.13%;2#й•ҝдёӢеҪұйҳі+0.03%;3#еӨ§йҳі+0.09%;4#дёӯйҳі+0.04%;5#еӨ§йҳі+0.07%,еӨ§йҳі
7,5,5,2026-03-19 21:19:00,130150.0,2026-03-19 21:20:00,130290.0,1,0.10756819054936612,True,-0.10756819054936612,False,1#й•ҝдёӢеҪұйҳі+0.03%;2#еӨ§йҳі+0.09%;3#дёӯйҳі+0.04%;4#еӨ§йҳі+0.07%;5#еӨ§йҳі+0.12%,й•ҝдёҠеҪұйҳі
7,5,5,2026-03-19 21:20:00,130290.0,2026-03-19 21:21:00,130480.0,1,0.1458285363420063,True,-0.1458285363420063,False,1#еӨ§йҳі+0.09%;2#дёӯйҳі+0.04%;3#еӨ§йҳі+0.07%;4#еӨ§йҳі+0.12%;5#й•ҝдёҠеҪұйҳі+0.02%,дёӯйҳі
7,5,5,2026-03-19 21:21:00,130480.0,2026-03-19 21:22:00,130330.0,1,-0.11496014714898835,False,0.11496014714898835,True,1#дёӯйҳі+0.04%;2#еӨ§йҳі+0.07%;3#еӨ§йҳі+0.12%;4#й•ҝдёҠеҪұйҳі+0.02%;5#дёӯйҳі+0.12%,й•ҝдёҠеҪұйҳі
7,5,5,2026-03-19 21:22:00,130330.0,2026-03-19 21:23:00,130310.0,1,-0.015345661014348195,False,0.015345661014348195,True,1#еӨ§йҳі+0.07%;2#еӨ§йҳі+0.12%;3#й•ҝдёҠеҪұйҳі+0.02%;4#дёӯйҳі+0.12%;5#й•ҝдёҠеҪұйҳі+0.01%,дёӯйҳҙ
7,5,5,2026-03-19 21:54:00,131250.0,2026-03-19 21:55:00,131300.0,1,0.0380952380952381,True,-0.0380952380952381,False,1#еӨ§йҳҙ-0.08%;2#еӨ§йҳі+0.13%;3#е°Ҹйҳі+0.01%;4#еӨ§йҳі+0.08%;5#еӨ§йҳі+0.11%,дёӯйҳі
7,5,5,2026-03-19 21:55:00,131300.0,2026-03-19 21:56:00,131400.0,1,0.07616146230007616,True,-0.07616146230007616,False,1#еӨ§йҳі+0.13%;2#е°Ҹйҳі+0.01%;3#еӨ§йҳі+0.08%;4#еӨ§йҳі+0.11%;5#дёӯйҳі+0.02%,дёӯйҳі
7,5,5,2026-03-19 21:56:00,131400.0,2026-03-19 21:57:00,131440.0,1,0.030441400304414005,True,-0.030441400304414005,False,1#е°Ҹйҳі+0.01%;2#еӨ§йҳі+0.08%;3#еӨ§йҳі+0.11%;4#дёӯйҳі+0.02%;5#дёӯйҳі+0.04%,еҚҒеӯ—жҳҹ
7,5,5,2026-03-19 21:57:00,131440.0,2026-03-19 21:58:00,131550.0,1,0.08368837492391966,True,-0.08368837492391966,False,1#еӨ§йҳі+0.08%;2#еӨ§йҳі+0.11%;3#дёӯйҳі+0.02%;4#дёӯйҳі+0.04%;5#еҚҒеӯ—жҳҹ+0.00%,й•ҝдёҠеҪұйҳі
7,5,5,2026-03-19 21:58:00,131550.0,2026-03-19 21:59:00,131710.0,1,0.12162675788673508,True,-0.12162675788673508,False,1#еӨ§йҳі+0.11%;2#дёӯйҳі+0.02%;3#дёӯйҳі+0.04%;4#еҚҒеӯ—жҳҹ+0.00%;5#й•ҝдёҠеҪұйҳі+0.03%,дёӯйҳі
7,5,5,2026-03-19 21:59:00,131710.0,2026-03-19 22:00:00,131750.0,1,0.03036975172727963,True,-0.03036975172727963,False,1#дёӯйҳі+0.02%;2#дёӯйҳі+0.04%;3#еҚҒеӯ—жҳҹ+0.00%;4#й•ҝдёҠеҪұйҳі+0.03%;5#дёӯйҳі+0.02%,еӨ§йҳі
7,5,5,2026-03-19 22:00:00,131750.0,2026-03-19 22:01:00,131820.0,1,0.05313092979127135,True,-0.05313092979127135,False,1#дёӯйҳі+0.04%;2#еҚҒеӯ—жҳҹ+0.00%;3#й•ҝдёҠеҪұйҳі+0.03%;4#дёӯйҳі+0.02%;5#еӨ§йҳі+0.16%,е°Ҹйҳі
7,5,5,2026-03-19 22:01:00,131820.0,2026-03-19 22:02:00,132220.0,1,0.30344409042633896,True,-0.30344409042633896,False,1#еҚҒеӯ—жҳҹ+0.00%;2#й•ҝдёҠеҪұйҳі+0.03%;3#дёӯйҳі+0.02%;4#еӨ§йҳі+0.16%;5#е°Ҹйҳі+0.03%,еӨ§йҳі
7,5,5,2026-03-19 22:02:00,132220.0,2026-03-19 22:03:00,132280.0,1,0.04537891393132657,True,-0.04537891393132657,False,1#й•ҝдёҠеҪұйҳі+0.03%;2#дёӯйҳі+0.02%;3#еӨ§йҳі+0.16%;4#е°Ҹйҳі+0.03%;5#еӨ§йҳі+0.05%,еӨ§йҳҙ
7,5,5,2026-03-19 22:03:00,132280.0,2026-03-19 22:04:00,132010.0,1,-0.20411248866041729,False,0.20411248866041729,True,1#дёӯйҳі+0.02%;2#еӨ§йҳі+0.16%;3#е°Ҹйҳі+0.03%;4#еӨ§йҳі+0.05%;5#еӨ§йҳҙ-0.05%,еӨ§йҳҙ
7,5,5,2026-03-19 22:04:00,132010.0,2026-03-19 22:05:00,131910.0,1,-0.07575183698204682,False,0.07575183698204682,True,1#еӨ§йҳі+0.16%;2#е°Ҹйҳі+0.03%;3#еӨ§йҳі+0.05%;4#еӨ§йҳҙ-0.05%;5#еӨ§йҳҙ-0.09%,дёӯйҳҙ
7,5,5,2026-03-19 22:13:00,132350.0,2026-03-19 22:14:00,132240.0,1,-0.0831129580657348,False,0.0831129580657348,True,1#дёӯйҳҙ-0.07%;2#й•ҝдёӢеҪұйҳі+0.02%;3#дёӯйҳі+0.02%;4#дёӯйҳі+0.05%;5#й•ҝдёӢеҪұйҳі+0.02%,еӨ§йҳҙ
7,5,5,2026-03-19 22:14:00,132240.0,2026-03-19 22:15:00,132150.0,1,-0.06805807622504537,False,0.06805807622504537,True,1#й•ҝдёӢеҪұйҳі+0.02%;2#дёӯйҳі+0.02%;3#дёӯйҳі+0.05%;4#й•ҝдёӢеҪұйҳі+0.02%;5#еӨ§йҳҙ-0.10%,й•ҝдёӢеҪұйҳі
7,5,5,2026-03-19 22:20:00,132710.0,2026-03-19 22:21:00,132660.0,1,-0.037676135935498456,False,0.037676135935498456,True,1#еӨ§йҳҙ-0.04%;2#дёӯйҳі+0.03%;3#й•ҝдёҠеҪұйҳі+0.07%;4#еӨ§йҳі+0.08%;5#еӨ§йҳі+0.13%,еӨ§йҳі
7,5,5,2026-03-19 22:53:00,133100.0,2026-03-19 22:54:00,133460.0,1,0.270473328324568,True,-0.270473328324568,False,1#дёӯйҳҙ-0.05%;2#еӨ§йҳі+0.02%;3#еӨ§йҳі+0.02%;4#еӨ§йҳі+0.08%;5#еӨ§йҳі+0.11%,й•ҝдёӢеҪұйҳі
7,5,5,2026-03-19 22:54:00,133460.0,2026-03-19 22:55:00,133670.0,1,0.1573505170088416,True,-0.1573505170088416,False,1#еӨ§йҳі+0.02%;2#еӨ§йҳі+0.02%;3#еӨ§йҳі+0.08%;4#еӨ§йҳі+0.11%;5#й•ҝдёӢеҪұйҳі+0.02%,й•ҝдёҠеҪұйҳі
7,5,5,2026-03-19 22:55:00,133670.0,2026-03-19 22:56:00,133550.0,1,-0.08977332236103837,False,0.08977332236103837,True,1#еӨ§йҳі+0.02%;2#еӨ§йҳі+0.08%;3#еӨ§йҳі+0.11%;4#й•ҝдёӢеҪұйҳі+0.02%;5#й•ҝдёҠеҪұйҳі+0.01%,еӨ§йҳі
7,5,5,2026-03-19 22:56:00,133550.0,2026-03-19 22:57:00,133520.0,1,-0.022463496817671284,False,0.022463496817671284,True,1#еӨ§йҳі+0.08%;2#еӨ§йҳі+0.11%;3#й•ҝдёӢеҪұйҳі+0.02%;4#й•ҝдёҠеҪұйҳі+0.01%;5#еӨ§йҳі+0.22%,еҚҒеӯ—жҳҹ
7,5,5,2026-03-19 23:05:00,133930.0,2026-03-19 23:06:00,134100.0,1,0.1269319793922198,True,-0.1269319793922198,False,1#еҖ’T+0.00%;2#й•ҝдёҠеҪұйҳі+0.01%;3#й•ҝдёҠеҪұйҳі+0.01%;4#еӨ§йҳі+0.08%;5#еӨ§йҳі+0.12%,дёӯйҳі
7,5,5,2026-03-19 23:06:00,134100.0,2026-03-19 23:07:00,134250.0,1,0.11185682326621924,True,-0.11185682326621924,False,1#й•ҝдёҠеҪұйҳі+0.01%;2#й•ҝдёҠеҪұйҳі+0.01%;3#еӨ§йҳі+0.08%;4#еӨ§йҳі+0.12%;5#дёӯйҳі+0.11%,дёӯйҳі
7,5,5,2026-03-19 23:07:00,134250.0,2026-03-19 23:08:00,134070.0,1,-0.1340782122905028,False,0.1340782122905028,True,1#й•ҝдёҠеҪұйҳі+0.01%;2#еӨ§йҳі+0.08%;3#еӨ§йҳі+0.12%;4#дёӯйҳі+0.11%;5#дёӯйҳі+0.13%,й•ҝдёҠеҪұйҳі
7,5,5,2026-03-19 23:08:00,134070.0,2026-03-19 23:09:00,134110.0,1,0.029835160736928473,True,-0.029835160736928473,False,1#еӨ§йҳі+0.08%;2#еӨ§йҳі+0.12%;3#дёӯйҳі+0.11%;4#дёӯйҳі+0.13%;5#й•ҝдёҠеҪұйҳі+0.10%,еӨ§йҳҙ
7,5,5,2026-03-19 23:47:00,133800.0,2026-03-19 23:48:00,133830.0,1,0.02242152466367713,True,-0.02242152466367713,False,1#дёӯйҳҙ-0.06%;2#е°Ҹйҳі+0.02%;3#еӨ§йҳі+0.08%;4#й•ҝдёҠеҪұйҳі+0.01%;5#еӨ§йҳі+0.19%,еӨ§йҳҙ
7,5,5,2026-03-19 23:52:00,134090.0,2026-03-19 23:53:00,134100.0,1,0.007457677679170706,True,-0.007457677679170706,False,1#еӨ§йҳҙ-0.09%;2#дёӯйҳі+0.03%;3#еӨ§йҳі+0.11%;4#Tеӯ—+0.01%;5#й•ҝдёӢеҪұйҳі+0.01%,й•ҝдёҠеҪұйҳі
7,5,5,2026-03-19 23:53:00,134100.0,2026-03-19 23:54:00,134040.0,1,-0.0447427293064877,False,0.0447427293064877,True,1#дёӯйҳі+0.03%;2#еӨ§йҳі+0.11%;3#Tеӯ—+0.01%;4#й•ҝдёӢеҪұйҳі+0.01%;5#й•ҝдёҠеҪұйҳі+0.05%,й•ҝдёӢеҪұйҳі
7,5,5,2026-03-19 23:54:00,134040.0,2026-03-19 23:55:00,133950.0,1,-0.06714413607878246,False,0.06714413607878246,True,1#еӨ§йҳі+0.11%;2#Tеӯ—+0.01%;3#й•ҝдёӢеҪұйҳі+0.01%;4#й•ҝдёҠеҪұйҳі+0.05%;5#й•ҝдёӢеҪұйҳі+0.01%,дёӯйҳҙ
7,5,5,2026-03-20 00:10:00,134240.0,2026-03-20 00:11:00,134100.0,1,-0.10429082240762813,False,0.10429082240762813,True,1#еӨ§йҳҙ-0.04%;2#еҚҒеӯ—жҳҹ+0.00%;3#дёӯйҳі+0.05%;4#дёӯйҳі+0.13%;5#е°Ҹйҳі+0.01%,дёӯйҳҙ
7,5,5,2026-03-20 09:18:00,135050.0,2026-03-20 09:19:00,135040.0,1,-0.0074046649389115145,False,0.0074046649389115145,True,1#еӨ§йҳҙ-0.14%;2#й•ҝдёӢеҪұйҳі+0.04%;3#еӨ§йҳі+0.18%;4#дёӯйҳҙ-0.01%;5#й•ҝдёҠеҪұйҳі+0.04%,еӨ§йҳҙ
7,5,5,2026-03-20 09:19:00,135040.0,2026-03-20 09:20:00,134960.0,1,-0.05924170616113744,False,0.05924170616113744,True,1#й•ҝдёӢеҪұйҳі+0.04%;2#еӨ§йҳі+0.18%;3#дёӯйҳҙ-0.01%;4#й•ҝдёҠеҪұйҳі+0.04%;5#еӨ§йҳҙ-0.06%,й•ҝдёӢеҪұйҳҙ
7,5,5,2026-03-20 10:36:00,134850.0,2026-03-20 10:37:00,134770.0,1,-0.05932517612161661,False,0.05932517612161661,True,1#й•ҝдёҠеҪұйҳҙ-0.04%;2#еҚҒеӯ—жҳҹ-0.01%;3#й•ҝдёӢеҪұйҳі+0.02%;4#дёӯйҳҙ-0.03%;5#дёӯйҳі+0.04%,дёӯйҳі
7,5,5,2026-03-20 10:37:00,134770.0,2026-03-20 10:38:00,134690.0,1,-0.059360391778585736,False,0.059360391778585736,True,1#еҚҒеӯ—жҳҹ-0.01%;2#й•ҝдёӢеҪұйҳі+0.02%;3#дёӯйҳҙ-0.03%;4#дёӯйҳі+0.04%;5#дёӯйҳі+0.03%,дёӯйҳі
7,5,5,2026-03-20 13:57:00,133580.0,2026-03-20 13:58:00,133540.0,1,-0.029944602485402008,False,0.029944602485402008,True,1#еӨ§йҳҙ-0.05%;2#дёӯйҳі+0.02%;3#еӨ§йҳі+0.06%;4#й•ҝдёӢеҪұйҳі+0.01%;5#й•ҝдёӢеҪұйҳі+0.04%,й•ҝдёҠеҪұйҳі
7,5,5,2026-03-20 13:58:00,133540.0,2026-03-20 13:59:00,133510.0,1,-0.02246517897259248,False,0.02246517897259248,True,1#дёӯйҳі+0.02%;2#еӨ§йҳі+0.06%;3#й•ҝдёӢеҪұйҳі+0.01%;4#й•ҝдёӢеҪұйҳі+0.04%;5#й•ҝдёҠеҪұйҳі+0.04%,дёӯйҳҙ
7,5,5,2026-03-20 14:04:00,134110.0,2026-03-20 14:05:00,134040.0,1,-0.052195958541495786,False,0.052195958541495786,True,1#дёӯйҳҙ-0.02%;2#еӨ§йҳі+0.03%;3#еӨ§йҳі+0.10%;4#дёӯйҳі+0.04%;5#дёӯйҳі+0.04%,дёӯйҳі
7,5,5,2026-03-20 14:05:00,134040.0,2026-03-20 14:06:00,134090.0,1,0.0373022978215458,True,-0.0373022978215458,False,1#еӨ§йҳі+0.03%;2#еӨ§йҳі+0.10%;3#дёӯйҳі+0.04%;4#дёӯйҳі+0.04%;5#дёӯйҳі+0.10%,дёӯйҳі
7,5,5,2026-03-20 14:53:00,133400.0,2026-03-20 14:54:00,133300.0,1,-0.07496251874062969,False,0.07496251874062969,True,1#еӨ§йҳҙ-0.16%;2#й•ҝдёӢеҪұйҳі+0.02%;3#е°Ҹйҳі+0.01%;4#й•ҝдёҠеҪұйҳі+0.04%;5#дёӯйҳі+0.03%,дёӯйҳҙ
7,5,5,2026-03-20 22:41:00,133760.0,2026-03-20 22:42:00,133570.0,1,-0.14204545454545456,False,0.14204545454545456,True,1#еӨ§йҳҙ-0.07%;2#дёӯйҳі+0.04%;3#й•ҝдёӢеҪұйҳі+0.01%;4#дёӯйҳі+0.02%;5#еӨ§йҳі+0.07%,дёӯйҳі
7,5,5,2026-03-20 22:42:00,133570.0,2026-03-20 22:43:00,133600.0,1,0.022460133263457364,True,-0.022460133263457364,False,1#дёӯйҳі+0.04%;2#й•ҝдёӢеҪұйҳі+0.01%;3#дёӯйҳі+0.02%;4#еӨ§йҳі+0.07%;5#дёӯйҳі+0.06%,еӨ§йҳҙ
7,5,5,2026-03-20 22:55:00,134030.0,2026-03-20 22:56:00,133970.0,1,-0.044766097142430794,False,0.044766097142430794,True,1#дёӯйҳҙ-0.04%;2#й•ҝдёҠеҪұйҳі+0.01%;3#еӨ§йҳі+0.10%;4#е°Ҹйҳі+0.02%;5#еӨ§йҳі+0.19%,еӨ§йҳҙ
7,5,5,2026-03-20 23:14:00,134080.0,2026-03-20 23:15:00,134000.0,1,-0.05966587112171838,False,0.05966587112171838,True,1#еӨ§йҳҙ-0.09%;2#й•ҝдёӢеҪұйҳі+0.01%;3#дёӯйҳі+0.03%;4#й•ҝдёӢеҪұйҳі+0.02%;5#дёӯйҳі+0.05%,й•ҝдёӢеҪұйҳі
7,5,5,2026-03-20 23:15:00,134000.0,2026-03-20 23:16:00,133970.0,1,-0.022388059701492536,False,0.022388059701492536,True,1#й•ҝдёӢеҪұйҳі+0.01%;2#дёӯйҳі+0.03%;3#й•ҝдёӢеҪұйҳі+0.02%;4#дёӯйҳі+0.05%;5#й•ҝдёӢеҪұйҳі+0.04%,еӨ§йҳҙ
7,5,5,2026-03-20 23:32:00,134090.0,2026-03-20 23:33:00,134160.0,1,0.052203743754194946,True,-0.052203743754194946,False,1#дёӯйҳҙ-0.03%;2#еӨ§йҳі+0.07%;3#еҖ’T+0.01%;4#дёӯйҳі+0.03%;5#дёӯйҳі+0.02%,е°Ҹйҳҙ
7,5,5,2026-03-20 23:56:00,133960.0,2026-03-20 23:57:00,133980.0,1,0.014929829799940281,True,-0.014929829799940281,False,1#дёӯйҳҙ-0.04%;2#еӨ§йҳі+0.08%;3#дёӯйҳі+0.03%;4#еӨ§йҳі+0.06%;5#еӨ§йҳі+0.06%,еӨ§йҳҙ
7,5,5,2026-03-21 00:36:00,134320.0,2026-03-21 00:37:00,134340.0,1,0.01488981536628946,True,-0.01488981536628946,False,1#й•ҝдёӢеҪұйҳҙ-0.01%;2#й•ҝдёҠеҪұйҳі+0.01%;3#дёӯйҳі+0.02%;4#е°Ҹйҳі+0.01%;5#Tеӯ—+0.00%,еҖ’T
8,5,5,2026-03-19 00:10:00,134290.0,2026-03-19 00:12:00,134240.0,2,-0.037232854270608386,False,0.037232854270608386,True,1#еӨ§йҳҙ-0.03%;2#й•ҝдёҠеҪұйҳі+0.01%;3#еӨ§йҳі+0.03%;4#й•ҝдёҠеҪұйҳі+0.02%;5#й•ҝдёӢеҪұйҳҙ-0.01%,еӨ§йҳҙ
8,5,5,2026-03-19 00:18:00,134480.0,2026-03-19 00:20:00,134530.0,2,0.037180249851279,True,-0.037180249851279,False,1#й•ҝдёӢеҪұйҳҙ-0.01%;2#еӨ§йҳі+0.07%;3#дёӯйҳі+0.01%;4#еӨ§йҳі+0.11%;5#й•ҝдёҠеҪұйҳі+0.01%,еӨ§йҳҙ
8,5,5,2026-03-19 09:51:00,131850.0,2026-03-19 09:53:00,131980.0,2,0.09859689040576412,True,-0.09859689040576412,False,1#еӨ§йҳҙ-0.09%;2#еӨ§йҳі+0.12%;3#еӨ§йҳі+0.08%;4#дёӯйҳі+0.03%;5#дёӯйҳі+0.02%,дёӯйҳҙ
8,5,5,2026-03-19 10:35:00,132120.0,2026-03-19 10:37:00,132370.0,2,0.18922191946715108,True,-0.18922191946715108,False,1#дёӯйҳҙ-0.03%;2#еҚҒеӯ—жҳҹ+0.01%;3#еӨ§йҳі+0.06%;4#еӨ§йҳі+0.06%;5#еӨ§йҳі+0.08%,еҚҒеӯ—жҳҹ
8,5,5,2026-03-19 10:36:00,132250.0,2026-03-19 10:38:00,132300.0,2,0.03780718336483932,True,-0.03780718336483932,False,1#еҚҒеӯ—жҳҹ+0.01%;2#еӨ§йҳі+0.06%;3#еӨ§йҳі+0.06%;4#еӨ§йҳі+0.08%;5#еҚҒеӯ—жҳҹ+0.00%,еӨ§йҳі
8,5,5,2026-03-19 10:37:00,132370.0,2026-03-19 10:39:00,132160.0,2,-0.15864621893178213,False,0.15864621893178213,True,1#еӨ§йҳі+0.06%;2#еӨ§йҳі+0.06%;3#еӨ§йҳі+0.08%;4#еҚҒеӯ—жҳҹ+0.00%;5#еӨ§йҳі+0.10%,еӨ§йҳі
8,5,5,2026-03-19 10:38:00,132300.0,2026-03-19 10:40:00,132180.0,2,-0.09070294784580499,False,0.09070294784580499,True,1#еӨ§йҳі+0.06%;2#еӨ§йҳі+0.08%;3#еҚҒеӯ—жҳҹ+0.00%;4#еӨ§йҳі+0.10%;5#еӨ§йҳі+0.12%,еӨ§йҳҙ
8,5,5,2026-03-19 10:49:00,132270.0,2026-03-19 10:51:00,132300.0,2,0.022680880018144705,True,-0.022680880018144705,False,1#еӨ§йҳҙ-0.11%;2#дёӯйҳі+0.05%;3#е°Ҹйҳі+0.01%;4#й•ҝдёӢеҪұйҳі+0.02%;5#еӨ§йҳі+0.05%,дёӯйҳҙ
8,5,5,2026-03-19 14:15:00,130800.0,2026-03-19 14:17:00,130870.0,2,0.053516819571865444,True,-0.053516819571865444,False,1#й•ҝдёӢеҪұйҳҙ-0.04%;2#дёӯйҳі+0.08%;3#еӨ§йҳі+0.15%;4#еӨ§йҳі+0.14%;5#еӨ§йҳі+0.08%,е°Ҹйҳі
8,5,5,2026-03-19 14:16:00,130810.0,2026-03-19 14:18:00,130920.0,2,0.08409143031878297,True,-0.08409143031878297,False,1#дёӯйҳі+0.08%;2#еӨ§йҳі+0.15%;3#еӨ§йҳі+0.14%;4#еӨ§йҳі+0.08%;5#е°Ҹйҳі+0.03%,еҚҒеӯ—жҳҹ
8,5,5,2026-03-19 14:17:00,130870.0,2026-03-19 14:19:00,131020.0,2,0.11461755941010164,True,-0.11461755941010164,False,1#еӨ§йҳі+0.15%;2#еӨ§йҳі+0.14%;3#еӨ§йҳі+0.08%;4#е°Ҹйҳі+0.03%;5#еҚҒеӯ—жҳҹ+0.02%,дёӯйҳі
8,5,5,2026-03-19 14:18:00,130920.0,2026-03-19 14:20:00,131050.0,2,0.09929728078215705,True,-0.09929728078215705,False,1#еӨ§йҳі+0.14%;2#еӨ§йҳі+0.08%;3#е°Ҹйҳі+0.03%;4#еҚҒеӯ—жҳҹ+0.02%;5#дёӯйҳі+0.05%,дёӯйҳі
8,5,5,2026-03-19 14:19:00,131020.0,2026-03-19 14:21:00,131050.0,2,0.022897267592733934,True,-0.022897267592733934,False,1#еӨ§йҳі+0.08%;2#е°Ҹйҳі+0.03%;3#еҚҒеӯ—жҳҹ+0.02%;4#дёӯйҳі+0.05%;5#дёӯйҳі+0.06%,дёӯйҳі
8,5,5,2026-03-19 14:20:00,131050.0,2026-03-19 14:22:00,130970.0,2,-0.06104540251812285,False,0.06104540251812285,True,1#е°Ҹйҳі+0.03%;2#еҚҒеӯ—жҳҹ+0.02%;3#дёӯйҳі+0.05%;4#дёӯйҳі+0.06%;5#дёӯйҳі+0.08%,й•ҝдёҠеҪұйҳі
8,5,5,2026-03-19 14:21:00,131050.0,2026-03-19 14:23:00,130820.0,2,-0.17550553223960322,False,0.17550553223960322,True,1#еҚҒеӯ—жҳҹ+0.02%;2#дёӯйҳі+0.05%;3#дёӯйҳі+0.06%;4#дёӯйҳі+0.08%;5#й•ҝдёҠеҪұйҳі+0.02%,Tеӯ—
8,5,5,2026-03-19 14:29:00,131400.0,2026-03-19 14:31:00,131610.0,2,0.15981735159817353,True,-0.15981735159817353,False,1#дёӯйҳҙ-0.05%;2#еӨ§йҳі+0.13%;3#й•ҝдёӢеҪұйҳі+0.04%;4#дёӯйҳі+0.03%;5#еӨ§йҳі+0.18%,дёӯйҳі
8,5,5,2026-03-19 14:30:00,131570.0,2026-03-19 14:32:00,131490.0,2,-0.06080413468115832,False,0.06080413468115832,True,1#еӨ§йҳі+0.13%;2#й•ҝдёӢеҪұйҳі+0.04%;3#дёӯйҳі+0.03%;4#еӨ§йҳі+0.18%;5#дёӯйҳі+0.11%,еӨ§йҳі
8,5,5,2026-03-19 14:31:00,131610.0,2026-03-19 14:33:00,131260.0,2,-0.26593723881164044,False,0.26593723881164044,True,1#й•ҝдёӢеҪұйҳі+0.04%;2#дёӯйҳі+0.03%;3#еӨ§йҳі+0.18%;4#дёӯйҳі+0.11%;5#еӨ§йҳі+0.13%,й•ҝдёӢеҪұйҳі
8,5,5,2026-03-19 14:32:00,131490.0,2026-03-19 14:34:00,131390.0,2,-0.07605141075366949,False,0.07605141075366949,True,1#дёӯйҳі+0.03%;2#еӨ§йҳі+0.18%;3#дёӯйҳі+0.11%;4#еӨ§йҳі+0.13%;5#й•ҝдёӢеҪұйҳі+0.04%,еӨ§йҳҙ
8,5,5,2026-03-19 14:56:00,131390.0,2026-03-19 14:58:00,131460.0,2,0.05327650506126798,True,-0.05327650506126798,False,1#й•ҝдёӢеҪұйҳҙ-0.02%;2#дёӯйҳі+0.03%;3#еӨ§йҳі+0.08%;4#еӨ§йҳі+0.08%;5#еӨ§йҳі+0.10%,й•ҝдёӢеҪұйҳі
8,5,5,2026-03-19 14:57:00,131430.0,2026-03-19 14:59:00,131510.0,2,0.060868903598873925,True,-0.060868903598873925,False,1#дёӯйҳі+0.03%;2#еӨ§йҳі+0.08%;3#еӨ§йҳі+0.08%;4#еӨ§йҳі+0.10%;5#й•ҝдёӢеҪұйҳі+0.05%,дёӯйҳі
8,5,5,2026-03-19 14:58:00,131460.0,2026-03-19 15:00:00,131550.0,2,0.06846188954815154,True,-0.06846188954815154,False,1#еӨ§йҳі+0.08%;2#еӨ§йҳі+0.08%;3#еӨ§йҳі+0.10%;4#й•ҝдёӢеҪұйҳі+0.05%;5#дёӯйҳі+0.05%,дёӯйҳі
8,5,5,2026-03-19 14:59:00,131510.0,2026-03-19 21:01:00,129230.0,2,-1.733708463234735,False,1.733708463234735,True,1#еӨ§йҳі+0.08%;2#еӨ§йҳі+0.10%;3#й•ҝдёӢеҪұйҳі+0.05%;4#дёӯйҳі+0.05%;5#дёӯйҳі+0.03%,еӨ§йҳі
8,5,5,2026-03-19 15:00:00,131550.0,2026-03-19 21:02:00,129370.0,2,-1.6571645762067655,False,1.6571645762067655,True,1#еӨ§йҳі+0.10%;2#й•ҝдёӢеҪұйҳі+0.05%;3#дёӯйҳі+0.05%;4#дёӯйҳі+0.03%;5#еӨ§йҳі+0.08%,дёҖеӯ—жқҝ
8,5,5,2026-03-19 21:01:00,129230.0,2026-03-19 21:03:00,128990.0,2,-0.18571539116304264,False,0.18571539116304264,True,1#й•ҝдёӢеҪұйҳі+0.05%;2#дёӯйҳі+0.05%;3#дёӯйҳі+0.03%;4#еӨ§йҳі+0.08%;5#дёҖеӯ—жқҝ+0.00%,й•ҝдёӢеҪұйҳі
8,5,5,2026-03-19 21:17:00,129930.0,2026-03-19 21:19:00,130150.0,2,0.16932194258446856,True,-0.16932194258446856,False,1#еҖ’T+0.00%;2#дёӯйҳі+0.13%;3#й•ҝдёӢеҪұйҳі+0.03%;4#еӨ§йҳі+0.09%;5#дёӯйҳі+0.04%,еӨ§йҳі
8,5,5,2026-03-19 21:18:00,130100.0,2026-03-19 21:20:00,130290.0,2,0.1460415065334358,True,-0.1460415065334358,False,1#дёӯйҳі+0.13%;2#й•ҝдёӢеҪұйҳі+0.03%;3#еӨ§йҳі+0.09%;4#дёӯйҳі+0.04%;5#еӨ§йҳі+0.07%,еӨ§йҳі
8,5,5,2026-03-19 21:19:00,130150.0,2026-03-19 21:21:00,130480.0,2,0.2535535920092201,True,-0.2535535920092201,False,1#й•ҝдёӢеҪұйҳі+0.03%;2#еӨ§йҳі+0.09%;3#дёӯйҳі+0.04%;4#еӨ§йҳі+0.07%;5#еӨ§йҳі+0.12%,й•ҝдёҠеҪұйҳі
8,5,5,2026-03-19 21:20:00,130290.0,2026-03-19 21:22:00,130330.0,2,0.030700744493053954,True,-0.030700744493053954,False,1#еӨ§йҳі+0.09%;2#дёӯйҳі+0.04%;3#еӨ§йҳі+0.07%;4#еӨ§йҳі+0.12%;5#й•ҝдёҠеҪұйҳі+0.02%,дёӯйҳі
8,5,5,2026-03-19 21:21:00,130480.0,2026-03-19 21:23:00,130310.0,2,-0.13028816676885346,False,0.13028816676885346,True,1#дёӯйҳі+0.04%;2#еӨ§йҳі+0.07%;3#еӨ§йҳі+0.12%;4#й•ҝдёҠеҪұйҳі+0.02%;5#дёӯйҳі+0.12%,й•ҝдёҠеҪұйҳі
8,5,5,2026-03-19 21:22:00,130330.0,2026-03-19 21:24:00,130250.0,2,-0.06138264405739278,False,0.06138264405739278,True,1#еӨ§йҳі+0.07%;2#еӨ§йҳі+0.12%;3#й•ҝдёҠеҪұйҳі+0.02%;4#дёӯйҳі+0.12%;5#й•ҝдёҠеҪұйҳі+0.01%,дёӯйҳҙ
8,5,5,2026-03-19 21:54:00,131250.0,2026-03-19 21:56:00,131400.0,2,0.1142857142857143,True,-0.1142857142857143,False,1#еӨ§йҳҙ-0.08%;2#еӨ§йҳі+0.13%;3#е°Ҹйҳі+0.01%;4#еӨ§йҳі+0.08%;5#еӨ§йҳі+0.11%,дёӯйҳі
8,5,5,2026-03-19 21:55:00,131300.0,2026-03-19 21:57:00,131440.0,2,0.10662604722010663,True,-0.10662604722010663,False,1#еӨ§йҳі+0.13%;2#е°Ҹйҳі+0.01%;3#еӨ§йҳі+0.08%;4#еӨ§йҳі+0.11%;5#дёӯйҳі+0.02%,дёӯйҳі
8,5,5,2026-03-19 21:56:00,131400.0,2026-03-19 21:58:00,131550.0,2,0.1141552511415525,True,-0.1141552511415525,False,1#е°Ҹйҳі+0.01%;2#еӨ§йҳі+0.08%;3#еӨ§йҳі+0.11%;4#дёӯйҳі+0.02%;5#дёӯйҳі+0.04%,еҚҒеӯ—жҳҹ
8,5,5,2026-03-19 21:57:00,131440.0,2026-03-19 21:59:00,131710.0,2,0.20541692026780278,True,-0.20541692026780278,False,1#еӨ§йҳі+0.08%;2#еӨ§йҳі+0.11%;3#дёӯйҳі+0.02%;4#дёӯйҳі+0.04%;5#еҚҒеӯ—жҳҹ+0.00%,й•ҝдёҠеҪұйҳі
8,5,5,2026-03-19 21:58:00,131550.0,2026-03-19 22:00:00,131750.0,2,0.15203344735841884,True,-0.15203344735841884,False,1#еӨ§йҳі+0.11%;2#дёӯйҳі+0.02%;3#дёӯйҳі+0.04%;4#еҚҒеӯ—жҳҹ+0.00%;5#й•ҝдёҠеҪұйҳі+0.03%,дёӯйҳі
8,5,5,2026-03-19 21:59:00,131710.0,2026-03-19 22:01:00,131820.0,2,0.08351681725001897,True,-0.08351681725001897,False,1#дёӯйҳі+0.02%;2#дёӯйҳі+0.04%;3#еҚҒеӯ—жҳҹ+0.00%;4#й•ҝдёҠеҪұйҳі+0.03%;5#дёӯйҳі+0.02%,еӨ§йҳі
8,5,5,2026-03-19 22:00:00,131750.0,2026-03-19 22:02:00,132220.0,2,0.3567362428842505,True,-0.3567362428842505,False,1#дёӯйҳі+0.04%;2#еҚҒеӯ—жҳҹ+0.00%;3#й•ҝдёҠеҪұйҳі+0.03%;4#дёӯйҳі+0.02%;5#еӨ§йҳі+0.16%,е°Ҹйҳі
8,5,5,2026-03-19 22:01:00,131820.0,2026-03-19 22:03:00,132280.0,2,0.3489607039902898,True,-0.3489607039902898,False,1#еҚҒеӯ—жҳҹ+0.00%;2#й•ҝдёҠеҪұйҳі+0.03%;3#дёӯйҳі+0.02%;4#еӨ§йҳі+0.16%;5#е°Ҹйҳі+0.03%,еӨ§йҳі
8,5,5,2026-03-19 22:02:00,132220.0,2026-03-19 22:04:00,132010.0,2,-0.15882619875964302,False,0.15882619875964302,True,1#й•ҝдёҠеҪұйҳі+0.03%;2#дёӯйҳі+0.02%;3#еӨ§йҳі+0.16%;4#е°Ҹйҳі+0.03%;5#еӨ§йҳі+0.05%,еӨ§йҳҙ
8,5,5,2026-03-19 22:03:00,132280.0,2026-03-19 22:05:00,131910.0,2,-0.2797097066827941,False,0.2797097066827941,True,1#дёӯйҳі+0.02%;2#еӨ§йҳі+0.16%;3#е°Ҹйҳі+0.03%;4#еӨ§йҳі+0.05%;5#еӨ§йҳҙ-0.05%,еӨ§йҳҙ
8,5,5,2026-03-19 22:04:00,132010.0,2026-03-19 22:06:00,132130.0,2,0.09090220437845618,True,-0.09090220437845618,False,1#еӨ§йҳі+0.16%;2#е°Ҹйҳі+0.03%;3#еӨ§йҳі+0.05%;4#еӨ§йҳҙ-0.05%;5#еӨ§йҳҙ-0.09%,дёӯйҳҙ
8,5,5,2026-03-19 22:13:00,132350.0,2026-03-19 22:15:00,132150.0,2,-0.1511144692104269,False,0.1511144692104269,True,1#дёӯйҳҙ-0.07%;2#й•ҝдёӢеҪұйҳі+0.02%;3#дёӯйҳі+0.02%;4#дёӯйҳі+0.05%;5#й•ҝдёӢеҪұйҳі+0.02%,еӨ§йҳҙ
8,5,5,2026-03-19 22:14:00,132240.0,2026-03-19 22:16:00,132250.0,2,0.0075620084694494865,True,-0.0075620084694494865,False,1#й•ҝдёӢеҪұйҳі+0.02%;2#дёӯйҳі+0.02%;3#дёӯйҳі+0.05%;4#й•ҝдёӢеҪұйҳі+0.02%;5#еӨ§йҳҙ-0.10%,й•ҝдёӢеҪұйҳі
8,5,5,2026-03-19 22:20:00,132710.0,2026-03-19 22:22:00,132600.0,2,-0.0828874990580966,False,0.0828874990580966,True,1#еӨ§йҳҙ-0.04%;2#дёӯйҳі+0.03%;3#й•ҝдёҠеҪұйҳі+0.07%;4#еӨ§йҳі+0.08%;5#еӨ§йҳі+0.13%,еӨ§йҳі
8,5,5,2026-03-19 22:53:00,133100.0,2026-03-19 22:55:00,133670.0,2,0.42824943651389935,True,-0.42824943651389935,False,1#дёӯйҳҙ-0.05%;2#еӨ§йҳі+0.02%;3#еӨ§йҳі+0.02%;4#еӨ§йҳі+0.08%;5#еӨ§йҳі+0.11%,й•ҝдёӢеҪұйҳі
8,5,5,2026-03-19 22:54:00,133460.0,2026-03-19 22:56:00,133550.0,2,0.06743593586093212,True,-0.06743593586093212,False,1#еӨ§йҳі+0.02%;2#еӨ§йҳі+0.02%;3#еӨ§йҳі+0.08%;4#еӨ§йҳі+0.11%;5#й•ҝдёӢеҪұйҳі+0.02%,й•ҝдёҠеҪұйҳі
8,5,5,2026-03-19 22:55:00,133670.0,2026-03-19 22:57:00,133520.0,2,-0.11221665295129797,False,0.11221665295129797,True,1#еӨ§йҳі+0.02%;2#еӨ§йҳі+0.08%;3#еӨ§йҳі+0.11%;4#й•ҝдёӢеҪұйҳі+0.02%;5#й•ҝдёҠеҪұйҳі+0.01%,еӨ§йҳі
8,5,5,2026-03-19 22:56:00,133550.0,2026-03-19 22:58:00,133400.0,2,-0.11231748408835641,False,0.11231748408835641,True,1#еӨ§йҳі+0.08%;2#еӨ§йҳі+0.11%;3#й•ҝдёӢеҪұйҳі+0.02%;4#й•ҝдёҠеҪұйҳі+0.01%;5#еӨ§йҳі+0.22%,еҚҒеӯ—жҳҹ
8,5,5,2026-03-19 23:05:00,133930.0,2026-03-19 23:07:00,134250.0,2,0.23893078473829613,True,-0.23893078473829613,False,1#еҖ’T+0.00%;2#й•ҝдёҠеҪұйҳі+0.01%;3#й•ҝдёҠеҪұйҳі+0.01%;4#еӨ§йҳі+0.08%;5#еӨ§йҳі+0.12%,дёӯйҳі
8,5,5,2026-03-19 23:06:00,134100.0,2026-03-19 23:08:00,134070.0,2,-0.02237136465324385,False,0.02237136465324385,True,1#й•ҝдёҠеҪұйҳі+0.01%;2#й•ҝдёҠеҪұйҳі+0.01%;3#еӨ§йҳі+0.08%;4#еӨ§йҳі+0.12%;5#дёӯйҳі+0.11%,дёӯйҳі
8,5,5,2026-03-19 23:07:00,134250.0,2026-03-19 23:09:00,134110.0,2,-0.1042830540037244,False,0.1042830540037244,True,1#й•ҝдёҠеҪұйҳі+0.01%;2#еӨ§йҳі+0.08%;3#еӨ§йҳі+0.12%;4#дёӯйҳі+0.11%;5#дёӯйҳі+0.13%,й•ҝдёҠеҪұйҳі
8,5,5,2026-03-19 23:08:00,134070.0,2026-03-19 23:10:00,133990.0,2,-0.059670321473856945,False,0.059670321473856945,True,1#еӨ§йҳі+0.08%;2#еӨ§йҳі+0.12%;3#дёӯйҳі+0.11%;4#дёӯйҳі+0.13%;5#й•ҝдёҠеҪұйҳі+0.10%,еӨ§йҳҙ
8,5,5,2026-03-19 23:47:00,133800.0,2026-03-19 23:49:00,133980.0,2,0.13452914798206278,True,-0.13452914798206278,False,1#дёӯйҳҙ-0.06%;2#е°Ҹйҳі+0.02%;3#еӨ§йҳі+0.08%;4#й•ҝдёҠеҪұйҳі+0.01%;5#еӨ§йҳі+0.19%,еӨ§йҳҙ
8,5,5,2026-03-19 23:52:00,134090.0,2026-03-19 23:54:00,134040.0,2,-0.03728838839585353,False,0.03728838839585353,True,1#еӨ§йҳҙ-0.09%;2#дёӯйҳі+0.03%;3#еӨ§йҳі+0.11%;4#Tеӯ—+0.01%;5#й•ҝдёӢеҪұйҳі+0.01%,й•ҝдёҠеҪұйҳі
8,5,5,2026-03-19 23:53:00,134100.0,2026-03-19 23:55:00,133950.0,2,-0.11185682326621924,False,0.11185682326621924,True,1#дёӯйҳі+0.03%;2#еӨ§йҳі+0.11%;3#Tеӯ—+0.01%;4#й•ҝдёӢеҪұйҳі+0.01%;5#й•ҝдёҠеҪұйҳі+0.05%,й•ҝдёӢеҪұйҳі
8,5,5,2026-03-19 23:54:00,134040.0,2026-03-19 23:56:00,133910.0,2,-0.0969859743360191,False,0.0969859743360191,True,1#еӨ§йҳі+0.11%;2#Tеӯ—+0.01%;3#й•ҝдёӢеҪұйҳі+0.01%;4#й•ҝдёҠеҪұйҳі+0.05%;5#й•ҝдёӢеҪұйҳі+0.01%,дёӯйҳҙ
8,5,5,2026-03-20 00:10:00,134240.0,2026-03-20 00:12:00,134140.0,2,-0.07449344457687723,False,0.07449344457687723,True,1#еӨ§йҳҙ-0.04%;2#еҚҒеӯ—жҳҹ+0.00%;3#дёӯйҳі+0.05%;4#дёӯйҳі+0.13%;5#е°Ҹйҳі+0.01%,дёӯйҳҙ
8,5,5,2026-03-20 09:18:00,135050.0,2026-03-20 09:20:00,134960.0,2,-0.06664198445020363,False,0.06664198445020363,True,1#еӨ§йҳҙ-0.14%;2#й•ҝдёӢеҪұйҳі+0.04%;3#еӨ§йҳі+0.18%;4#дёӯйҳҙ-0.01%;5#й•ҝдёҠеҪұйҳі+0.04%,еӨ§йҳҙ
8,5,5,2026-03-20 09:19:00,135040.0,2026-03-20 09:21:00,134950.0,2,-0.06664691943127962,False,0.06664691943127962,True,1#й•ҝдёӢеҪұйҳі+0.04%;2#еӨ§йҳі+0.18%;3#дёӯйҳҙ-0.01%;4#й•ҝдёҠеҪұйҳі+0.04%;5#еӨ§йҳҙ-0.06%,й•ҝдёӢеҪұйҳҙ
8,5,5,2026-03-20 10:36:00,134850.0,2026-03-20 10:38:00,134690.0,2,-0.11865035224323323,False,0.11865035224323323,True,1#й•ҝдёҠеҪұйҳҙ-0.04%;2#еҚҒеӯ—жҳҹ-0.01%;3#й•ҝдёӢеҪұйҳі+0.02%;4#дёӯйҳҙ-0.03%;5#дёӯйҳі+0.04%,дёӯйҳі
8,5,5,2026-03-20 10:37:00,134770.0,2026-03-20 10:39:00,134640.0,2,-0.09646063664020182,False,0.09646063664020182,True,1#еҚҒеӯ—жҳҹ-0.01%;2#й•ҝдёӢеҪұйҳі+0.02%;3#дёӯйҳҙ-0.03%;4#дёӯйҳі+0.04%;5#дёӯйҳі+0.03%,дёӯйҳі
8,5,5,2026-03-20 13:57:00,133580.0,2026-03-20 13:59:00,133510.0,2,-0.052403054349453505,False,0.052403054349453505,True,1#еӨ§йҳҙ-0.05%;2#дёӯйҳі+0.02%;3#еӨ§йҳі+0.06%;4#й•ҝдёӢеҪұйҳі+0.01%;5#й•ҝдёӢеҪұйҳі+0.04%,й•ҝдёҠеҪұйҳі
8,5,5,2026-03-20 13:58:00,133540.0,2026-03-20 14:00:00,133710.0,2,0.12730268084469074,True,-0.12730268084469074,False,1#дёӯйҳі+0.02%;2#еӨ§йҳі+0.06%;3#й•ҝдёӢеҪұйҳі+0.01%;4#й•ҝдёӢеҪұйҳі+0.04%;5#й•ҝдёҠеҪұйҳі+0.04%,дёӯйҳҙ
8,5,5,2026-03-20 14:04:00,134110.0,2026-03-20 14:06:00,134090.0,2,-0.014913131011855938,False,0.014913131011855938,True,1#дёӯйҳҙ-0.02%;2#еӨ§йҳі+0.03%;3#еӨ§йҳі+0.10%;4#дёӯйҳі+0.04%;5#дёӯйҳі+0.04%,дёӯйҳі
8,5,5,2026-03-20 14:05:00,134040.0,2026-03-20 14:07:00,134050.0,2,0.007460459564309162,True,-0.007460459564309162,False,1#еӨ§йҳі+0.03%;2#еӨ§йҳі+0.10%;3#дёӯйҳі+0.04%;4#дёӯйҳі+0.04%;5#дёӯйҳі+0.10%,дёӯйҳі
8,5,5,2026-03-20 14:53:00,133400.0,2026-03-20 14:55:00,133220.0,2,-0.13493253373313344,False,0.13493253373313344,True,1#еӨ§йҳҙ-0.16%;2#й•ҝдёӢеҪұйҳі+0.02%;3#е°Ҹйҳі+0.01%;4#й•ҝдёҠеҪұйҳі+0.04%;5#дёӯйҳі+0.03%,дёӯйҳҙ
8,5,5,2026-03-20 22:41:00,133760.0,2026-03-20 22:43:00,133600.0,2,-0.11961722488038277,False,0.11961722488038277,True,1#еӨ§йҳҙ-0.07%;2#дёӯйҳі+0.04%;3#й•ҝдёӢеҪұйҳі+0.01%;4#дёӯйҳі+0.02%;5#еӨ§йҳі+0.07%,дёӯйҳі
8,5,5,2026-03-20 22:42:00,133570.0,2026-03-20 22:44:00,133490.0,2,-0.05989368870255296,False,0.05989368870255296,True,1#дёӯйҳі+0.04%;2#й•ҝдёӢеҪұйҳі+0.01%;3#дёӯйҳі+0.02%;4#еӨ§йҳі+0.07%;5#дёӯйҳі+0.06%,еӨ§йҳҙ
8,5,5,2026-03-20 22:55:00,134030.0,2026-03-20 22:57:00,133990.0,2,-0.02984406476162053,False,0.02984406476162053,True,1#дёӯйҳҙ-0.04%;2#й•ҝдёҠеҪұйҳі+0.01%;3#еӨ§йҳі+0.10%;4#е°Ҹйҳі+0.02%;5#еӨ§йҳі+0.19%,еӨ§йҳҙ
8,5,5,2026-03-20 23:14:00,134080.0,2026-03-20 23:16:00,133970.0,2,-0.08204057279236276,False,0.08204057279236276,True,1#еӨ§йҳҙ-0.09%;2#й•ҝдёӢеҪұйҳі+0.01%;3#дёӯйҳі+0.03%;4#й•ҝдёӢеҪұйҳі+0.02%;5#дёӯйҳі+0.05%,й•ҝдёӢеҪұйҳі
8,5,5,2026-03-20 23:15:00,134000.0,2026-03-20 23:17:00,133850.0,2,-0.11194029850746269,False,0.11194029850746269,True,1#й•ҝдёӢеҪұйҳі+0.01%;2#дёӯйҳі+0.03%;3#й•ҝдёӢеҪұйҳі+0.02%;4#дёӯйҳі+0.05%;5#й•ҝдёӢеҪұйҳі+0.04%,еӨ§йҳҙ
8,5,5,2026-03-20 23:32:00,134090.0,2026-03-20 23:34:00,134210.0,2,0.08949213215004848,True,-0.08949213215004848,False,1#дёӯйҳҙ-0.03%;2#еӨ§йҳі+0.07%;3#еҖ’T+0.01%;4#дёӯйҳі+0.03%;5#дёӯйҳі+0.02%,е°Ҹйҳҙ
8,5,5,2026-03-20 23:56:00,133960.0,2026-03-20 23:58:00,134070.0,2,0.08211406389967153,True,-0.08211406389967153,False,1#дёӯйҳҙ-0.04%;2#еӨ§йҳі+0.08%;3#дёӯйҳі+0.03%;4#еӨ§йҳі+0.06%;5#еӨ§йҳі+0.06%,еӨ§йҳҙ
8,5,5,2026-03-21 00:36:00,134320.0,2026-03-21 00:38:00,134290.0,2,-0.022334723049434187,False,0.022334723049434187,True,1#й•ҝдёӢеҪұйҳҙ-0.01%;2#й•ҝдёҠеҪұйҳі+0.01%;3#дёӯйҳі+0.02%;4#е°Ҹйҳі+0.01%;5#Tеӯ—+0.00%,еҖ’T
9,5,5,2026-03-19 00:10:00,134290.0,2026-03-19 00:13:00,134230.0,3,-0.04467942512473006,False,0.04467942512473006,True,1#еӨ§йҳҙ-0.03%;2#й•ҝдёҠеҪұйҳі+0.01%;3#еӨ§йҳі+0.03%;4#й•ҝдёҠеҪұйҳі+0.02%;5#й•ҝдёӢеҪұйҳҙ-0.01%,еӨ§йҳҙ
9,5,5,2026-03-19 00:18:00,134480.0,2026-03-19 00:21:00,134520.0,3,0.0297441998810232,True,-0.0297441998810232,False,1#й•ҝдёӢеҪұйҳҙ-0.01%;2#еӨ§йҳі+0.07%;3#дёӯйҳі+0.01%;4#еӨ§йҳі+0.11%;5#й•ҝдёҠеҪұйҳі+0.01%,еӨ§йҳҙ
9,5,5,2026-03-19 09:51:00,131850.0,2026-03-19 09:54:00,132030.0,3,0.13651877133105803,True,-0.13651877133105803,False,1#еӨ§йҳҙ-0.09%;2#еӨ§йҳі+0.12%;3#еӨ§йҳі+0.08%;4#дёӯйҳі+0.03%;5#дёӯйҳі+0.02%,дёӯйҳҙ
9,5,5,2026-03-19 10:35:00,132120.0,2026-03-19 10:38:00,132300.0,3,0.13623978201634876,True,-0.13623978201634876,False,1#дёӯйҳҙ-0.03%;2#еҚҒеӯ—жҳҹ+0.01%;3#еӨ§йҳі+0.06%;4#еӨ§йҳі+0.06%;5#еӨ§йҳі+0.08%,еҚҒеӯ—жҳҹ
9,5,5,2026-03-19 10:36:00,132250.0,2026-03-19 10:39:00,132160.0,3,-0.06805293005671079,False,0.06805293005671079,True,1#еҚҒеӯ—жҳҹ+0.01%;2#еӨ§йҳі+0.06%;3#еӨ§йҳі+0.06%;4#еӨ§йҳі+0.08%;5#еҚҒеӯ—жҳҹ+0.00%,еӨ§йҳі
9,5,5,2026-03-19 10:37:00,132370.0,2026-03-19 10:40:00,132180.0,3,-0.14353705522399335,False,0.14353705522399335,True,1#еӨ§йҳі+0.06%;2#еӨ§йҳі+0.06%;3#еӨ§йҳі+0.08%;4#еҚҒеӯ—жҳҹ+0.00%;5#еӨ§йҳі+0.10%,еӨ§йҳі
9,5,5,2026-03-19 10:38:00,132300.0,2026-03-19 10:41:00,132130.0,3,-0.12849584278155707,False,0.12849584278155707,True,1#еӨ§йҳі+0.06%;2#еӨ§йҳі+0.08%;3#еҚҒеӯ—жҳҹ+0.00%;4#еӨ§йҳі+0.10%;5#еӨ§йҳі+0.12%,еӨ§йҳҙ
9,5,5,2026-03-19 10:49:00,132270.0,2026-03-19 10:52:00,132280.0,3,0.007560293339381567,True,-0.007560293339381567,False,1#еӨ§йҳҙ-0.11%;2#дёӯйҳі+0.05%;3#е°Ҹйҳі+0.01%;4#й•ҝдёӢеҪұйҳі+0.02%;5#еӨ§йҳі+0.05%,дёӯйҳҙ
9,5,5,2026-03-19 14:15:00,130800.0,2026-03-19 14:18:00,130920.0,3,0.09174311926605505,True,-0.09174311926605505,False,1#й•ҝдёӢеҪұйҳҙ-0.04%;2#дёӯйҳі+0.08%;3#еӨ§йҳі+0.15%;4#еӨ§йҳі+0.14%;5#еӨ§йҳі+0.08%,е°Ҹйҳі
9,5,5,2026-03-19 14:16:00,130810.0,2026-03-19 14:19:00,131020.0,3,0.16053818515404022,True,-0.16053818515404022,False,1#дёӯйҳі+0.08%;2#еӨ§йҳі+0.15%;3#еӨ§йҳі+0.14%;4#еӨ§йҳі+0.08%;5#е°Ҹйҳі+0.03%,еҚҒеӯ—жҳҹ
9,5,5,2026-03-19 14:17:00,130870.0,2026-03-19 14:20:00,131050.0,3,0.13754107129212195,True,-0.13754107129212195,False,1#еӨ§йҳі+0.15%;2#еӨ§йҳі+0.14%;3#еӨ§йҳі+0.08%;4#е°Ҹйҳі+0.03%;5#еҚҒеӯ—жҳҹ+0.02%,дёӯйҳі
9,5,5,2026-03-19 14:18:00,130920.0,2026-03-19 14:21:00,131050.0,3,0.09929728078215705,True,-0.09929728078215705,False,1#еӨ§йҳі+0.14%;2#еӨ§йҳі+0.08%;3#е°Ҹйҳі+0.03%;4#еҚҒеӯ—жҳҹ+0.02%;5#дёӯйҳі+0.05%,дёӯйҳі
9,5,5,2026-03-19 14:19:00,131020.0,2026-03-19 14:22:00,130970.0,3,-0.03816211265455655,False,0.03816211265455655,True,1#еӨ§йҳі+0.08%;2#е°Ҹйҳі+0.03%;3#еҚҒеӯ—жҳҹ+0.02%;4#дёӯйҳі+0.05%;5#дёӯйҳі+0.06%,дёӯйҳі
9,5,5,2026-03-19 14:20:00,131050.0,2026-03-19 14:23:00,130820.0,3,-0.17550553223960322,False,0.17550553223960322,True,1#е°Ҹйҳі+0.03%;2#еҚҒеӯ—жҳҹ+0.02%;3#дёӯйҳі+0.05%;4#дёӯйҳі+0.06%;5#дёӯйҳі+0.08%,й•ҝдёҠеҪұйҳі
9,5,5,2026-03-19 14:21:00,131050.0,2026-03-19 14:24:00,130760.0,3,-0.22128958412819533,False,0.22128958412819533,True,1#еҚҒеӯ—жҳҹ+0.02%;2#дёӯйҳі+0.05%;3#дёӯйҳі+0.06%;4#дёӯйҳі+0.08%;5#й•ҝдёҠеҪұйҳі+0.02%,Tеӯ—
9,5,5,2026-03-19 14:29:00,131400.0,2026-03-19 14:32:00,131490.0,3,0.0684931506849315,True,-0.0684931506849315,False,1#дёӯйҳҙ-0.05%;2#еӨ§йҳі+0.13%;3#й•ҝдёӢеҪұйҳі+0.04%;4#дёӯйҳі+0.03%;5#еӨ§йҳі+0.18%,дёӯйҳі
9,5,5,2026-03-19 14:30:00,131570.0,2026-03-19 14:33:00,131260.0,3,-0.2356160218894885,False,0.2356160218894885,True,1#еӨ§йҳі+0.13%;2#й•ҝдёӢеҪұйҳі+0.04%;3#дёӯйҳі+0.03%;4#еӨ§йҳі+0.18%;5#дёӯйҳі+0.11%,еӨ§йҳі
9,5,5,2026-03-19 14:31:00,131610.0,2026-03-19 14:34:00,131390.0,3,-0.167160550110174,False,0.167160550110174,True,1#й•ҝдёӢеҪұйҳі+0.04%;2#дёӯйҳі+0.03%;3#еӨ§йҳі+0.18%;4#дёӯйҳі+0.11%;5#еӨ§йҳі+0.13%,й•ҝдёӢеҪұйҳі
9,5,5,2026-03-19 14:32:00,131490.0,2026-03-19 14:35:00,131460.0,3,-0.022815423226100844,False,0.022815423226100844,True,1#дёӯйҳі+0.03%;2#еӨ§йҳі+0.18%;3#дёӯйҳі+0.11%;4#еӨ§йҳі+0.13%;5#й•ҝдёӢеҪұйҳі+0.04%,еӨ§йҳҙ
9,5,5,2026-03-19 14:56:00,131390.0,2026-03-19 14:59:00,131510.0,3,0.09133115153360226,True,-0.09133115153360226,False,1#й•ҝдёӢеҪұйҳҙ-0.02%;2#дёӯйҳі+0.03%;3#еӨ§йҳі+0.08%;4#еӨ§йҳі+0.08%;5#еӨ§йҳі+0.10%,й•ҝдёӢеҪұйҳі
9,5,5,2026-03-19 14:57:00,131430.0,2026-03-19 15:00:00,131550.0,3,0.09130335539831089,True,-0.09130335539831089,False,1#дёӯйҳі+0.03%;2#еӨ§йҳі+0.08%;3#еӨ§йҳі+0.08%;4#еӨ§йҳі+0.10%;5#й•ҝдёӢеҪұйҳі+0.05%,дёӯйҳі
9,5,5,2026-03-19 14:58:00,131460.0,2026-03-19 21:01:00,129230.0,3,-1.6963334854708658,False,1.6963334854708658,True,1#еӨ§йҳі+0.08%;2#еӨ§йҳі+0.08%;3#еӨ§йҳі+0.10%;4#й•ҝдёӢеҪұйҳі+0.05%;5#дёӯйҳі+0.05%,дёӯйҳі
9,5,5,2026-03-19 14:59:00,131510.0,2026-03-19 21:02:00,129370.0,3,-1.627252680404532,False,1.627252680404532,True,1#еӨ§йҳі+0.08%;2#еӨ§йҳі+0.10%;3#й•ҝдёӢеҪұйҳі+0.05%;4#дёӯйҳі+0.05%;5#дёӯйҳі+0.03%,еӨ§йҳі
9,5,5,2026-03-19 15:00:00,131550.0,2026-03-19 21:03:00,128990.0,3,-1.9460281261877612,False,1.9460281261877612,True,1#еӨ§йҳі+0.10%;2#й•ҝдёӢеҪұйҳі+0.05%;3#дёӯйҳі+0.05%;4#дёӯйҳі+0.03%;5#еӨ§йҳі+0.08%,дёҖеӯ—жқҝ
9,5,5,2026-03-19 21:01:00,129230.0,2026-03-19 21:04:00,129170.0,3,-0.04642884779076066,False,0.04642884779076066,True,1#й•ҝдёӢеҪұйҳі+0.05%;2#дёӯйҳі+0.05%;3#дёӯйҳі+0.03%;4#еӨ§йҳі+0.08%;5#дёҖеӯ—жқҝ+0.00%,й•ҝдёӢеҪұйҳі
9,5,5,2026-03-19 21:17:00,129930.0,2026-03-19 21:20:00,130290.0,3,0.2770722696836758,True,-0.2770722696836758,False,1#еҖ’T+0.00%;2#дёӯйҳі+0.13%;3#й•ҝдёӢеҪұйҳі+0.03%;4#еӨ§йҳі+0.09%;5#дёӯйҳі+0.04%,еӨ§йҳі
9,5,5,2026-03-19 21:18:00,130100.0,2026-03-19 21:21:00,130480.0,3,0.2920830130668716,True,-0.2920830130668716,False,1#дёӯйҳі+0.13%;2#й•ҝдёӢеҪұйҳі+0.03%;3#еӨ§йҳі+0.09%;4#дёӯйҳі+0.04%;5#еӨ§йҳі+0.07%,еӨ§йҳі
9,5,5,2026-03-19 21:19:00,130150.0,2026-03-19 21:22:00,130330.0,3,0.13830195927775643,True,-0.13830195927775643,False,1#й•ҝдёӢеҪұйҳі+0.03%;2#еӨ§йҳі+0.09%;3#дёӯйҳі+0.04%;4#еӨ§йҳі+0.07%;5#еӨ§йҳі+0.12%,й•ҝдёҠеҪұйҳі
9,5,5,2026-03-19 21:20:00,130290.0,2026-03-19 21:23:00,130310.0,3,0.015350372246526977,True,-0.015350372246526977,False,1#еӨ§йҳі+0.09%;2#дёӯйҳі+0.04%;3#еӨ§йҳі+0.07%;4#еӨ§йҳі+0.12%;5#й•ҝдёҠеҪұйҳі+0.02%,дёӯйҳі
9,5,5,2026-03-19 21:21:00,130480.0,2026-03-19 21:24:00,130250.0,3,-0.1762722256284488,False,0.1762722256284488,True,1#дёӯйҳі+0.04%;2#еӨ§йҳі+0.07%;3#еӨ§йҳі+0.12%;4#й•ҝдёҠеҪұйҳі+0.02%;5#дёӯйҳі+0.12%,й•ҝдёҠеҪұйҳі
9,5,5,2026-03-19 21:22:00,130330.0,2026-03-19 21:25:00,130420.0,3,0.06905547456456687,True,-0.06905547456456687,False,1#еӨ§йҳі+0.07%;2#еӨ§йҳі+0.12%;3#й•ҝдёҠеҪұйҳі+0.02%;4#дёӯйҳі+0.12%;5#й•ҝдёҠеҪұйҳі+0.01%,дёӯйҳҙ
9,5,5,2026-03-19 21:54:00,131250.0,2026-03-19 21:57:00,131440.0,3,0.14476190476190476,True,-0.14476190476190476,False,1#еӨ§йҳҙ-0.08%;2#еӨ§йҳі+0.13%;3#е°Ҹйҳі+0.01%;4#еӨ§йҳі+0.08%;5#еӨ§йҳі+0.11%,дёӯйҳі
9,5,5,2026-03-19 21:55:00,131300.0,2026-03-19 21:58:00,131550.0,3,0.19040365575019041,True,-0.19040365575019041,False,1#еӨ§йҳі+0.13%;2#е°Ҹйҳі+0.01%;3#еӨ§йҳі+0.08%;4#еӨ§йҳі+0.11%;5#дёӯйҳі+0.02%,дёӯйҳі
9,5,5,2026-03-19 21:56:00,131400.0,2026-03-19 21:59:00,131710.0,3,0.23592085235920854,True,-0.23592085235920854,False,1#е°Ҹйҳі+0.01%;2#еӨ§йҳі+0.08%;3#еӨ§йҳі+0.11%;4#дёӯйҳі+0.02%;5#дёӯйҳі+0.04%,еҚҒеӯ—жҳҹ
9,5,5,2026-03-19 21:57:00,131440.0,2026-03-19 22:00:00,131750.0,3,0.2358490566037736,True,-0.2358490566037736,False,1#еӨ§йҳі+0.08%;2#еӨ§йҳі+0.11%;3#дёӯйҳі+0.02%;4#дёӯйҳі+0.04%;5#еҚҒеӯ—жҳҹ+0.00%,й•ҝдёҠеҪұйҳі
9,5,5,2026-03-19 21:58:00,131550.0,2026-03-19 22:01:00,131820.0,3,0.20524515393386544,True,-0.20524515393386544,False,1#еӨ§йҳі+0.11%;2#дёӯйҳі+0.02%;3#дёӯйҳі+0.04%;4#еҚҒеӯ—жҳҹ+0.00%;5#й•ҝдёҠеҪұйҳі+0.03%,дёӯйҳі
9,5,5,2026-03-19 21:59:00,131710.0,2026-03-19 22:02:00,132220.0,3,0.3872143345228153,True,-0.3872143345228153,False,1#дёӯйҳі+0.02%;2#дёӯйҳі+0.04%;3#еҚҒеӯ—жҳҹ+0.00%;4#й•ҝдёҠеҪұйҳі+0.03%;5#дёӯйҳі+0.02%,еӨ§йҳі
9,5,5,2026-03-19 22:00:00,131750.0,2026-03-19 22:03:00,132280.0,3,0.40227703984819735,True,-0.40227703984819735,False,1#дёӯйҳі+0.04%;2#еҚҒеӯ—жҳҹ+0.00%;3#й•ҝдёҠеҪұйҳі+0.03%;4#дёӯйҳі+0.02%;5#еӨ§йҳі+0.16%,е°Ҹйҳі
9,5,5,2026-03-19 22:01:00,131820.0,2026-03-19 22:04:00,132010.0,3,0.144135942952511,True,-0.144135942952511,False,1#еҚҒеӯ—жҳҹ+0.00%;2#й•ҝдёҠеҪұйҳі+0.03%;3#дёӯйҳі+0.02%;4#еӨ§йҳі+0.16%;5#е°Ҹйҳі+0.03%,еӨ§йҳі
9,5,5,2026-03-19 22:02:00,132220.0,2026-03-19 22:05:00,131910.0,3,-0.23445772197852066,False,0.23445772197852066,True,1#й•ҝдёҠеҪұйҳі+0.03%;2#дёӯйҳі+0.02%;3#еӨ§йҳі+0.16%;4#е°Ҹйҳі+0.03%;5#еӨ§йҳі+0.05%,еӨ§йҳҙ
9,5,5,2026-03-19 22:03:00,132280.0,2026-03-19 22:06:00,132130.0,3,-0.11339582703356517,False,0.11339582703356517,True,1#дёӯйҳі+0.02%;2#еӨ§йҳі+0.16%;3#е°Ҹйҳі+0.03%;4#еӨ§йҳі+0.05%;5#еӨ§йҳҙ-0.05%,еӨ§йҳҙ
9,5,5,2026-03-19 22:04:00,132010.0,2026-03-19 22:07:00,131980.0,3,-0.022725551094614046,False,0.022725551094614046,True,1#еӨ§йҳі+0.16%;2#е°Ҹйҳі+0.03%;3#еӨ§йҳі+0.05%;4#еӨ§йҳҙ-0.05%;5#еӨ§йҳҙ-0.09%,дёӯйҳҙ
9,5,5,2026-03-19 22:13:00,132350.0,2026-03-19 22:16:00,132250.0,3,-0.07555723460521345,False,0.07555723460521345,True,1#дёӯйҳҙ-0.07%;2#й•ҝдёӢеҪұйҳі+0.02%;3#дёӯйҳі+0.02%;4#дёӯйҳі+0.05%;5#й•ҝдёӢеҪұйҳі+0.02%,еӨ§йҳҙ
9,5,5,2026-03-19 22:14:00,132240.0,2026-03-19 22:17:00,132330.0,3,0.06805807622504537,True,-0.06805807622504537,False,1#й•ҝдёӢеҪұйҳі+0.02%;2#дёӯйҳі+0.02%;3#дёӯйҳі+0.05%;4#й•ҝдёӢеҪұйҳі+0.02%;5#еӨ§йҳҙ-0.10%,й•ҝдёӢеҪұйҳі
9,5,5,2026-03-19 22:20:00,132710.0,2026-03-19 22:23:00,132650.0,3,-0.045211363122598144,False,0.045211363122598144,True,1#еӨ§йҳҙ-0.04%;2#дёӯйҳі+0.03%;3#й•ҝдёҠеҪұйҳі+0.07%;4#еӨ§йҳі+0.08%;5#еӨ§йҳі+0.13%,еӨ§йҳі
9,5,5,2026-03-19 22:53:00,133100.0,2026-03-19 22:56:00,133550.0,3,0.33809166040571,True,-0.33809166040571,False,1#дёӯйҳҙ-0.05%;2#еӨ§йҳі+0.02%;3#еӨ§йҳі+0.02%;4#еӨ§йҳі+0.08%;5#еӨ§йҳі+0.11%,й•ҝдёӢеҪұйҳі
9,5,5,2026-03-19 22:54:00,133460.0,2026-03-19 22:57:00,133520.0,3,0.04495729057395474,True,-0.04495729057395474,False,1#еӨ§йҳі+0.02%;2#еӨ§йҳі+0.02%;3#еӨ§йҳі+0.08%;4#еӨ§йҳі+0.11%;5#й•ҝдёӢеҪұйҳі+0.02%,й•ҝдёҠеҪұйҳі
9,5,5,2026-03-19 22:55:00,133670.0,2026-03-19 22:58:00,133400.0,3,-0.20198997531233634,False,0.20198997531233634,True,1#еӨ§йҳі+0.02%;2#еӨ§йҳі+0.08%;3#еӨ§йҳі+0.11%;4#й•ҝдёӢеҪұйҳі+0.02%;5#й•ҝдёҠеҪұйҳі+0.01%,еӨ§йҳі
9,5,5,2026-03-19 22:56:00,133550.0,2026-03-19 22:59:00,133530.0,3,-0.014975664545114188,False,0.014975664545114188,True,1#еӨ§йҳі+0.08%;2#еӨ§йҳі+0.11%;3#й•ҝдёӢеҪұйҳі+0.02%;4#й•ҝдёҠеҪұйҳі+0.01%;5#еӨ§йҳі+0.22%,еҚҒеӯ—жҳҹ
9,5,5,2026-03-19 23:05:00,133930.0,2026-03-19 23:08:00,134070.0,3,0.10453221832300455,True,-0.10453221832300455,False,1#еҖ’T+0.00%;2#й•ҝдёҠеҪұйҳі+0.01%;3#й•ҝдёҠеҪұйҳі+0.01%;4#еӨ§йҳі+0.08%;5#еӨ§йҳі+0.12%,дёӯйҳі
9,5,5,2026-03-19 23:06:00,134100.0,2026-03-19 23:09:00,134110.0,3,0.007457121551081283,True,-0.007457121551081283,False,1#й•ҝдёҠеҪұйҳі+0.01%;2#й•ҝдёҠеҪұйҳі+0.01%;3#еӨ§йҳі+0.08%;4#еӨ§йҳі+0.12%;5#дёӯйҳі+0.11%,дёӯйҳі
9,5,5,2026-03-19 23:07:00,134250.0,2026-03-19 23:10:00,133990.0,3,-0.19366852886405958,False,0.19366852886405958,True,1#й•ҝдёҠеҪұйҳі+0.01%;2#еӨ§йҳі+0.08%;3#еӨ§йҳі+0.12%;4#дёӯйҳі+0.11%;5#дёӯйҳі+0.13%,й•ҝдёҠеҪұйҳі
9,5,5,2026-03-19 23:08:00,134070.0,2026-03-19 23:11:00,134000.0,3,-0.05221153128962483,False,0.05221153128962483,True,1#еӨ§йҳі+0.08%;2#еӨ§йҳі+0.12%;3#дёӯйҳі+0.11%;4#дёӯйҳі+0.13%;5#й•ҝдёҠеҪұйҳі+0.10%,еӨ§йҳҙ
9,5,5,2026-03-19 23:47:00,133800.0,2026-03-19 23:50:00,134000.0,3,0.14947683109118087,True,-0.14947683109118087,False,1#дёӯйҳҙ-0.06%;2#е°Ҹйҳі+0.02%;3#еӨ§йҳі+0.08%;4#й•ҝдёҠеҪұйҳі+0.01%;5#еӨ§йҳі+0.19%,еӨ§йҳҙ
9,5,5,2026-03-19 23:52:00,134090.0,2026-03-19 23:55:00,133950.0,3,-0.10440748750838989,False,0.10440748750838989,True,1#еӨ§йҳҙ-0.09%;2#дёӯйҳі+0.03%;3#еӨ§йҳі+0.11%;4#Tеӯ—+0.01%;5#й•ҝдёӢеҪұйҳі+0.01%,й•ҝдёҠеҪұйҳі
9,5,5,2026-03-19 23:53:00,134100.0,2026-03-19 23:56:00,133910.0,3,-0.14168530947054436,False,0.14168530947054436,True,1#дёӯйҳі+0.03%;2#еӨ§йҳі+0.11%;3#Tеӯ—+0.01%;4#й•ҝдёӢеҪұйҳі+0.01%;5#й•ҝдёҠеҪұйҳі+0.05%,й•ҝдёӢеҪұйҳі
9,5,5,2026-03-19 23:54:00,134040.0,2026-03-19 23:57:00,134140.0,3,0.0746045956430916,True,-0.0746045956430916,False,1#еӨ§йҳі+0.11%;2#Tеӯ—+0.01%;3#й•ҝдёӢеҪұйҳі+0.01%;4#й•ҝдёҠеҪұйҳі+0.05%;5#й•ҝдёӢеҪұйҳі+0.01%,дёӯйҳҙ
9,5,5,2026-03-20 00:10:00,134240.0,2026-03-20 00:13:00,134160.0,3,-0.05959475566150178,False,0.05959475566150178,True,1#еӨ§йҳҙ-0.04%;2#еҚҒеӯ—жҳҹ+0.00%;3#дёӯйҳі+0.05%;4#дёӯйҳі+0.13%;5#е°Ҹйҳі+0.01%,дёӯйҳҙ
9,5,5,2026-03-20 09:18:00,135050.0,2026-03-20 09:21:00,134950.0,3,-0.07404664938911515,False,0.07404664938911515,True,1#еӨ§йҳҙ-0.14%;2#й•ҝдёӢеҪұйҳі+0.04%;3#еӨ§йҳі+0.18%;4#дёӯйҳҙ-0.01%;5#й•ҝдёҠеҪұйҳі+0.04%,еӨ§йҳҙ
9,5,5,2026-03-20 09:19:00,135040.0,2026-03-20 09:22:00,135150.0,3,0.08145734597156398,True,-0.08145734597156398,False,1#й•ҝдёӢеҪұйҳі+0.04%;2#еӨ§йҳі+0.18%;3#дёӯйҳҙ-0.01%;4#й•ҝдёҠеҪұйҳі+0.04%;5#еӨ§йҳҙ-0.06%,й•ҝдёӢеҪұйҳҙ
9,5,5,2026-03-20 10:36:00,134850.0,2026-03-20 10:39:00,134640.0,3,-0.1557285873192436,False,0.1557285873192436,True,1#й•ҝдёҠеҪұйҳҙ-0.04%;2#еҚҒеӯ—жҳҹ-0.01%;3#й•ҝдёӢеҪұйҳі+0.02%;4#дёӯйҳҙ-0.03%;5#дёӯйҳі+0.04%,дёӯйҳі
9,5,5,2026-03-20 10:37:00,134770.0,2026-03-20 10:40:00,134730.0,3,-0.029680195889292868,False,0.029680195889292868,True,1#еҚҒеӯ—жҳҹ-0.01%;2#й•ҝдёӢеҪұйҳі+0.02%;3#дёӯйҳҙ-0.03%;4#дёӯйҳі+0.04%;5#дёӯйҳі+0.03%,дёӯйҳі
9,5,5,2026-03-20 13:57:00,133580.0,2026-03-20 14:00:00,133710.0,3,0.09731995807755653,True,-0.09731995807755653,False,1#еӨ§йҳҙ-0.05%;2#дёӯйҳі+0.02%;3#еӨ§йҳі+0.06%;4#й•ҝдёӢеҪұйҳі+0.01%;5#й•ҝдёӢеҪұйҳі+0.04%,й•ҝдёҠеҪұйҳі
9,5,5,2026-03-20 13:58:00,133540.0,2026-03-20 14:01:00,133840.0,3,0.2246517897259248,True,-0.2246517897259248,False,1#дёӯйҳі+0.02%;2#еӨ§йҳі+0.06%;3#й•ҝдёӢеҪұйҳі+0.01%;4#й•ҝдёӢеҪұйҳі+0.04%;5#й•ҝдёҠеҪұйҳі+0.04%,дёӯйҳҙ
9,5,5,2026-03-20 14:04:00,134110.0,2026-03-20 14:07:00,134050.0,3,-0.044739393035567815,False,0.044739393035567815,True,1#дёӯйҳҙ-0.02%;2#еӨ§йҳі+0.03%;3#еӨ§йҳі+0.10%;4#дёӯйҳі+0.04%;5#дёӯйҳі+0.04%,дёӯйҳі
9,5,5,2026-03-20 14:05:00,134040.0,2026-03-20 14:08:00,133930.0,3,-0.08206505520740077,False,0.08206505520740077,True,1#еӨ§йҳі+0.03%;2#еӨ§йҳі+0.10%;3#дёӯйҳі+0.04%;4#дёӯйҳі+0.04%;5#дёӯйҳі+0.10%,дёӯйҳі
9,5,5,2026-03-20 14:53:00,133400.0,2026-03-20 14:56:00,133270.0,3,-0.09745127436281859,False,0.09745127436281859,True,1#еӨ§йҳҙ-0.16%;2#й•ҝдёӢеҪұйҳі+0.02%;3#е°Ҹйҳі+0.01%;4#й•ҝдёҠеҪұйҳі+0.04%;5#дёӯйҳі+0.03%,дёӯйҳҙ
9,5,5,2026-03-20 22:41:00,133760.0,2026-03-20 22:44:00,133490.0,3,-0.20185406698564595,False,0.20185406698564595,True,1#еӨ§йҳҙ-0.07%;2#дёӯйҳі+0.04%;3#й•ҝдёӢеҪұйҳі+0.01%;4#дёӯйҳі+0.02%;5#еӨ§йҳі+0.07%,дёӯйҳі
9,5,5,2026-03-20 22:42:00,133570.0,2026-03-20 22:45:00,133570.0,3,0.0,False,0.0,False,1#дёӯйҳі+0.04%;2#й•ҝдёӢеҪұйҳі+0.01%;3#дёӯйҳі+0.02%;4#еӨ§йҳі+0.07%;5#дёӯйҳі+0.06%,еӨ§йҳҙ
9,5,5,2026-03-20 22:55:00,134030.0,2026-03-20 22:58:00,133920.0,3,-0.08207117809445647,False,0.08207117809445647,True,1#дёӯйҳҙ-0.04%;2#й•ҝдёҠеҪұйҳі+0.01%;3#еӨ§йҳі+0.10%;4#е°Ҹйҳі+0.02%;5#еӨ§йҳі+0.19%,еӨ§йҳҙ
9,5,5,2026-03-20 23:14:00,134080.0,2026-03-20 23:17:00,133850.0,3,-0.17153937947494033,False,0.17153937947494033,True,1#еӨ§йҳҙ-0.09%;2#й•ҝдёӢеҪұйҳі+0.01%;3#дёӯйҳі+0.03%;4#й•ҝдёӢеҪұйҳі+0.02%;5#дёӯйҳі+0.05%,й•ҝдёӢеҪұйҳі
9,5,5,2026-03-20 23:15:00,134000.0,2026-03-20 23:18:00,133940.0,3,-0.04477611940298507,False,0.04477611940298507,True,1#й•ҝдёӢеҪұйҳі+0.01%;2#дёӯйҳі+0.03%;3#й•ҝдёӢеҪұйҳі+0.02%;4#дёӯйҳі+0.05%;5#й•ҝдёӢеҪұйҳі+0.04%,еӨ§йҳҙ
9,5,5,2026-03-20 23:32:00,134090.0,2026-03-20 23:35:00,134240.0,3,0.11186516518756061,True,-0.11186516518756061,False,1#дёӯйҳҙ-0.03%;2#еӨ§йҳі+0.07%;3#еҖ’T+0.01%;4#дёӯйҳі+0.03%;5#дёӯйҳі+0.02%,е°Ҹйҳҙ
9,5,5,2026-03-20 23:56:00,133960.0,2026-03-20 23:59:00,134070.0,3,0.08211406389967153,True,-0.08211406389967153,False,1#дёӯйҳҙ-0.04%;2#еӨ§йҳі+0.08%;3#дёӯйҳі+0.03%;4#еӨ§йҳі+0.06%;5#еӨ§йҳі+0.06%,еӨ§йҳҙ
9,5,5,2026-03-21 00:36:00,134320.0,2026-03-21 00:39:00,134250.0,3,-0.0521143537820131,False,0.0521143537820131,True,1#й•ҝдёӢеҪұйҳҙ-0.01%;2#й•ҝдёҠеҪұйҳі+0.01%;3#дёӯйҳі+0.02%;4#е°Ҹйҳі+0.01%;5#Tеӯ—+0.00%,еҖ’T
10,5,5,2026-03-19 00:10:00,134290.0,2026-03-19 00:14:00,134320.0,4,0.02233971256236503,True,-0.02233971256236503,False,1#еӨ§йҳҙ-0.03%;2#й•ҝдёҠеҪұйҳі+0.01%;3#еӨ§йҳі+0.03%;4#й•ҝдёҠеҪұйҳі+0.02%;5#й•ҝдёӢеҪұйҳҙ-0.01%,еӨ§йҳҙ
10,5,5,2026-03-19 00:18:00,134480.0,2026-03-19 00:22:00,134490.0,4,0.0074360499702558,True,-0.0074360499702558,False,1#й•ҝдёӢеҪұйҳҙ-0.01%;2#еӨ§йҳі+0.07%;3#дёӯйҳі+0.01%;4#еӨ§йҳі+0.11%;5#й•ҝдёҠеҪұйҳі+0.01%,еӨ§йҳҙ
10,5,5,2026-03-19 09:51:00,131850.0,2026-03-19 09:55:00,131990.0,4,0.1061812665908229,True,-0.1061812665908229,False,1#еӨ§йҳҙ-0.09%;2#еӨ§йҳі+0.12%;3#еӨ§йҳі+0.08%;4#дёӯйҳі+0.03%;5#дёӯйҳі+0.02%,дёӯйҳҙ
10,5,5,2026-03-19 10:35:00,132120.0,2026-03-19 10:39:00,132160.0,4,0.030275507114744173,True,-0.030275507114744173,False,1#дёӯйҳҙ-0.03%;2#еҚҒеӯ—жҳҹ+0.01%;3#еӨ§йҳі+0.06%;4#еӨ§йҳі+0.06%;5#еӨ§йҳі+0.08%,еҚҒеӯ—жҳҹ
10,5,5,2026-03-19 10:36:00,132250.0,2026-03-19 10:40:00,132180.0,4,-0.05293005671077504,False,0.05293005671077504,True,1#еҚҒеӯ—жҳҹ+0.01%;2#еӨ§йҳі+0.06%;3#еӨ§йҳі+0.06%;4#еӨ§йҳі+0.08%;5#еҚҒеӯ—жҳҹ+0.00%,еӨ§йҳі
10,5,5,2026-03-19 10:37:00,132370.0,2026-03-19 10:41:00,132130.0,4,-0.1813099644934653,False,0.1813099644934653,True,1#еӨ§йҳі+0.06%;2#еӨ§йҳі+0.06%;3#еӨ§йҳі+0.08%;4#еҚҒеӯ—жҳҹ+0.00%;5#еӨ§йҳі+0.10%,еӨ§йҳі
10,5,5,2026-03-19 10:38:00,132300.0,2026-03-19 10:42:00,132200.0,4,-0.07558578987150416,False,0.07558578987150416,True,1#еӨ§йҳі+0.06%;2#еӨ§йҳі+0.08%;3#еҚҒеӯ—жҳҹ+0.00%;4#еӨ§йҳі+0.10%;5#еӨ§йҳі+0.12%,еӨ§йҳҙ
10,5,5,2026-03-19 10:49:00,132270.0,2026-03-19 10:53:00,132270.0,4,0.0,False,0.0,False,1#еӨ§йҳҙ-0.11%;2#дёӯйҳі+0.05%;3#е°Ҹйҳі+0.01%;4#й•ҝдёӢеҪұйҳі+0.02%;5#еӨ§йҳі+0.05%,дёӯйҳҙ
10,5,5,2026-03-19 14:15:00,130800.0,2026-03-19 14:19:00,131020.0,4,0.16819571865443425,True,-0.16819571865443425,False,1#й•ҝдёӢеҪұйҳҙ-0.04%;2#дёӯйҳі+0.08%;3#еӨ§йҳі+0.15%;4#еӨ§йҳі+0.14%;5#еӨ§йҳі+0.08%,е°Ҹйҳі
10,5,5,2026-03-19 14:16:00,130810.0,2026-03-19 14:20:00,131050.0,4,0.18347221160461738,True,-0.18347221160461738,False,1#дёӯйҳі+0.08%;2#еӨ§йҳі+0.15%;3#еӨ§йҳі+0.14%;4#еӨ§йҳі+0.08%;5#е°Ҹйҳі+0.03%,еҚҒеӯ—жҳҹ
10,5,5,2026-03-19 14:17:00,130870.0,2026-03-19 14:21:00,131050.0,4,0.13754107129212195,True,-0.13754107129212195,False,1#еӨ§йҳі+0.15%;2#еӨ§йҳі+0.14%;3#еӨ§йҳі+0.08%;4#е°Ҹйҳі+0.03%;5#еҚҒеӯ—жҳҹ+0.02%,дёӯйҳі
10,5,5,2026-03-19 14:18:00,130920.0,2026-03-19 14:22:00,130970.0,4,0.03819126183929117,True,-0.03819126183929117,False,1#еӨ§йҳі+0.14%;2#еӨ§йҳі+0.08%;3#е°Ҹйҳі+0.03%;4#еҚҒеӯ—жҳҹ+0.02%;5#дёӯйҳі+0.05%,дёӯйҳі
10,5,5,2026-03-19 14:19:00,131020.0,2026-03-19 14:23:00,130820.0,4,-0.1526484506182262,False,0.1526484506182262,True,1#еӨ§йҳі+0.08%;2#е°Ҹйҳі+0.03%;3#еҚҒеӯ—жҳҹ+0.02%;4#дёӯйҳі+0.05%;5#дёӯйҳі+0.06%,дёӯйҳі
10,5,5,2026-03-19 14:20:00,131050.0,2026-03-19 14:24:00,130760.0,4,-0.22128958412819533,False,0.22128958412819533,True,1#е°Ҹйҳі+0.03%;2#еҚҒеӯ—жҳҹ+0.02%;3#дёӯйҳі+0.05%;4#дёӯйҳі+0.06%;5#дёӯйҳі+0.08%,й•ҝдёҠеҪұйҳі
10,5,5,2026-03-19 14:21:00,131050.0,2026-03-19 14:25:00,130940.0,4,-0.08393742846241893,False,0.08393742846241893,True,1#еҚҒеӯ—жҳҹ+0.02%;2#дёӯйҳі+0.05%;3#дёӯйҳі+0.06%;4#дёӯйҳі+0.08%;5#й•ҝдёҠеҪұйҳі+0.02%,Tеӯ—
10,5,5,2026-03-19 14:29:00,131400.0,2026-03-19 14:33:00,131260.0,4,-0.106544901065449,False,0.106544901065449,True,1#дёӯйҳҙ-0.05%;2#еӨ§йҳі+0.13%;3#й•ҝдёӢеҪұйҳі+0.04%;4#дёӯйҳі+0.03%;5#еӨ§йҳі+0.18%,дёӯйҳі
10,5,5,2026-03-19 14:30:00,131570.0,2026-03-19 14:34:00,131390.0,4,-0.13680930303260622,False,0.13680930303260622,True,1#еӨ§йҳі+0.13%;2#й•ҝдёӢеҪұйҳі+0.04%;3#дёӯйҳі+0.03%;4#еӨ§йҳі+0.18%;5#дёӯйҳі+0.11%,еӨ§йҳі
10,5,5,2026-03-19 14:31:00,131610.0,2026-03-19 14:35:00,131460.0,4,-0.11397310234784591,False,0.11397310234784591,True,1#й•ҝдёӢеҪұйҳі+0.04%;2#дёӯйҳі+0.03%;3#еӨ§йҳі+0.18%;4#дёӯйҳі+0.11%;5#еӨ§йҳі+0.13%,й•ҝдёӢеҪұйҳі
10,5,5,2026-03-19 14:32:00,131490.0,2026-03-19 14:36:00,131200.0,4,-0.2205490911856415,False,0.2205490911856415,True,1#дёӯйҳі+0.03%;2#еӨ§йҳі+0.18%;3#дёӯйҳі+0.11%;4#еӨ§йҳі+0.13%;5#й•ҝдёӢеҪұйҳі+0.04%,еӨ§йҳҙ
10,5,5,2026-03-19 14:56:00,131390.0,2026-03-19 15:00:00,131550.0,4,0.12177486871146968,True,-0.12177486871146968,False,1#й•ҝдёӢеҪұйҳҙ-0.02%;2#дёӯйҳі+0.03%;3#еӨ§йҳі+0.08%;4#еӨ§йҳі+0.08%;5#еӨ§йҳі+0.10%,й•ҝдёӢеҪұйҳі
10,5,5,2026-03-19 14:57:00,131430.0,2026-03-19 21:01:00,129230.0,4,-1.673894848969033,False,1.673894848969033,True,1#дёӯйҳі+0.03%;2#еӨ§йҳі+0.08%;3#еӨ§йҳі+0.08%;4#еӨ§йҳі+0.10%;5#й•ҝдёӢеҪұйҳі+0.05%,дёӯйҳі
10,5,5,2026-03-19 14:58:00,131460.0,2026-03-19 21:02:00,129370.0,4,-1.5898372128404077,False,1.5898372128404077,True,1#еӨ§йҳі+0.08%;2#еӨ§йҳі+0.08%;3#еӨ§йҳі+0.10%;4#й•ҝдёӢеҪұйҳі+0.05%;5#дёӯйҳі+0.05%,дёӯйҳі
10,5,5,2026-03-19 14:59:00,131510.0,2026-03-19 21:03:00,128990.0,4,-1.9162040909436544,False,1.9162040909436544,True,1#еӨ§йҳі+0.08%;2#еӨ§йҳі+0.10%;3#й•ҝдёӢеҪұйҳі+0.05%;4#дёӯйҳі+0.05%;5#дёӯйҳі+0.03%,еӨ§йҳі
10,5,5,2026-03-19 15:00:00,131550.0,2026-03-19 21:04:00,129170.0,4,-1.8091980235651843,False,1.8091980235651843,True,1#еӨ§йҳі+0.10%;2#й•ҝдёӢеҪұйҳі+0.05%;3#дёӯйҳі+0.05%;4#дёӯйҳі+0.03%;5#еӨ§йҳі+0.08%,дёҖеӯ—жқҝ
10,5,5,2026-03-19 21:01:00,129230.0,2026-03-19 21:05:00,129640.0,4,0.31726379323686454,True,-0.31726379323686454,False,1#й•ҝдёӢеҪұйҳі+0.05%;2#дёӯйҳі+0.05%;3#дёӯйҳі+0.03%;4#еӨ§йҳі+0.08%;5#дёҖеӯ—жқҝ+0.00%,й•ҝдёӢеҪұйҳі
10,5,5,2026-03-19 21:17:00,129930.0,2026-03-19 21:21:00,130480.0,4,0.4233048564611714,True,-0.4233048564611714,False,1#еҖ’T+0.00%;2#дёӯйҳі+0.13%;3#й•ҝдёӢеҪұйҳі+0.03%;4#еӨ§йҳі+0.09%;5#дёӯйҳі+0.04%,еӨ§йҳі
10,5,5,2026-03-19 21:18:00,130100.0,2026-03-19 21:22:00,130330.0,4,0.1767870868562644,True,-0.1767870868562644,False,1#дёӯйҳі+0.13%;2#й•ҝдёӢеҪұйҳі+0.03%;3#еӨ§йҳі+0.09%;4#дёӯйҳі+0.04%;5#еӨ§йҳі+0.07%,еӨ§йҳі
10,5,5,2026-03-19 21:19:00,130150.0,2026-03-19 21:23:00,130310.0,4,0.12293507491356129,True,-0.12293507491356129,False,1#й•ҝдёӢеҪұйҳі+0.03%;2#еӨ§йҳі+0.09%;3#дёӯйҳі+0.04%;4#еӨ§йҳі+0.07%;5#еӨ§йҳі+0.12%,й•ҝдёҠеҪұйҳі
10,5,5,2026-03-19 21:20:00,130290.0,2026-03-19 21:24:00,130250.0,4,-0.030700744493053954,False,0.030700744493053954,True,1#еӨ§йҳі+0.09%;2#дёӯйҳі+0.04%;3#еӨ§йҳі+0.07%;4#еӨ§йҳі+0.12%;5#й•ҝдёҠеҪұйҳі+0.02%,дёӯйҳі
10,5,5,2026-03-19 21:21:00,130480.0,2026-03-19 21:25:00,130420.0,4,-0.04598405885959534,False,0.04598405885959534,True,1#дёӯйҳі+0.04%;2#еӨ§йҳі+0.07%;3#еӨ§йҳі+0.12%;4#й•ҝдёҠеҪұйҳі+0.02%;5#дёӯйҳі+0.12%,й•ҝдёҠеҪұйҳі
10,5,5,2026-03-19 21:22:00,130330.0,2026-03-19 21:26:00,130350.0,4,0.015345661014348195,True,-0.015345661014348195,False,1#еӨ§йҳі+0.07%;2#еӨ§йҳі+0.12%;3#й•ҝдёҠеҪұйҳі+0.02%;4#дёӯйҳі+0.12%;5#й•ҝдёҠеҪұйҳі+0.01%,дёӯйҳҙ
10,5,5,2026-03-19 21:54:00,131250.0,2026-03-19 21:58:00,131550.0,4,0.2285714285714286,True,-0.2285714285714286,False,1#еӨ§йҳҙ-0.08%;2#еӨ§йҳі+0.13%;3#е°Ҹйҳі+0.01%;4#еӨ§йҳі+0.08%;5#еӨ§йҳі+0.11%,дёӯйҳі
10,5,5,2026-03-19 21:55:00,131300.0,2026-03-19 21:59:00,131710.0,4,0.3122619954303123,True,-0.3122619954303123,False,1#еӨ§йҳі+0.13%;2#е°Ҹйҳі+0.01%;3#еӨ§йҳі+0.08%;4#еӨ§йҳі+0.11%;5#дёӯйҳі+0.02%,дёӯйҳі
10,5,5,2026-03-19 21:56:00,131400.0,2026-03-19 22:00:00,131750.0,4,0.2663622526636225,True,-0.2663622526636225,False,1#е°Ҹйҳі+0.01%;2#еӨ§йҳі+0.08%;3#еӨ§йҳі+0.11%;4#дёӯйҳі+0.02%;5#дёӯйҳі+0.04%,еҚҒеӯ—жҳҹ
10,5,5,2026-03-19 21:57:00,131440.0,2026-03-19 22:01:00,131820.0,4,0.28910529519172246,True,-0.28910529519172246,False,1#еӨ§йҳі+0.08%;2#еӨ§йҳі+0.11%;3#дёӯйҳі+0.02%;4#дёӯйҳі+0.04%;5#еҚҒеӯ—жҳҹ+0.00%,й•ҝдёҠеҪұйҳі
10,5,5,2026-03-19 21:58:00,131550.0,2026-03-19 22:02:00,132220.0,4,0.5093120486507031,True,-0.5093120486507031,False,1#еӨ§йҳі+0.11%;2#дёӯйҳі+0.02%;3#дёӯйҳі+0.04%;4#еҚҒеӯ—жҳҹ+0.00%;5#й•ҝдёҠеҪұйҳі+0.03%,дёӯйҳі
10,5,5,2026-03-19 21:59:00,131710.0,2026-03-19 22:03:00,132280.0,4,0.4327689621137347,True,-0.4327689621137347,False,1#дёӯйҳі+0.02%;2#дёӯйҳі+0.04%;3#еҚҒеӯ—жҳҹ+0.00%;4#й•ҝдёҠеҪұйҳі+0.03%;5#дёӯйҳі+0.02%,еӨ§йҳі
10,5,5,2026-03-19 22:00:00,131750.0,2026-03-19 22:04:00,132010.0,4,0.19734345351043645,True,-0.19734345351043645,False,1#дёӯйҳі+0.04%;2#еҚҒеӯ—жҳҹ+0.00%;3#й•ҝдёҠеҪұйҳі+0.03%;4#дёӯйҳі+0.02%;5#еӨ§йҳі+0.16%,е°Ҹйҳі
10,5,5,2026-03-19 22:01:00,131820.0,2026-03-19 22:05:00,131910.0,4,0.06827492034592626,True,-0.06827492034592626,False,1#еҚҒеӯ—жҳҹ+0.00%;2#й•ҝдёҠеҪұйҳі+0.03%;3#дёӯйҳі+0.02%;4#еӨ§йҳі+0.16%;5#е°Ҹйҳі+0.03%,еӨ§йҳі
10,5,5,2026-03-19 22:02:00,132220.0,2026-03-19 22:06:00,132130.0,4,-0.06806837089698987,False,0.06806837089698987,True,1#й•ҝдёҠеҪұйҳі+0.03%;2#дёӯйҳі+0.02%;3#еӨ§йҳі+0.16%;4#е°Ҹйҳі+0.03%;5#еӨ§йҳі+0.05%,еӨ§йҳҙ
10,5,5,2026-03-19 22:03:00,132280.0,2026-03-19 22:07:00,131980.0,4,-0.22679165406713034,False,0.22679165406713034,True,1#дёӯйҳі+0.02%;2#еӨ§йҳі+0.16%;3#е°Ҹйҳі+0.03%;4#еӨ§йҳі+0.05%;5#еӨ§йҳҙ-0.05%,еӨ§йҳҙ
10,5,5,2026-03-19 22:04:00,132010.0,2026-03-19 22:08:00,131930.0,4,-0.060601469585637446,False,0.060601469585637446,True,1#еӨ§йҳі+0.16%;2#е°Ҹйҳі+0.03%;3#еӨ§йҳі+0.05%;4#еӨ§йҳҙ-0.05%;5#еӨ§йҳҙ-0.09%,дёӯйҳҙ
10,5,5,2026-03-19 22:13:00,132350.0,2026-03-19 22:17:00,132330.0,4,-0.01511144692104269,False,0.01511144692104269,True,1#дёӯйҳҙ-0.07%;2#й•ҝдёӢеҪұйҳі+0.02%;3#дёӯйҳі+0.02%;4#дёӯйҳі+0.05%;5#й•ҝдёӢеҪұйҳі+0.02%,еӨ§йҳҙ
10,5,5,2026-03-19 22:14:00,132240.0,2026-03-19 22:18:00,132430.0,4,0.14367816091954022,True,-0.14367816091954022,False,1#й•ҝдёӢеҪұйҳі+0.02%;2#дёӯйҳі+0.02%;3#дёӯйҳі+0.05%;4#й•ҝдёӢеҪұйҳі+0.02%;5#еӨ§йҳҙ-0.10%,й•ҝдёӢеҪұйҳі
10,5,5,2026-03-19 22:20:00,132710.0,2026-03-19 22:24:00,132420.0,4,-0.21852158842589103,False,0.21852158842589103,True,1#еӨ§йҳҙ-0.04%;2#дёӯйҳі+0.03%;3#й•ҝдёҠеҪұйҳі+0.07%;4#еӨ§йҳі+0.08%;5#еӨ§йҳі+0.13%,еӨ§йҳі
10,5,5,2026-03-19 22:53:00,133100.0,2026-03-19 22:57:00,133520.0,4,0.31555221637866265,True,-0.31555221637866265,False,1#дёӯйҳҙ-0.05%;2#еӨ§йҳі+0.02%;3#еӨ§йҳі+0.02%;4#еӨ§йҳі+0.08%;5#еӨ§йҳі+0.11%,й•ҝдёӢеҪұйҳі
10,5,5,2026-03-19 22:54:00,133460.0,2026-03-19 22:58:00,133400.0,4,-0.04495729057395474,False,0.04495729057395474,True,1#еӨ§йҳі+0.02%;2#еӨ§йҳі+0.02%;3#еӨ§йҳі+0.08%;4#еӨ§йҳі+0.11%;5#й•ҝдёӢеҪұйҳі+0.02%,й•ҝдёҠеҪұйҳі
10,5,5,2026-03-19 22:55:00,133670.0,2026-03-19 22:59:00,133530.0,4,-0.10473554275454476,False,0.10473554275454476,True,1#еӨ§йҳі+0.02%;2#еӨ§йҳі+0.08%;3#еӨ§йҳі+0.11%;4#й•ҝдёӢеҪұйҳі+0.02%;5#й•ҝдёҠеҪұйҳі+0.01%,еӨ§йҳі
10,5,5,2026-03-19 22:56:00,133550.0,2026-03-19 23:00:00,133470.0,4,-0.05990265818045675,False,0.05990265818045675,True,1#еӨ§йҳі+0.08%;2#еӨ§йҳі+0.11%;3#й•ҝдёӢеҪұйҳі+0.02%;4#й•ҝдёҠеҪұйҳі+0.01%;5#еӨ§йҳі+0.22%,еҚҒеӯ—жҳҹ
10,5,5,2026-03-19 23:05:00,133930.0,2026-03-19 23:09:00,134110.0,4,0.13439856641529158,True,-0.13439856641529158,False,1#еҖ’T+0.00%;2#й•ҝдёҠеҪұйҳі+0.01%;3#й•ҝдёҠеҪұйҳі+0.01%;4#еӨ§йҳі+0.08%;5#еӨ§йҳі+0.12%,дёӯйҳі
10,5,5,2026-03-19 23:06:00,134100.0,2026-03-19 23:10:00,133990.0,4,-0.08202833706189411,False,0.08202833706189411,True,1#й•ҝдёҠеҪұйҳі+0.01%;2#й•ҝдёҠеҪұйҳі+0.01%;3#еӨ§йҳі+0.08%;4#еӨ§йҳі+0.12%;5#дёӯйҳі+0.11%,дёӯйҳі
10,5,5,2026-03-19 23:07:00,134250.0,2026-03-19 23:11:00,134000.0,4,-0.186219739292365,False,0.186219739292365,True,1#й•ҝдёҠеҪұйҳі+0.01%;2#еӨ§йҳі+0.08%;3#еӨ§йҳі+0.12%;4#дёӯйҳі+0.11%;5#дёӯйҳі+0.13%,й•ҝдёҠеҪұйҳі
10,5,5,2026-03-19 23:08:00,134070.0,2026-03-19 23:12:00,133910.0,4,-0.11934064294771389,False,0.11934064294771389,True,1#еӨ§йҳі+0.08%;2#еӨ§йҳі+0.12%;3#дёӯйҳі+0.11%;4#дёӯйҳі+0.13%;5#й•ҝдёҠеҪұйҳі+0.10%,еӨ§йҳҙ
10,5,5,2026-03-19 23:47:00,133800.0,2026-03-19 23:51:00,134010.0,4,0.1569506726457399,True,-0.1569506726457399,False,1#дёӯйҳҙ-0.06%;2#е°Ҹйҳі+0.02%;3#еӨ§йҳі+0.08%;4#й•ҝдёҠеҪұйҳі+0.01%;5#еӨ§йҳі+0.19%,еӨ§йҳҙ
10,5,5,2026-03-19 23:52:00,134090.0,2026-03-19 23:56:00,133910.0,4,-0.1342381982250727,False,0.1342381982250727,True,1#еӨ§йҳҙ-0.09%;2#дёӯйҳі+0.03%;3#еӨ§йҳі+0.11%;4#Tеӯ—+0.01%;5#й•ҝдёӢеҪұйҳі+0.01%,й•ҝдёҠеҪұйҳі
10,5,5,2026-03-19 23:53:00,134100.0,2026-03-19 23:57:00,134140.0,4,0.02982848620432513,True,-0.02982848620432513,False,1#дёӯйҳі+0.03%;2#еӨ§йҳі+0.11%;3#Tеӯ—+0.01%;4#й•ҝдёӢеҪұйҳі+0.01%;5#й•ҝдёҠеҪұйҳі+0.05%,й•ҝдёӢеҪұйҳі
10,5,5,2026-03-19 23:54:00,134040.0,2026-03-19 23:58:00,134030.0,4,-0.007460459564309162,False,0.007460459564309162,True,1#еӨ§йҳі+0.11%;2#Tеӯ—+0.01%;3#й•ҝдёӢеҪұйҳі+0.01%;4#й•ҝдёҠеҪұйҳі+0.05%;5#й•ҝдёӢеҪұйҳі+0.01%,дёӯйҳҙ
10,5,5,2026-03-20 00:10:00,134240.0,2026-03-20 00:14:00,134080.0,4,-0.11918951132300357,False,0.11918951132300357,True,1#еӨ§йҳҙ-0.04%;2#еҚҒеӯ—жҳҹ+0.00%;3#дёӯйҳі+0.05%;4#дёӯйҳі+0.13%;5#е°Ҹйҳі+0.01%,дёӯйҳҙ
10,5,5,2026-03-20 09:18:00,135050.0,2026-03-20 09:22:00,135150.0,4,0.07404664938911515,True,-0.07404664938911515,False,1#еӨ§йҳҙ-0.14%;2#й•ҝдёӢеҪұйҳі+0.04%;3#еӨ§йҳі+0.18%;4#дёӯйҳҙ-0.01%;5#й•ҝдёҠеҪұйҳі+0.04%,еӨ§йҳҙ
10,5,5,2026-03-20 09:19:00,135040.0,2026-03-20 09:23:00,135460.0,4,0.31101895734597157,True,-0.31101895734597157,False,1#й•ҝдёӢеҪұйҳі+0.04%;2#еӨ§йҳі+0.18%;3#дёӯйҳҙ-0.01%;4#й•ҝдёҠеҪұйҳі+0.04%;5#еӨ§йҳҙ-0.06%,й•ҝдёӢеҪұйҳҙ
10,5,5,2026-03-20 10:36:00,134850.0,2026-03-20 10:40:00,134730.0,4,-0.08898776418242492,False,0.08898776418242492,True,1#й•ҝдёҠеҪұйҳҙ-0.04%;2#еҚҒеӯ—жҳҹ-0.01%;3#й•ҝдёӢеҪұйҳі+0.02%;4#дёӯйҳҙ-0.03%;5#дёӯйҳі+0.04%,дёӯйҳі
10,5,5,2026-03-20 10:37:00,134770.0,2026-03-20 10:41:00,134550.0,4,-0.1632410773911108,False,0.1632410773911108,True,1#еҚҒеӯ—жҳҹ-0.01%;2#й•ҝдёӢеҪұйҳі+0.02%;3#дёӯйҳҙ-0.03%;4#дёӯйҳі+0.04%;5#дёӯйҳі+0.03%,дёӯйҳі
10,5,5,2026-03-20 13:57:00,133580.0,2026-03-20 14:01:00,133840.0,4,0.19463991615511306,True,-0.19463991615511306,False,1#еӨ§йҳҙ-0.05%;2#дёӯйҳі+0.02%;3#еӨ§йҳі+0.06%;4#й•ҝдёӢеҪұйҳі+0.01%;5#й•ҝдёӢеҪұйҳі+0.04%,й•ҝдёҠеҪұйҳі
10,5,5,2026-03-20 13:58:00,133540.0,2026-03-20 14:02:00,133900.0,4,0.2695821476711098,True,-0.2695821476711098,False,1#дёӯйҳі+0.02%;2#еӨ§йҳі+0.06%;3#й•ҝдёӢеҪұйҳі+0.01%;4#й•ҝдёӢеҪұйҳі+0.04%;5#й•ҝдёҠеҪұйҳі+0.04%,дёӯйҳҙ
10,5,5,2026-03-20 14:04:00,134110.0,2026-03-20 14:08:00,133930.0,4,-0.13421817910670347,False,0.13421817910670347,True,1#дёӯйҳҙ-0.02%;2#еӨ§йҳі+0.03%;3#еӨ§йҳі+0.10%;4#дёӯйҳі+0.04%;5#дёӯйҳі+0.04%,дёӯйҳі
10,5,5,2026-03-20 14:05:00,134040.0,2026-03-20 14:09:00,133820.0,4,-0.16413011041480155,False,0.16413011041480155,True,1#еӨ§йҳі+0.03%;2#еӨ§йҳі+0.10%;3#дёӯйҳі+0.04%;4#дёӯйҳі+0.04%;5#дёӯйҳі+0.10%,дёӯйҳі
10,5,5,2026-03-20 14:53:00,133400.0,2026-03-20 14:57:00,133180.0,4,-0.16491754122938532,False,0.16491754122938532,True,1#еӨ§йҳҙ-0.16%;2#й•ҝдёӢеҪұйҳі+0.02%;3#е°Ҹйҳі+0.01%;4#й•ҝдёҠеҪұйҳі+0.04%;5#дёӯйҳі+0.03%,дёӯйҳҙ
10,5,5,2026-03-20 22:41:00,133760.0,2026-03-20 22:45:00,133570.0,4,-0.14204545454545456,False,0.14204545454545456,True,1#еӨ§йҳҙ-0.07%;2#дёӯйҳі+0.04%;3#й•ҝдёӢеҪұйҳі+0.01%;4#дёӯйҳі+0.02%;5#еӨ§йҳі+0.07%,дёӯйҳі
10,5,5,2026-03-20 22:42:00,133570.0,2026-03-20 22:46:00,133590.0,4,0.01497342217563824,True,-0.01497342217563824,False,1#дёӯйҳі+0.04%;2#й•ҝдёӢеҪұйҳі+0.01%;3#дёӯйҳі+0.02%;4#еӨ§йҳі+0.07%;5#дёӯйҳі+0.06%,еӨ§йҳҙ
10,5,5,2026-03-20 22:55:00,134030.0,2026-03-20 22:59:00,133870.0,4,-0.11937625904648212,False,0.11937625904648212,True,1#дёӯйҳҙ-0.04%;2#й•ҝдёҠеҪұйҳі+0.01%;3#еӨ§йҳі+0.10%;4#е°Ҹйҳі+0.02%;5#еӨ§йҳі+0.19%,еӨ§йҳҙ
10,5,5,2026-03-20 23:14:00,134080.0,2026-03-20 23:18:00,133940.0,4,-0.10441527446300716,False,0.10441527446300716,True,1#еӨ§йҳҙ-0.09%;2#й•ҝдёӢеҪұйҳі+0.01%;3#дёӯйҳі+0.03%;4#й•ҝдёӢеҪұйҳі+0.02%;5#дёӯйҳі+0.05%,й•ҝдёӢеҪұйҳі
10,5,5,2026-03-20 23:15:00,134000.0,2026-03-20 23:19:00,133900.0,4,-0.0746268656716418,False,0.0746268656716418,True,1#й•ҝдёӢеҪұйҳі+0.01%;2#дёӯйҳі+0.03%;3#й•ҝдёӢеҪұйҳі+0.02%;4#дёӯйҳі+0.05%;5#й•ҝдёӢеҪұйҳі+0.04%,еӨ§йҳҙ
10,5,5,2026-03-20 23:32:00,134090.0,2026-03-20 23:36:00,134200.0,4,0.08203445447087777,True,-0.08203445447087777,False,1#дёӯйҳҙ-0.03%;2#еӨ§йҳі+0.07%;3#еҖ’T+0.01%;4#дёӯйҳі+0.03%;5#дёӯйҳі+0.02%,е°Ҹйҳҙ
10,5,5,2026-03-20 23:56:00,133960.0,2026-03-21 00:01:00,134020.0,4,0.044789489399820845,True,-0.044789489399820845,False,1#дёӯйҳҙ-0.04%;2#еӨ§йҳі+0.08%;3#дёӯйҳі+0.03%;4#еӨ§йҳі+0.06%;5#еӨ§йҳі+0.06%,еӨ§йҳҙ
10,5,5,2026-03-21 00:36:00,134320.0,2026-03-21 00:40:00,134270.0,4,-0.037224538415723644,False,0.037224538415723644,True,1#й•ҝдёӢеҪұйҳҙ-0.01%;2#й•ҝдёҠеҪұйҳі+0.01%;3#дёӯйҳі+0.02%;4#е°Ҹйҳі+0.01%;5#Tеӯ—+0.00%,еҖ’T
11,5,5,2026-03-19 00:10:00,134290.0,2026-03-19 00:15:00,134340.0,5,0.037232854270608386,True,-0.037232854270608386,False,1#еӨ§йҳҙ-0.03%;2#й•ҝдёҠеҪұйҳі+0.01%;3#еӨ§йҳі+0.03%;4#й•ҝдёҠеҪұйҳі+0.02%;5#й•ҝдёӢеҪұйҳҙ-0.01%,еӨ§йҳҙ
11,5,5,2026-03-19 00:18:00,134480.0,2026-03-19 00:23:00,134600.0,5,0.0892325996430696,True,-0.0892325996430696,False,1#й•ҝдёӢеҪұйҳҙ-0.01%;2#еӨ§йҳі+0.07%;3#дёӯйҳі+0.01%;4#еӨ§йҳі+0.11%;5#й•ҝдёҠеҪұйҳі+0.01%,еӨ§йҳҙ
11,5,5,2026-03-19 09:51:00,131850.0,2026-03-19 09:56:00,131880.0,5,0.022753128555176336,True,-0.022753128555176336,False,1#еӨ§йҳҙ-0.09%;2#еӨ§йҳі+0.12%;3#еӨ§йҳі+0.08%;4#дёӯйҳі+0.03%;5#дёӯйҳі+0.02%,дёӯйҳҙ
11,5,5,2026-03-19 10:35:00,132120.0,2026-03-19 10:40:00,132180.0,5,0.045413260672116255,True,-0.045413260672116255,False,1#дёӯйҳҙ-0.03%;2#еҚҒеӯ—жҳҹ+0.01%;3#еӨ§йҳі+0.06%;4#еӨ§йҳі+0.06%;5#еӨ§йҳі+0.08%,еҚҒеӯ—жҳҹ
11,5,5,2026-03-19 10:36:00,132250.0,2026-03-19 10:41:00,132130.0,5,-0.09073724007561437,False,0.09073724007561437,True,1#еҚҒеӯ—жҳҹ+0.01%;2#еӨ§йҳі+0.06%;3#еӨ§йҳі+0.06%;4#еӨ§йҳі+0.08%;5#еҚҒеӯ—жҳҹ+0.00%,еӨ§йҳі
11,5,5,2026-03-19 10:37:00,132370.0,2026-03-19 10:42:00,132200.0,5,-0.12842789151620457,False,0.12842789151620457,True,1#еӨ§йҳі+0.06%;2#еӨ§йҳі+0.06%;3#еӨ§йҳі+0.08%;4#еҚҒеӯ—жҳҹ+0.00%;5#еӨ§йҳі+0.10%,еӨ§йҳі
11,5,5,2026-03-19 10:38:00,132300.0,2026-03-19 10:43:00,132260.0,5,-0.030234315948601664,False,0.030234315948601664,True,1#еӨ§йҳі+0.06%;2#еӨ§йҳі+0.08%;3#еҚҒеӯ—жҳҹ+0.00%;4#еӨ§йҳі+0.10%;5#еӨ§йҳі+0.12%,еӨ§йҳҙ
11,5,5,2026-03-19 10:49:00,132270.0,2026-03-19 10:54:00,132410.0,5,0.10584410675134195,True,-0.10584410675134195,False,1#еӨ§йҳҙ-0.11%;2#дёӯйҳі+0.05%;3#е°Ҹйҳі+0.01%;4#й•ҝдёӢеҪұйҳі+0.02%;5#еӨ§йҳі+0.05%,дёӯйҳҙ
11,5,5,2026-03-19 14:15:00,130800.0,2026-03-19 14:20:00,131050.0,5,0.191131498470948,True,-0.191131498470948,False,1#й•ҝдёӢеҪұйҳҙ-0.04%;2#дёӯйҳі+0.08%;3#еӨ§йҳі+0.15%;4#еӨ§йҳі+0.14%;5#еӨ§йҳі+0.08%,е°Ҹйҳі
11,5,5,2026-03-19 14:16:00,130810.0,2026-03-19 14:21:00,131050.0,5,0.18347221160461738,True,-0.18347221160461738,False,1#дёӯйҳі+0.08%;2#еӨ§йҳі+0.15%;3#еӨ§йҳі+0.14%;4#еӨ§йҳі+0.08%;5#е°Ҹйҳі+0.03%,еҚҒеӯ—жҳҹ
11,5,5,2026-03-19 14:17:00,130870.0,2026-03-19 14:22:00,130970.0,5,0.07641170627340109,True,-0.07641170627340109,False,1#еӨ§йҳі+0.15%;2#еӨ§йҳі+0.14%;3#еӨ§йҳі+0.08%;4#е°Ҹйҳі+0.03%;5#еҚҒеӯ—жҳҹ+0.02%,дёӯйҳі
11,5,5,2026-03-19 14:18:00,130920.0,2026-03-19 14:23:00,130820.0,5,-0.07638252367858234,False,0.07638252367858234,True,1#еӨ§йҳі+0.14%;2#еӨ§йҳі+0.08%;3#е°Ҹйҳі+0.03%;4#еҚҒеӯ—жҳҹ+0.02%;5#дёӯйҳі+0.05%,дёӯйҳі
11,5,5,2026-03-19 14:19:00,131020.0,2026-03-19 14:24:00,130760.0,5,-0.19844298580369407,False,0.19844298580369407,True,1#еӨ§йҳі+0.08%;2#е°Ҹйҳі+0.03%;3#еҚҒеӯ—жҳҹ+0.02%;4#дёӯйҳі+0.05%;5#дёӯйҳі+0.06%,дёӯйҳі
11,5,5,2026-03-19 14:20:00,131050.0,2026-03-19 14:25:00,130940.0,5,-0.08393742846241893,False,0.08393742846241893,True,1#е°Ҹйҳі+0.03%;2#еҚҒеӯ—жҳҹ+0.02%;3#дёӯйҳі+0.05%;4#дёӯйҳі+0.06%;5#дёӯйҳі+0.08%,й•ҝдёҠеҪұйҳі
11,5,5,2026-03-19 14:21:00,131050.0,2026-03-19 14:26:00,131000.0,5,-0.03815337657382679,False,0.03815337657382679,True,1#еҚҒеӯ—жҳҹ+0.02%;2#дёӯйҳі+0.05%;3#дёӯйҳі+0.06%;4#дёӯйҳі+0.08%;5#й•ҝдёҠеҪұйҳі+0.02%,Tеӯ—
11,5,5,2026-03-19 14:29:00,131400.0,2026-03-19 14:34:00,131390.0,5,-0.007610350076103501,False,0.007610350076103501,True,1#дёӯйҳҙ-0.05%;2#еӨ§йҳі+0.13%;3#й•ҝдёӢеҪұйҳі+0.04%;4#дёӯйҳі+0.03%;5#еӨ§йҳі+0.18%,дёӯйҳі
11,5,5,2026-03-19 14:30:00,131570.0,2026-03-19 14:35:00,131460.0,5,-0.0836056851865927,False,0.0836056851865927,True,1#еӨ§йҳі+0.13%;2#й•ҝдёӢеҪұйҳі+0.04%;3#дёӯйҳі+0.03%;4#еӨ§йҳі+0.18%;5#дёӯйҳі+0.11%,еӨ§йҳі
11,5,5,2026-03-19 14:31:00,131610.0,2026-03-19 14:36:00,131200.0,5,-0.3115264797507788,False,0.3115264797507788,True,1#й•ҝдёӢеҪұйҳі+0.04%;2#дёӯйҳі+0.03%;3#еӨ§йҳі+0.18%;4#дёӯйҳі+0.11%;5#еӨ§йҳі+0.13%,й•ҝдёӢеҪұйҳі
11,5,5,2026-03-19 14:32:00,131490.0,2026-03-19 14:37:00,131250.0,5,-0.18252338580880675,False,0.18252338580880675,True,1#дёӯйҳі+0.03%;2#еӨ§йҳі+0.18%;3#дёӯйҳі+0.11%;4#еӨ§йҳі+0.13%;5#й•ҝдёӢеҪұйҳі+0.04%,еӨ§йҳҙ
11,5,5,2026-03-19 14:56:00,131390.0,2026-03-19 21:01:00,129230.0,5,-1.6439607276048405,False,1.6439607276048405,True,1#й•ҝдёӢеҪұйҳҙ-0.02%;2#дёӯйҳі+0.03%;3#еӨ§йҳі+0.08%;4#еӨ§йҳі+0.08%;5#еӨ§йҳі+0.10%,й•ҝдёӢеҪұйҳі
11,5,5,2026-03-19 14:57:00,131430.0,2026-03-19 21:02:00,129370.0,5,-1.5673742676710036,False,1.5673742676710036,True,1#дёӯйҳі+0.03%;2#еӨ§йҳі+0.08%;3#еӨ§йҳі+0.08%;4#еӨ§йҳі+0.10%;5#й•ҝдёӢеҪұйҳі+0.05%,дёӯйҳі
11,5,5,2026-03-19 14:58:00,131460.0,2026-03-19 21:03:00,128990.0,5,-1.8788985242659362,False,1.8788985242659362,True,1#еӨ§йҳі+0.08%;2#еӨ§йҳі+0.08%;3#еӨ§йҳі+0.10%;4#й•ҝдёӢеҪұйҳі+0.05%;5#дёӯйҳі+0.05%,дёӯйҳі
11,5,5,2026-03-19 14:59:00,131510.0,2026-03-19 21:04:00,129170.0,5,-1.7793323701619648,False,1.7793323701619648,True,1#еӨ§йҳі+0.08%;2#еӨ§йҳі+0.10%;3#й•ҝдёӢеҪұйҳі+0.05%;4#дёӯйҳі+0.05%;5#дёӯйҳі+0.03%,еӨ§йҳі
11,5,5,2026-03-19 15:00:00,131550.0,2026-03-19 21:05:00,129640.0,5,-1.4519194222729002,False,1.4519194222729002,True,1#еӨ§йҳі+0.10%;2#й•ҝдёӢеҪұйҳі+0.05%;3#дёӯйҳі+0.05%;4#дёӯйҳі+0.03%;5#еӨ§йҳі+0.08%,дёҖеӯ—жқҝ
11,5,5,2026-03-19 21:01:00,129230.0,2026-03-19 21:06:00,129870.0,5,0.49524104310144706,True,-0.49524104310144706,False,1#й•ҝдёӢеҪұйҳі+0.05%;2#дёӯйҳі+0.05%;3#дёӯйҳі+0.03%;4#еӨ§йҳі+0.08%;5#дёҖеӯ—жқҝ+0.00%,й•ҝдёӢеҪұйҳі
11,5,5,2026-03-19 21:17:00,129930.0,2026-03-19 21:22:00,130330.0,5,0.3078580774263065,True,-0.3078580774263065,False,1#еҖ’T+0.00%;2#дёӯйҳі+0.13%;3#й•ҝдёӢеҪұйҳі+0.03%;4#еӨ§йҳі+0.09%;5#дёӯйҳі+0.04%,еӨ§йҳі
11,5,5,2026-03-19 21:18:00,130100.0,2026-03-19 21:23:00,130310.0,5,0.1614142966948501,True,-0.1614142966948501,False,1#дёӯйҳі+0.13%;2#й•ҝдёӢеҪұйҳі+0.03%;3#еӨ§йҳі+0.09%;4#дёӯйҳі+0.04%;5#еӨ§йҳі+0.07%,еӨ§йҳі
11,5,5,2026-03-19 21:19:00,130150.0,2026-03-19 21:24:00,130250.0,5,0.0768344218209758,True,-0.0768344218209758,False,1#й•ҝдёӢеҪұйҳі+0.03%;2#еӨ§йҳі+0.09%;3#дёӯйҳі+0.04%;4#еӨ§йҳі+0.07%;5#еӨ§йҳі+0.12%,й•ҝдёҠеҪұйҳі
11,5,5,2026-03-19 21:20:00,130290.0,2026-03-19 21:25:00,130420.0,5,0.09977741960242535,True,-0.09977741960242535,False,1#еӨ§йҳі+0.09%;2#дёӯйҳі+0.04%;3#еӨ§йҳі+0.07%;4#еӨ§йҳі+0.12%;5#й•ҝдёҠеҪұйҳі+0.02%,дёӯйҳі
11,5,5,2026-03-19 21:21:00,130480.0,2026-03-19 21:26:00,130350.0,5,-0.09963212752912325,False,0.09963212752912325,True,1#дёӯйҳі+0.04%;2#еӨ§йҳі+0.07%;3#еӨ§йҳі+0.12%;4#й•ҝдёҠеҪұйҳі+0.02%;5#дёӯйҳі+0.12%,й•ҝдёҠеҪұйҳі
11,5,5,2026-03-19 21:22:00,130330.0,2026-03-19 21:27:00,130500.0,5,0.13043811862195964,True,-0.13043811862195964,False,1#еӨ§йҳі+0.07%;2#еӨ§йҳі+0.12%;3#й•ҝдёҠеҪұйҳі+0.02%;4#дёӯйҳі+0.12%;5#й•ҝдёҠеҪұйҳі+0.01%,дёӯйҳҙ
11,5,5,2026-03-19 21:54:00,131250.0,2026-03-19 21:59:00,131710.0,5,0.35047619047619044,True,-0.35047619047619044,False,1#еӨ§йҳҙ-0.08%;2#еӨ§йҳі+0.13%;3#е°Ҹйҳі+0.01%;4#еӨ§йҳі+0.08%;5#еӨ§йҳі+0.11%,дёӯйҳі
11,5,5,2026-03-19 21:55:00,131300.0,2026-03-19 22:00:00,131750.0,5,0.3427265803503427,True,-0.3427265803503427,False,1#еӨ§йҳі+0.13%;2#е°Ҹйҳі+0.01%;3#еӨ§йҳі+0.08%;4#еӨ§йҳі+0.11%;5#дёӯйҳі+0.02%,дёӯйҳі
11,5,5,2026-03-19 21:56:00,131400.0,2026-03-19 22:01:00,131820.0,5,0.31963470319634707,True,-0.31963470319634707,False,1#е°Ҹйҳі+0.01%;2#еӨ§йҳі+0.08%;3#еӨ§йҳі+0.11%;4#дёӯйҳі+0.02%;5#дёӯйҳі+0.04%,еҚҒеӯ—жҳҹ
11,5,5,2026-03-19 21:57:00,131440.0,2026-03-19 22:02:00,132220.0,5,0.5934266585514303,True,-0.5934266585514303,False,1#еӨ§йҳі+0.08%;2#еӨ§йҳі+0.11%;3#дёӯйҳі+0.02%;4#дёӯйҳі+0.04%;5#еҚҒеӯ—жҳҹ+0.00%,й•ҝдёҠеҪұйҳі
11,5,5,2026-03-19 21:58:00,131550.0,2026-03-19 22:03:00,132280.0,5,0.5549220828582289,True,-0.5549220828582289,False,1#еӨ§йҳі+0.11%;2#дёӯйҳі+0.02%;3#дёӯйҳі+0.04%;4#еҚҒеӯ—жҳҹ+0.00%;5#й•ҝдёҠеҪұйҳі+0.03%,дёӯйҳі
11,5,5,2026-03-19 21:59:00,131710.0,2026-03-19 22:04:00,132010.0,5,0.22777313795459722,True,-0.22777313795459722,False,1#дёӯйҳі+0.02%;2#дёӯйҳі+0.04%;3#еҚҒеӯ—жҳҹ+0.00%;4#й•ҝдёҠеҪұйҳі+0.03%;5#дёӯйҳі+0.02%,еӨ§йҳі
11,5,5,2026-03-19 22:00:00,131750.0,2026-03-19 22:05:00,131910.0,5,0.12144212523719165,True,-0.12144212523719165,False,1#дёӯйҳі+0.04%;2#еҚҒеӯ—жҳҹ+0.00%;3#й•ҝдёҠеҪұйҳі+0.03%;4#дёӯйҳі+0.02%;5#еӨ§йҳі+0.16%,е°Ҹйҳі
11,5,5,2026-03-19 22:01:00,131820.0,2026-03-19 22:06:00,132130.0,5,0.2351691700804127,True,-0.2351691700804127,False,1#еҚҒеӯ—жҳҹ+0.00%;2#й•ҝдёҠеҪұйҳі+0.03%;3#дёӯйҳі+0.02%;4#еӨ§йҳі+0.16%;5#е°Ҹйҳі+0.03%,еӨ§йҳі
11,5,5,2026-03-19 22:02:00,132220.0,2026-03-19 22:07:00,131980.0,5,-0.18151565572530629,False,0.18151565572530629,True,1#й•ҝдёҠеҪұйҳі+0.03%;2#дёӯйҳі+0.02%;3#еӨ§йҳі+0.16%;4#е°Ҹйҳі+0.03%;5#еӨ§йҳі+0.05%,еӨ§йҳҙ
11,5,5,2026-03-19 22:03:00,132280.0,2026-03-19 22:08:00,131930.0,5,-0.26459026307831873,False,0.26459026307831873,True,1#дёӯйҳі+0.02%;2#еӨ§йҳі+0.16%;3#е°Ҹйҳі+0.03%;4#еӨ§йҳі+0.05%;5#еӨ§йҳҙ-0.05%,еӨ§йҳҙ
11,5,5,2026-03-19 22:04:00,132010.0,2026-03-19 22:09:00,131960.0,5,-0.03787591849102341,False,0.03787591849102341,True,1#еӨ§йҳі+0.16%;2#е°Ҹйҳі+0.03%;3#еӨ§йҳі+0.05%;4#еӨ§йҳҙ-0.05%;5#еӨ§йҳҙ-0.09%,дёӯйҳҙ
11,5,5,2026-03-19 22:13:00,132350.0,2026-03-19 22:18:00,132430.0,5,0.06044578768417076,True,-0.06044578768417076,False,1#дёӯйҳҙ-0.07%;2#й•ҝдёӢеҪұйҳі+0.02%;3#дёӯйҳі+0.02%;4#дёӯйҳі+0.05%;5#й•ҝдёӢеҪұйҳі+0.02%,еӨ§йҳҙ
11,5,5,2026-03-19 22:14:00,132240.0,2026-03-19 22:19:00,132740.0,5,0.3781004234724743,True,-0.3781004234724743,False,1#й•ҝдёӢеҪұйҳі+0.02%;2#дёӯйҳі+0.02%;3#дёӯйҳі+0.05%;4#й•ҝдёӢеҪұйҳі+0.02%;5#еӨ§йҳҙ-0.10%,й•ҝдёӢеҪұйҳі
11,5,5,2026-03-19 22:20:00,132710.0,2026-03-19 22:25:00,132570.0,5,-0.10549318061939567,False,0.10549318061939567,True,1#еӨ§йҳҙ-0.04%;2#дёӯйҳі+0.03%;3#й•ҝдёҠеҪұйҳі+0.07%;4#еӨ§йҳі+0.08%;5#еӨ§йҳі+0.13%,еӨ§йҳі
11,5,5,2026-03-19 22:53:00,133100.0,2026-03-19 22:58:00,133400.0,5,0.2253944402704733,True,-0.2253944402704733,False,1#дёӯйҳҙ-0.05%;2#еӨ§йҳі+0.02%;3#еӨ§йҳі+0.02%;4#еӨ§йҳі+0.08%;5#еӨ§йҳі+0.11%,й•ҝдёӢеҪұйҳі
11,5,5,2026-03-19 22:54:00,133460.0,2026-03-19 22:59:00,133530.0,5,0.052450172336280534,True,-0.052450172336280534,False,1#еӨ§йҳі+0.02%;2#еӨ§йҳі+0.02%;3#еӨ§йҳі+0.08%;4#еӨ§йҳі+0.11%;5#й•ҝдёӢеҪұйҳі+0.02%,й•ҝдёҠеҪұйҳі
11,5,5,2026-03-19 22:55:00,133670.0,2026-03-19 23:00:00,133470.0,5,-0.14962220393506398,False,0.14962220393506398,True,1#еӨ§йҳі+0.02%;2#еӨ§йҳі+0.08%;3#еӨ§йҳі+0.11%;4#й•ҝдёӢеҪұйҳі+0.02%;5#й•ҝдёҠеҪұйҳі+0.01%,еӨ§йҳі
11,5,5,2026-03-19 22:56:00,133550.0,2026-03-19 23:01:00,133490.0,5,-0.04492699363534257,False,0.04492699363534257,True,1#еӨ§йҳі+0.08%;2#еӨ§йҳі+0.11%;3#й•ҝдёӢеҪұйҳі+0.02%;4#й•ҝдёҠеҪұйҳі+0.01%;5#еӨ§йҳі+0.22%,еҚҒеӯ—жҳҹ
11,5,5,2026-03-19 23:05:00,133930.0,2026-03-19 23:10:00,133990.0,5,0.044799522138430525,True,-0.044799522138430525,False,1#еҖ’T+0.00%;2#й•ҝдёҠеҪұйҳі+0.01%;3#й•ҝдёҠеҪұйҳі+0.01%;4#еӨ§йҳі+0.08%;5#еӨ§йҳі+0.12%,дёӯйҳі
11,5,5,2026-03-19 23:06:00,134100.0,2026-03-19 23:11:00,134000.0,5,-0.07457121551081282,False,0.07457121551081282,True,1#й•ҝдёҠеҪұйҳі+0.01%;2#й•ҝдёҠеҪұйҳі+0.01%;3#еӨ§йҳі+0.08%;4#еӨ§йҳі+0.12%;5#дёӯйҳі+0.11%,дёӯйҳі
11,5,5,2026-03-19 23:07:00,134250.0,2026-03-19 23:12:00,133910.0,5,-0.2532588454376164,False,0.2532588454376164,True,1#й•ҝдёҠеҪұйҳі+0.01%;2#еӨ§йҳі+0.08%;3#еӨ§йҳі+0.12%;4#дёӯйҳі+0.11%;5#дёӯйҳі+0.13%,й•ҝдёҠеҪұйҳі
11,5,5,2026-03-19 23:08:00,134070.0,2026-03-19 23:13:00,134150.0,5,0.059670321473856945,True,-0.059670321473856945,False,1#еӨ§йҳі+0.08%;2#еӨ§йҳі+0.12%;3#дёӯйҳі+0.11%;4#дёӯйҳі+0.13%;5#й•ҝдёҠеҪұйҳі+0.10%,еӨ§йҳҙ
11,5,5,2026-03-19 23:47:00,133800.0,2026-03-19 23:52:00,134090.0,5,0.21674140508221224,True,-0.21674140508221224,False,1#дёӯйҳҙ-0.06%;2#е°Ҹйҳі+0.02%;3#еӨ§йҳі+0.08%;4#й•ҝдёҠеҪұйҳі+0.01%;5#еӨ§йҳі+0.19%,еӨ§йҳҙ
11,5,5,2026-03-19 23:52:00,134090.0,2026-03-19 23:57:00,134140.0,5,0.03728838839585353,True,-0.03728838839585353,False,1#еӨ§йҳҙ-0.09%;2#дёӯйҳі+0.03%;3#еӨ§йҳі+0.11%;4#Tеӯ—+0.01%;5#й•ҝдёӢеҪұйҳі+0.01%,й•ҝдёҠеҪұйҳі
11,5,5,2026-03-19 23:53:00,134100.0,2026-03-19 23:58:00,134030.0,5,-0.05219985085756898,False,0.05219985085756898,True,1#дёӯйҳі+0.03%;2#еӨ§йҳі+0.11%;3#Tеӯ—+0.01%;4#й•ҝдёӢеҪұйҳі+0.01%;5#й•ҝдёҠеҪұйҳі+0.05%,й•ҝдёӢеҪұйҳі
11,5,5,2026-03-19 23:54:00,134040.0,2026-03-19 23:59:00,134060.0,5,0.014920919128618324,True,-0.014920919128618324,False,1#еӨ§йҳі+0.11%;2#Tеӯ—+0.01%;3#й•ҝдёӢеҪұйҳі+0.01%;4#й•ҝдёҠеҪұйҳі+0.05%;5#й•ҝдёӢеҪұйҳі+0.01%,дёӯйҳҙ
11,5,5,2026-03-20 00:10:00,134240.0,2026-03-20 00:15:00,134020.0,5,-0.16388557806912993,False,0.16388557806912993,True,1#еӨ§йҳҙ-0.04%;2#еҚҒеӯ—жҳҹ+0.00%;3#дёӯйҳі+0.05%;4#дёӯйҳі+0.13%;5#е°Ҹйҳі+0.01%,дёӯйҳҙ
11,5,5,2026-03-20 09:18:00,135050.0,2026-03-20 09:23:00,135460.0,5,0.30359126249537205,True,-0.30359126249537205,False,1#еӨ§йҳҙ-0.14%;2#й•ҝдёӢеҪұйҳі+0.04%;3#еӨ§йҳі+0.18%;4#дёӯйҳҙ-0.01%;5#й•ҝдёҠеҪұйҳі+0.04%,еӨ§йҳҙ
11,5,5,2026-03-20 09:19:00,135040.0,2026-03-20 09:24:00,135380.0,5,0.2517772511848341,True,-0.2517772511848341,False,1#й•ҝдёӢеҪұйҳі+0.04%;2#еӨ§йҳі+0.18%;3#дёӯйҳҙ-0.01%;4#й•ҝдёҠеҪұйҳі+0.04%;5#еӨ§йҳҙ-0.06%,й•ҝдёӢеҪұйҳҙ
11,5,5,2026-03-20 10:36:00,134850.0,2026-03-20 10:41:00,134550.0,5,-0.22246941045606228,False,0.22246941045606228,True,1#й•ҝдёҠеҪұйҳҙ-0.04%;2#еҚҒеӯ—жҳҹ-0.01%;3#й•ҝдёӢеҪұйҳі+0.02%;4#дёӯйҳҙ-0.03%;5#дёӯйҳі+0.04%,дёӯйҳі
11,5,5,2026-03-20 10:37:00,134770.0,2026-03-20 10:42:00,134570.0,5,-0.14840097944646435,False,0.14840097944646435,True,1#еҚҒеӯ—жҳҹ-0.01%;2#й•ҝдёӢеҪұйҳі+0.02%;3#дёӯйҳҙ-0.03%;4#дёӯйҳі+0.04%;5#дёӯйҳі+0.03%,дёӯйҳі
11,5,5,2026-03-20 13:57:00,133580.0,2026-03-20 14:02:00,133900.0,5,0.23955681988321606,True,-0.23955681988321606,False,1#еӨ§йҳҙ-0.05%;2#дёӯйҳі+0.02%;3#еӨ§йҳі+0.06%;4#й•ҝдёӢеҪұйҳі+0.01%;5#й•ҝдёӢеҪұйҳі+0.04%,й•ҝдёҠеҪұйҳі
11,5,5,2026-03-20 13:58:00,133540.0,2026-03-20 14:03:00,133960.0,5,0.31451250561629474,True,-0.31451250561629474,False,1#дёӯйҳі+0.02%;2#еӨ§йҳі+0.06%;3#й•ҝдёӢеҪұйҳі+0.01%;4#й•ҝдёӢеҪұйҳі+0.04%;5#й•ҝдёҠеҪұйҳі+0.04%,дёӯйҳҙ
11,5,5,2026-03-20 14:04:00,134110.0,2026-03-20 14:09:00,133820.0,5,-0.2162403996719111,False,0.2162403996719111,True,1#дёӯйҳҙ-0.02%;2#еӨ§йҳі+0.03%;3#еӨ§йҳі+0.10%;4#дёӯйҳі+0.04%;5#дёӯйҳі+0.04%,дёӯйҳі
11,5,5,2026-03-20 14:05:00,134040.0,2026-03-20 14:10:00,133860.0,5,-0.13428827215756492,False,0.13428827215756492,True,1#еӨ§йҳі+0.03%;2#еӨ§йҳі+0.10%;3#дёӯйҳі+0.04%;4#дёӯйҳі+0.04%;5#дёӯйҳі+0.10%,дёӯйҳі
11,5,5,2026-03-20 14:53:00,133400.0,2026-03-20 14:58:00,133190.0,5,-0.15742128935532235,False,0.15742128935532235,True,1#еӨ§йҳҙ-0.16%;2#й•ҝдёӢеҪұйҳі+0.02%;3#е°Ҹйҳі+0.01%;4#й•ҝдёҠеҪұйҳі+0.04%;5#дёӯйҳі+0.03%,дёӯйҳҙ
11,5,5,2026-03-20 22:41:00,133760.0,2026-03-20 22:46:00,133590.0,5,-0.1270933014354067,False,0.1270933014354067,True,1#еӨ§йҳҙ-0.07%;2#дёӯйҳі+0.04%;3#й•ҝдёӢеҪұйҳі+0.01%;4#дёӯйҳі+0.02%;5#еӨ§йҳі+0.07%,дёӯйҳі
11,5,5,2026-03-20 22:42:00,133570.0,2026-03-20 22:47:00,133640.0,5,0.052406977614733855,True,-0.052406977614733855,False,1#дёӯйҳі+0.04%;2#й•ҝдёӢеҪұйҳі+0.01%;3#дёӯйҳі+0.02%;4#еӨ§йҳі+0.07%;5#дёӯйҳі+0.06%,еӨ§йҳҙ
11,5,5,2026-03-20 22:55:00,134030.0,2026-03-20 23:00:00,133970.0,5,-0.044766097142430794,False,0.044766097142430794,True,1#дёӯйҳҙ-0.04%;2#й•ҝдёҠеҪұйҳі+0.01%;3#еӨ§йҳі+0.10%;4#е°Ҹйҳі+0.02%;5#еӨ§йҳі+0.19%,еӨ§йҳҙ
11,5,5,2026-03-20 23:14:00,134080.0,2026-03-20 23:19:00,133900.0,5,-0.13424821002386633,False,0.13424821002386633,True,1#еӨ§йҳҙ-0.09%;2#й•ҝдёӢеҪұйҳі+0.01%;3#дёӯйҳі+0.03%;4#й•ҝдёӢеҪұйҳі+0.02%;5#дёӯйҳі+0.05%,й•ҝдёӢеҪұйҳі
11,5,5,2026-03-20 23:15:00,134000.0,2026-03-20 23:20:00,133940.0,5,-0.04477611940298507,False,0.04477611940298507,True,1#й•ҝдёӢеҪұйҳі+0.01%;2#дёӯйҳі+0.03%;3#й•ҝдёӢеҪұйҳі+0.02%;4#дёӯйҳі+0.05%;5#й•ҝдёӢеҪұйҳі+0.04%,еӨ§йҳҙ
11,5,5,2026-03-20 23:32:00,134090.0,2026-03-20 23:37:00,134200.0,5,0.08203445447087777,True,-0.08203445447087777,False,1#дёӯйҳҙ-0.03%;2#еӨ§йҳі+0.07%;3#еҖ’T+0.01%;4#дёӯйҳі+0.03%;5#дёӯйҳі+0.02%,е°Ҹйҳҙ
11,5,5,2026-03-20 23:56:00,133960.0,2026-03-21 00:02:00,134050.0,5,0.06718423409973126,True,-0.06718423409973126,False,1#дёӯйҳҙ-0.04%;2#еӨ§йҳі+0.08%;3#дёӯйҳі+0.03%;4#еӨ§йҳі+0.06%;5#еӨ§йҳі+0.06%,еӨ§йҳҙ
11,5,5,2026-03-21 00:36:00,134320.0,2026-03-21 00:41:00,134230.0,5,-0.06700416914830255,False,0.06700416914830255,True,1#й•ҝдёӢеҪұйҳҙ-0.01%;2#й•ҝдёҠеҪұйҳі+0.01%;3#дёӯйҳі+0.02%;4#е°Ҹйҳі+0.01%;5#Tеӯ—+0.00%,еҖ’T
12,5,5,2026-03-19 00:10:00,134290.0,2026-03-19 00:16:00,134490.0,6,0.14893141708243354,True,-0.14893141708243354,False,1#еӨ§йҳҙ-0.03%;2#й•ҝдёҠеҪұйҳі+0.01%;3#еӨ§йҳі+0.03%;4#й•ҝдёҠеҪұйҳі+0.02%;5#й•ҝдёӢеҪұйҳҙ-0.01%,еӨ§йҳҙ
12,5,5,2026-03-19 00:18:00,134480.0,2026-03-19 00:24:00,134530.0,6,0.037180249851279,True,-0.037180249851279,False,1#й•ҝдёӢеҪұйҳҙ-0.01%;2#еӨ§йҳі+0.07%;3#дёӯйҳі+0.01%;4#еӨ§йҳі+0.11%;5#й•ҝдёҠеҪұйҳі+0.01%,еӨ§йҳҙ
12,5,5,2026-03-19 09:51:00,131850.0,2026-03-19 09:57:00,131890.0,6,0.030337504740235114,True,-0.030337504740235114,False,1#еӨ§йҳҙ-0.09%;2#еӨ§йҳі+0.12%;3#еӨ§йҳі+0.08%;4#дёӯйҳі+0.03%;5#дёӯйҳі+0.02%,дёӯйҳҙ
12,5,5,2026-03-19 10:35:00,132120.0,2026-03-19 10:41:00,132130.0,6,0.007568876778686043,True,-0.007568876778686043,False,1#дёӯйҳҙ-0.03%;2#еҚҒеӯ—жҳҹ+0.01%;3#еӨ§йҳі+0.06%;4#еӨ§йҳі+0.06%;5#еӨ§йҳі+0.08%,еҚҒеӯ—жҳҹ
12,5,5,2026-03-19 10:36:00,132250.0,2026-03-19 10:42:00,132200.0,6,-0.03780718336483932,False,0.03780718336483932,True,1#еҚҒеӯ—жҳҹ+0.01%;2#еӨ§йҳі+0.06%;3#еӨ§йҳі+0.06%;4#еӨ§йҳі+0.08%;5#еҚҒеӯ—жҳҹ+0.00%,еӨ§йҳі
12,5,5,2026-03-19 10:37:00,132370.0,2026-03-19 10:43:00,132260.0,6,-0.08310040039283825,False,0.08310040039283825,True,1#еӨ§йҳі+0.06%;2#еӨ§йҳі+0.06%;3#еӨ§йҳі+0.08%;4#еҚҒеӯ—жҳҹ+0.00%;5#еӨ§йҳі+0.10%,еӨ§йҳі
12,5,5,2026-03-19 10:38:00,132300.0,2026-03-19 10:44:00,132120.0,6,-0.13605442176870747,False,0.13605442176870747,True,1#еӨ§йҳі+0.06%;2#еӨ§йҳі+0.08%;3#еҚҒеӯ—жҳҹ+0.00%;4#еӨ§йҳі+0.10%;5#еӨ§йҳі+0.12%,еӨ§йҳҙ
12,5,5,2026-03-19 10:49:00,132270.0,2026-03-19 10:55:00,132090.0,6,-0.13608528010886822,False,0.13608528010886822,True,1#еӨ§йҳҙ-0.11%;2#дёӯйҳі+0.05%;3#е°Ҹйҳі+0.01%;4#й•ҝдёӢеҪұйҳі+0.02%;5#еӨ§йҳі+0.05%,дёӯйҳҙ
12,5,5,2026-03-19 14:15:00,130800.0,2026-03-19 14:21:00,131050.0,6,0.191131498470948,True,-0.191131498470948,False,1#й•ҝдёӢеҪұйҳҙ-0.04%;2#дёӯйҳі+0.08%;3#еӨ§йҳі+0.15%;4#еӨ§йҳі+0.14%;5#еӨ§йҳі+0.08%,е°Ҹйҳі
12,5,5,2026-03-19 14:16:00,130810.0,2026-03-19 14:22:00,130970.0,6,0.12231480773641158,True,-0.12231480773641158,False,1#дёӯйҳі+0.08%;2#еӨ§йҳі+0.15%;3#еӨ§йҳі+0.14%;4#еӨ§йҳі+0.08%;5#е°Ҹйҳі+0.03%,еҚҒеӯ—жҳҹ
12,5,5,2026-03-19 14:17:00,130870.0,2026-03-19 14:23:00,130820.0,6,-0.038205853136700545,False,0.038205853136700545,True,1#еӨ§йҳі+0.15%;2#еӨ§йҳі+0.14%;3#еӨ§йҳі+0.08%;4#е°Ҹйҳі+0.03%;5#еҚҒеӯ—жҳҹ+0.02%,дёӯйҳі
12,5,5,2026-03-19 14:18:00,130920.0,2026-03-19 14:24:00,130760.0,6,-0.12221203788573175,False,0.12221203788573175,True,1#еӨ§йҳі+0.14%;2#еӨ§йҳі+0.08%;3#е°Ҹйҳі+0.03%;4#еҚҒеӯ—жҳҹ+0.02%;5#дёӯйҳі+0.05%,дёӯйҳі
12,5,5,2026-03-19 14:19:00,131020.0,2026-03-19 14:25:00,130940.0,6,-0.0610593802472905,False,0.0610593802472905,True,1#еӨ§йҳі+0.08%;2#е°Ҹйҳі+0.03%;3#еҚҒеӯ—жҳҹ+0.02%;4#дёӯйҳі+0.05%;5#дёӯйҳі+0.06%,дёӯйҳі
12,5,5,2026-03-19 14:20:00,131050.0,2026-03-19 14:26:00,131000.0,6,-0.03815337657382679,False,0.03815337657382679,True,1#е°Ҹйҳі+0.03%;2#еҚҒеӯ—жҳҹ+0.02%;3#дёӯйҳі+0.05%;4#дёӯйҳі+0.06%;5#дёӯйҳі+0.08%,й•ҝдёҠеҪұйҳі
12,5,5,2026-03-19 14:21:00,131050.0,2026-03-19 14:27:00,131020.0,6,-0.022892025944296072,False,0.022892025944296072,True,1#еҚҒеӯ—жҳҹ+0.02%;2#дёӯйҳі+0.05%;3#дёӯйҳі+0.06%;4#дёӯйҳі+0.08%;5#й•ҝдёҠеҪұйҳі+0.02%,Tеӯ—
12,5,5,2026-03-19 14:29:00,131400.0,2026-03-19 14:35:00,131460.0,6,0.045662100456621,True,-0.045662100456621,False,1#дёӯйҳҙ-0.05%;2#еӨ§йҳі+0.13%;3#й•ҝдёӢеҪұйҳі+0.04%;4#дёӯйҳі+0.03%;5#еӨ§йҳі+0.18%,дёӯйҳі
12,5,5,2026-03-19 14:30:00,131570.0,2026-03-19 14:36:00,131200.0,6,-0.2812191229003572,False,0.2812191229003572,True,1#еӨ§йҳі+0.13%;2#й•ҝдёӢеҪұйҳі+0.04%;3#дёӯйҳі+0.03%;4#еӨ§йҳі+0.18%;5#дёӯйҳі+0.11%,еӨ§йҳі
12,5,5,2026-03-19 14:31:00,131610.0,2026-03-19 14:37:00,131250.0,6,-0.2735354456348302,False,0.2735354456348302,True,1#й•ҝдёӢеҪұйҳі+0.04%;2#дёӯйҳі+0.03%;3#еӨ§йҳі+0.18%;4#дёӯйҳі+0.11%;5#еӨ§йҳі+0.13%,й•ҝдёӢеҪұйҳі
12,5,5,2026-03-19 14:32:00,131490.0,2026-03-19 14:38:00,131070.0,6,-0.31941592516541184,False,0.31941592516541184,True,1#дёӯйҳі+0.03%;2#еӨ§йҳі+0.18%;3#дёӯйҳі+0.11%;4#еӨ§йҳі+0.13%;5#й•ҝдёӢеҪұйҳі+0.04%,еӨ§йҳҙ
12,5,5,2026-03-19 14:56:00,131390.0,2026-03-19 21:02:00,129370.0,6,-1.5374077174823046,False,1.5374077174823046,True,1#й•ҝдёӢеҪұйҳҙ-0.02%;2#дёӯйҳі+0.03%;3#еӨ§йҳі+0.08%;4#еӨ§йҳі+0.08%;5#еӨ§йҳі+0.10%,й•ҝдёӢеҪұйҳі
12,5,5,2026-03-19 14:57:00,131430.0,2026-03-19 21:03:00,128990.0,6,-1.8565015597656547,False,1.8565015597656547,True,1#дёӯйҳі+0.03%;2#еӨ§йҳі+0.08%;3#еӨ§йҳі+0.08%;4#еӨ§йҳі+0.10%;5#й•ҝдёӢеҪұйҳі+0.05%,дёӯйҳі
12,5,5,2026-03-19 14:58:00,131460.0,2026-03-19 21:04:00,129170.0,6,-1.7419747451696332,False,1.7419747451696332,True,1#еӨ§йҳі+0.08%;2#еӨ§йҳі+0.08%;3#еӨ§йҳі+0.10%;4#й•ҝдёӢеҪұйҳі+0.05%;5#дёӯйҳі+0.05%,дёӯйҳі
12,5,5,2026-03-19 14:59:00,131510.0,2026-03-19 21:05:00,129640.0,6,-1.4219450992319975,False,1.4219450992319975,True,1#еӨ§йҳі+0.08%;2#еӨ§йҳі+0.10%;3#й•ҝдёӢеҪұйҳі+0.05%;4#дёӯйҳі+0.05%;5#дёӯйҳі+0.03%,еӨ§йҳі
12,5,5,2026-03-19 15:00:00,131550.0,2026-03-19 21:06:00,129870.0,6,-1.2770809578107183,False,1.2770809578107183,True,1#еӨ§йҳі+0.10%;2#й•ҝдёӢеҪұйҳі+0.05%;3#дёӯйҳі+0.05%;4#дёӯйҳі+0.03%;5#еӨ§йҳі+0.08%,дёҖеӯ—жқҝ
12,5,5,2026-03-19 21:01:00,129230.0,2026-03-19 21:07:00,129850.0,6,0.47976476050452677,True,-0.47976476050452677,False,1#й•ҝдёӢеҪұйҳі+0.05%;2#дёӯйҳі+0.05%;3#дёӯйҳі+0.03%;4#еӨ§йҳі+0.08%;5#дёҖеӯ—жқҝ+0.00%,й•ҝдёӢеҪұйҳі
12,5,5,2026-03-19 21:17:00,129930.0,2026-03-19 21:23:00,130310.0,6,0.2924651735549912,True,-0.2924651735549912,False,1#еҖ’T+0.00%;2#дёӯйҳі+0.13%;3#й•ҝдёӢеҪұйҳі+0.03%;4#еӨ§йҳі+0.09%;5#дёӯйҳі+0.04%,еӨ§йҳі
12,5,5,2026-03-19 21:18:00,130100.0,2026-03-19 21:24:00,130250.0,6,0.11529592621060722,True,-0.11529592621060722,False,1#дёӯйҳі+0.13%;2#й•ҝдёӢеҪұйҳі+0.03%;3#еӨ§йҳі+0.09%;4#дёӯйҳі+0.04%;5#еӨ§йҳі+0.07%,еӨ§йҳі
12,5,5,2026-03-19 21:19:00,130150.0,2026-03-19 21:25:00,130420.0,6,0.20745293891663466,True,-0.20745293891663466,False,1#й•ҝдёӢеҪұйҳі+0.03%;2#еӨ§йҳі+0.09%;3#дёӯйҳі+0.04%;4#еӨ§йҳі+0.07%;5#еӨ§йҳі+0.12%,й•ҝдёҠеҪұйҳі
12,5,5,2026-03-19 21:20:00,130290.0,2026-03-19 21:26:00,130350.0,6,0.046051116739580934,True,-0.046051116739580934,False,1#еӨ§йҳі+0.09%;2#дёӯйҳі+0.04%;3#еӨ§йҳі+0.07%;4#еӨ§йҳі+0.12%;5#й•ҝдёҠеҪұйҳі+0.02%,дёӯйҳі
12,5,5,2026-03-19 21:21:00,130480.0,2026-03-19 21:27:00,130500.0,6,0.015328019619865112,True,-0.015328019619865112,False,1#дёӯйҳі+0.04%;2#еӨ§йҳі+0.07%;3#еӨ§йҳі+0.12%;4#й•ҝдёҠеҪұйҳі+0.02%;5#дёӯйҳі+0.12%,й•ҝдёҠеҪұйҳі
12,5,5,2026-03-19 21:22:00,130330.0,2026-03-19 21:28:00,130410.0,6,0.06138264405739278,True,-0.06138264405739278,False,1#еӨ§йҳі+0.07%;2#еӨ§йҳі+0.12%;3#й•ҝдёҠеҪұйҳі+0.02%;4#дёӯйҳі+0.12%;5#й•ҝдёҠеҪұйҳі+0.01%,дёӯйҳҙ
12,5,5,2026-03-19 21:54:00,131250.0,2026-03-19 22:00:00,131750.0,6,0.38095238095238093,True,-0.38095238095238093,False,1#еӨ§йҳҙ-0.08%;2#еӨ§йҳі+0.13%;3#е°Ҹйҳі+0.01%;4#еӨ§йҳі+0.08%;5#еӨ§йҳі+0.11%,дёӯйҳі
12,5,5,2026-03-19 21:55:00,131300.0,2026-03-19 22:01:00,131820.0,6,0.39603960396039606,True,-0.39603960396039606,False,1#еӨ§йҳі+0.13%;2#е°Ҹйҳі+0.01%;3#еӨ§йҳі+0.08%;4#еӨ§йҳі+0.11%;5#дёӯйҳі+0.02%,дёӯйҳі
12,5,5,2026-03-19 21:56:00,131400.0,2026-03-19 22:02:00,132220.0,6,0.624048706240487,True,-0.624048706240487,False,1#е°Ҹйҳі+0.01%;2#еӨ§йҳі+0.08%;3#еӨ§йҳі+0.11%;4#дёӯйҳі+0.02%;5#дёӯйҳі+0.04%,еҚҒеӯ—жҳҹ
12,5,5,2026-03-19 21:57:00,131440.0,2026-03-19 22:03:00,132280.0,6,0.6390748630553865,True,-0.6390748630553865,False,1#еӨ§йҳі+0.08%;2#еӨ§йҳі+0.11%;3#дёӯйҳі+0.02%;4#дёӯйҳі+0.04%;5#еҚҒеӯ—жҳҹ+0.00%,й•ҝдёҠеҪұйҳі
12,5,5,2026-03-19 21:58:00,131550.0,2026-03-19 22:04:00,132010.0,6,0.34967692892436336,True,-0.34967692892436336,False,1#еӨ§йҳі+0.11%;2#дёӯйҳі+0.02%;3#дёӯйҳі+0.04%;4#еҚҒеӯ—жҳҹ+0.00%;5#й•ҝдёҠеҪұйҳі+0.03%,дёӯйҳі
12,5,5,2026-03-19 21:59:00,131710.0,2026-03-19 22:05:00,131910.0,6,0.15184875863639816,True,-0.15184875863639816,False,1#дёӯйҳі+0.02%;2#дёӯйҳі+0.04%;3#еҚҒеӯ—жҳҹ+0.00%;4#й•ҝдёҠеҪұйҳі+0.03%;5#дёӯйҳі+0.02%,еӨ§йҳі
12,5,5,2026-03-19 22:00:00,131750.0,2026-03-19 22:06:00,132130.0,6,0.2884250474383302,True,-0.2884250474383302,False,1#дёӯйҳі+0.04%;2#еҚҒеӯ—жҳҹ+0.00%;3#й•ҝдёҠеҪұйҳі+0.03%;4#дёӯйҳі+0.02%;5#еӨ§йҳі+0.16%,е°Ҹйҳі
12,5,5,2026-03-19 22:01:00,131820.0,2026-03-19 22:07:00,131980.0,6,0.12137763617053557,True,-0.12137763617053557,False,1#еҚҒеӯ—жҳҹ+0.00%;2#й•ҝдёҠеҪұйҳі+0.03%;3#дёӯйҳі+0.02%;4#еӨ§йҳі+0.16%;5#е°Ҹйҳі+0.03%,еӨ§йҳі
12,5,5,2026-03-19 22:02:00,132220.0,2026-03-19 22:08:00,131930.0,6,-0.2193314173347451,False,0.2193314173347451,True,1#й•ҝдёҠеҪұйҳі+0.03%;2#дёӯйҳі+0.02%;3#еӨ§йҳі+0.16%;4#е°Ҹйҳі+0.03%;5#еӨ§йҳі+0.05%,еӨ§йҳҙ
12,5,5,2026-03-19 22:03:00,132280.0,2026-03-19 22:09:00,131960.0,6,-0.24191109767160568,False,0.24191109767160568,True,1#дёӯйҳі+0.02%;2#еӨ§йҳі+0.16%;3#е°Ҹйҳі+0.03%;4#еӨ§йҳі+0.05%;5#еӨ§йҳҙ-0.05%,еӨ§йҳҙ
12,5,5,2026-03-19 22:04:00,132010.0,2026-03-19 22:10:00,132040.0,6,0.022725551094614046,True,-0.022725551094614046,False,1#еӨ§йҳі+0.16%;2#е°Ҹйҳі+0.03%;3#еӨ§йҳі+0.05%;4#еӨ§йҳҙ-0.05%;5#еӨ§йҳҙ-0.09%,дёӯйҳҙ
12,5,5,2026-03-19 22:13:00,132350.0,2026-03-19 22:19:00,132740.0,6,0.29467321496033244,True,-0.29467321496033244,False,1#дёӯйҳҙ-0.07%;2#й•ҝдёӢеҪұйҳі+0.02%;3#дёӯйҳі+0.02%;4#дёӯйҳі+0.05%;5#й•ҝдёӢеҪұйҳі+0.02%,еӨ§йҳҙ
12,5,5,2026-03-19 22:14:00,132240.0,2026-03-19 22:20:00,132710.0,6,0.35541439806412584,True,-0.35541439806412584,False,1#й•ҝдёӢеҪұйҳі+0.02%;2#дёӯйҳі+0.02%;3#дёӯйҳі+0.05%;4#й•ҝдёӢеҪұйҳі+0.02%;5#еӨ§йҳҙ-0.10%,й•ҝдёӢеҪұйҳі
12,5,5,2026-03-19 22:20:00,132710.0,2026-03-19 22:26:00,132570.0,6,-0.10549318061939567,False,0.10549318061939567,True,1#еӨ§йҳҙ-0.04%;2#дёӯйҳі+0.03%;3#й•ҝдёҠеҪұйҳі+0.07%;4#еӨ§йҳі+0.08%;5#еӨ§йҳі+0.13%,еӨ§йҳі
12,5,5,2026-03-19 22:53:00,133100.0,2026-03-19 22:59:00,133530.0,6,0.3230653643876784,True,-0.3230653643876784,False,1#дёӯйҳҙ-0.05%;2#еӨ§йҳі+0.02%;3#еӨ§йҳі+0.02%;4#еӨ§йҳі+0.08%;5#еӨ§йҳі+0.11%,й•ҝдёӢеҪұйҳі
12,5,5,2026-03-19 22:54:00,133460.0,2026-03-19 23:00:00,133470.0,6,0.00749288176232579,True,-0.00749288176232579,False,1#еӨ§йҳі+0.02%;2#еӨ§йҳі+0.02%;3#еӨ§йҳі+0.08%;4#еӨ§йҳі+0.11%;5#й•ҝдёӢеҪұйҳі+0.02%,й•ҝдёҠеҪұйҳі
12,5,5,2026-03-19 22:55:00,133670.0,2026-03-19 23:01:00,133490.0,6,-0.13465998354155756,False,0.13465998354155756,True,1#еӨ§йҳі+0.02%;2#еӨ§йҳі+0.08%;3#еӨ§йҳі+0.11%;4#й•ҝдёӢеҪұйҳі+0.02%;5#й•ҝдёҠеҪұйҳі+0.01%,еӨ§йҳі
12,5,5,2026-03-19 22:56:00,133550.0,2026-03-19 23:02:00,133530.0,6,-0.014975664545114188,False,0.014975664545114188,True,1#еӨ§йҳі+0.08%;2#еӨ§йҳі+0.11%;3#й•ҝдёӢеҪұйҳі+0.02%;4#й•ҝдёҠеҪұйҳі+0.01%;5#еӨ§йҳі+0.22%,еҚҒеӯ—жҳҹ
12,5,5,2026-03-19 23:05:00,133930.0,2026-03-19 23:11:00,134000.0,6,0.052266109161502275,True,-0.052266109161502275,False,1#еҖ’T+0.00%;2#й•ҝдёҠеҪұйҳі+0.01%;3#й•ҝдёҠеҪұйҳі+0.01%;4#еӨ§йҳі+0.08%;5#еӨ§йҳі+0.12%,дёӯйҳі
12,5,5,2026-03-19 23:06:00,134100.0,2026-03-19 23:12:00,133910.0,6,-0.14168530947054436,False,0.14168530947054436,True,1#й•ҝдёҠеҪұйҳі+0.01%;2#й•ҝдёҠеҪұйҳі+0.01%;3#еӨ§йҳі+0.08%;4#еӨ§йҳі+0.12%;5#дёӯйҳі+0.11%,дёӯйҳі
12,5,5,2026-03-19 23:07:00,134250.0,2026-03-19 23:13:00,134150.0,6,-0.07448789571694599,False,0.07448789571694599,True,1#й•ҝдёҠеҪұйҳі+0.01%;2#еӨ§йҳі+0.08%;3#еӨ§йҳі+0.12%;4#дёӯйҳі+0.11%;5#дёӯйҳі+0.13%,й•ҝдёҠеҪұйҳі
12,5,5,2026-03-19 23:08:00,134070.0,2026-03-19 23:14:00,134130.0,6,0.0447527411053927,True,-0.0447527411053927,False,1#еӨ§йҳі+0.08%;2#еӨ§йҳі+0.12%;3#дёӯйҳі+0.11%;4#дёӯйҳі+0.13%;5#й•ҝдёҠеҪұйҳі+0.10%,еӨ§йҳҙ
12,5,5,2026-03-19 23:47:00,133800.0,2026-03-19 23:53:00,134100.0,6,0.2242152466367713,True,-0.2242152466367713,False,1#дёӯйҳҙ-0.06%;2#е°Ҹйҳі+0.02%;3#еӨ§йҳі+0.08%;4#й•ҝдёҠеҪұйҳі+0.01%;5#еӨ§йҳі+0.19%,еӨ§йҳҙ
12,5,5,2026-03-19 23:52:00,134090.0,2026-03-19 23:58:00,134030.0,6,-0.04474606607502424,False,0.04474606607502424,True,1#еӨ§йҳҙ-0.09%;2#дёӯйҳі+0.03%;3#еӨ§йҳі+0.11%;4#Tеӯ—+0.01%;5#й•ҝдёӢеҪұйҳі+0.01%,й•ҝдёҠеҪұйҳі
12,5,5,2026-03-19 23:53:00,134100.0,2026-03-19 23:59:00,134060.0,6,-0.02982848620432513,False,0.02982848620432513,True,1#дёӯйҳі+0.03%;2#еӨ§йҳі+0.11%;3#Tеӯ—+0.01%;4#й•ҝдёӢеҪұйҳі+0.01%;5#й•ҝдёҠеҪұйҳі+0.05%,й•ҝдёӢеҪұйҳі
12,5,5,2026-03-19 23:54:00,134040.0,2026-03-20 00:00:00,134060.0,6,0.014920919128618324,True,-0.014920919128618324,False,1#еӨ§йҳі+0.11%;2#Tеӯ—+0.01%;3#й•ҝдёӢеҪұйҳі+0.01%;4#й•ҝдёҠеҪұйҳі+0.05%;5#й•ҝдёӢеҪұйҳі+0.01%,дёӯйҳҙ
12,5,5,2026-03-20 00:10:00,134240.0,2026-03-20 00:16:00,134050.0,6,-0.14153754469606675,False,0.14153754469606675,True,1#еӨ§йҳҙ-0.04%;2#еҚҒеӯ—жҳҹ+0.00%;3#дёӯйҳі+0.05%;4#дёӯйҳі+0.13%;5#е°Ҹйҳі+0.01%,дёӯйҳҙ
12,5,5,2026-03-20 09:18:00,135050.0,2026-03-20 09:24:00,135380.0,6,0.24435394298407997,True,-0.24435394298407997,False,1#еӨ§йҳҙ-0.14%;2#й•ҝдёӢеҪұйҳі+0.04%;3#еӨ§йҳі+0.18%;4#дёӯйҳҙ-0.01%;5#й•ҝдёҠеҪұйҳі+0.04%,еӨ§йҳҙ
12,5,5,2026-03-20 09:19:00,135040.0,2026-03-20 09:25:00,135440.0,6,0.2962085308056872,True,-0.2962085308056872,False,1#й•ҝдёӢеҪұйҳі+0.04%;2#еӨ§йҳі+0.18%;3#дёӯйҳҙ-0.01%;4#й•ҝдёҠеҪұйҳі+0.04%;5#еӨ§йҳҙ-0.06%,й•ҝдёӢеҪұйҳҙ
12,5,5,2026-03-20 10:36:00,134850.0,2026-03-20 10:42:00,134570.0,6,-0.20763811642565813,False,0.20763811642565813,True,1#й•ҝдёҠеҪұйҳҙ-0.04%;2#еҚҒеӯ—жҳҹ-0.01%;3#й•ҝдёӢеҪұйҳі+0.02%;4#дёӯйҳҙ-0.03%;5#дёӯйҳі+0.04%,дёӯйҳі
12,5,5,2026-03-20 10:37:00,134770.0,2026-03-20 10:43:00,134680.0,6,-0.06678044075090896,False,0.06678044075090896,True,1#еҚҒеӯ—жҳҹ-0.01%;2#й•ҝдёӢеҪұйҳі+0.02%;3#дёӯйҳҙ-0.03%;4#дёӯйҳі+0.04%;5#дёӯйҳі+0.03%,дёӯйҳі
12,5,5,2026-03-20 13:57:00,133580.0,2026-03-20 14:03:00,133960.0,6,0.28447372361131906,True,-0.28447372361131906,False,1#еӨ§йҳҙ-0.05%;2#дёӯйҳі+0.02%;3#еӨ§йҳі+0.06%;4#й•ҝдёӢеҪұйҳі+0.01%;5#й•ҝдёӢеҪұйҳі+0.04%,й•ҝдёҠеҪұйҳі
12,5,5,2026-03-20 13:58:00,133540.0,2026-03-20 14:04:00,134110.0,6,0.4268384004792572,True,-0.4268384004792572,False,1#дёӯйҳі+0.02%;2#еӨ§йҳі+0.06%;3#й•ҝдёӢеҪұйҳі+0.01%;4#й•ҝдёӢеҪұйҳі+0.04%;5#й•ҝдёҠеҪұйҳі+0.04%,дёӯйҳҙ
12,5,5,2026-03-20 14:04:00,134110.0,2026-03-20 14:10:00,133860.0,6,-0.18641413764819925,False,0.18641413764819925,True,1#дёӯйҳҙ-0.02%;2#еӨ§йҳі+0.03%;3#еӨ§йҳі+0.10%;4#дёӯйҳі+0.04%;5#дёӯйҳі+0.04%,дёӯйҳі
12,5,5,2026-03-20 14:05:00,134040.0,2026-03-20 14:11:00,133630.0,6,-0.30587884213667565,False,0.30587884213667565,True,1#еӨ§йҳі+0.03%;2#еӨ§йҳі+0.10%;3#дёӯйҳі+0.04%;4#дёӯйҳі+0.04%;5#дёӯйҳі+0.10%,дёӯйҳі
12,5,5,2026-03-20 14:53:00,133400.0,2026-03-20 14:59:00,133200.0,6,-0.14992503748125938,False,0.14992503748125938,True,1#еӨ§йҳҙ-0.16%;2#й•ҝдёӢеҪұйҳі+0.02%;3#е°Ҹйҳі+0.01%;4#й•ҝдёҠеҪұйҳі+0.04%;5#дёӯйҳі+0.03%,дёӯйҳҙ
12,5,5,2026-03-20 22:41:00,133760.0,2026-03-20 22:47:00,133640.0,6,-0.08971291866028708,False,0.08971291866028708,True,1#еӨ§йҳҙ-0.07%;2#дёӯйҳі+0.04%;3#й•ҝдёӢеҪұйҳі+0.01%;4#дёӯйҳі+0.02%;5#еӨ§йҳі+0.07%,дёӯйҳі
12,5,5,2026-03-20 22:42:00,133570.0,2026-03-20 22:48:00,133530.0,6,-0.02994684435127648,False,0.02994684435127648,True,1#дёӯйҳі+0.04%;2#й•ҝдёӢеҪұйҳі+0.01%;3#дёӯйҳі+0.02%;4#еӨ§йҳі+0.07%;5#дёӯйҳі+0.06%,еӨ§йҳҙ
12,5,5,2026-03-20 22:55:00,134030.0,2026-03-20 23:01:00,134200.0,6,0.1268372752368873,True,-0.1268372752368873,False,1#дёӯйҳҙ-0.04%;2#й•ҝдёҠеҪұйҳі+0.01%;3#еӨ§йҳі+0.10%;4#е°Ҹйҳі+0.02%;5#еӨ§йҳі+0.19%,еӨ§йҳҙ
12,5,5,2026-03-20 23:14:00,134080.0,2026-03-20 23:20:00,133940.0,6,-0.10441527446300716,False,0.10441527446300716,True,1#еӨ§йҳҙ-0.09%;2#й•ҝдёӢеҪұйҳі+0.01%;3#дёӯйҳі+0.03%;4#й•ҝдёӢеҪұйҳі+0.02%;5#дёӯйҳі+0.05%,й•ҝдёӢеҪұйҳі
12,5,5,2026-03-20 23:15:00,134000.0,2026-03-20 23:21:00,133910.0,6,-0.06716417910447761,False,0.06716417910447761,True,1#й•ҝдёӢеҪұйҳі+0.01%;2#дёӯйҳі+0.03%;3#й•ҝдёӢеҪұйҳі+0.02%;4#дёӯйҳі+0.05%;5#й•ҝдёӢеҪұйҳі+0.04%,еӨ§йҳҙ
12,5,5,2026-03-20 23:32:00,134090.0,2026-03-20 23:38:00,134270.0,6,0.1342381982250727,True,-0.1342381982250727,False,1#дёӯйҳҙ-0.03%;2#еӨ§йҳі+0.07%;3#еҖ’T+0.01%;4#дёӯйҳі+0.03%;5#дёӯйҳі+0.02%,е°Ҹйҳҙ
12,5,5,2026-03-20 23:56:00,133960.0,2026-03-21 00:03:00,134010.0,6,0.0373245744998507,True,-0.0373245744998507,False,1#дёӯйҳҙ-0.04%;2#еӨ§йҳі+0.08%;3#дёӯйҳі+0.03%;4#еӨ§йҳі+0.06%;5#еӨ§йҳі+0.06%,еӨ§йҳҙ
12,5,5,2026-03-21 00:36:00,134320.0,2026-03-21 00:42:00,134230.0,6,-0.06700416914830255,False,0.06700416914830255,True,1#й•ҝдёӢеҪұйҳҙ-0.01%;2#й•ҝдёҠеҪұйҳі+0.01%;3#дёӯйҳі+0.02%;4#е°Ҹйҳі+0.01%;5#Tеӯ—+0.00%,еҖ’T
